mah_id,mah_name,ilce_name,current_score,future_potential_score,predicted_score_5y,score_change_5y,future_class,growth_built_growth,growth_ntl_growth,growth_poi_vitality,growth_accessibility,growth_pop_dynamics,growth_urban_form,risk_flood_risk,risk_noise_risk,risk_heat_risk,risk_low_green,risk_overcrowding
akseki_aksahap,AKŞAHAP,Akseki,3.4793362271586714,20.72,0.55,-2.93,Risk Altinda,19.08,23.03,8.44,8.55,69.52,5.37,5.37,17.65,6.47,2.85,10.64
akseki_alacesme,ALAÇEŞME,Akseki,0.493601917163022,21.38,0.0,-0.49,Risk Altinda,33.88,45.72,3.78,11.18,10.42,22.7,10.09,17.65,27.08,21.16,38.6
akseki_asagiasiklar,AŞAĞIAŞIKLAR,Akseki,0.7756601555418919,8.66,0.0,-0.78,Risk Altinda,34.43,10.2,3.78,4.93,44.41,19.85,35.96,17.65,16.56,4.39,32.57
akseki_bademli,BADEMLİ,Akseki,15.52618014104268,15.57,12.08,-3.44,Risk Altinda,9.1,34.76,18.86,4.61,73.25,17.11,38.05,39.36,5.04,25.22,15.68
akseki_belenalan,BELENALAN,Akseki,1.7628639898679357,24.78,0.0,-1.76,Risk Altinda,36.07,43.31,13.49,12.39,7.68,23.25,23.68,17.65,16.67,6.36,38.05
akseki_bucakalan,BUCAKALAN,Akseki,0.0705145595947174,24.01,0.0,-0.07,Risk Altinda,25.66,37.28,3.78,22.92,71.49,26.64,41.78,17.65,23.79,25.99,25.33
akseki_bucakkisla,BUCAKKIŞLA,Akseki,0.9166892747313268,8.33,0.0,-0.92,Risk Altinda,1.43,27.3,23.36,11.84,33.5,13.16,32.57,17.65,12.72,18.31,0.71
akseki_buyukalan,BÜYÜKALAN,Akseki,27.46534183391261,54.93,28.45,0.99,Orta Potansiyel,41.12,59.43,50.33,51.64,42.32,39.36,41.67,43.64,38.93,35.42,46.27
akseki_ceceler,CECELER,Akseki,6.112497739180734,7.35,1.85,-4.27,Risk Altinda,40.68,8.33,8.88,4.39,1.43,40.68,32.24,17.65,4.71,32.89,41.45
akseki_cemerler,CEMERLER,Akseki,2.985734309995649,11.4,0.0,-2.99,Risk Altinda,43.31,8.0,12.94,30.7,17.98,39.04,43.2,17.65,44.08,20.07,39.8
akseki_cendeve,CENDEVE,Akseki,0.2115436787841523,12.5,0.0,-0.21,Risk Altinda,5.59,16.45,3.78,14.58,94.41,14.58,24.67,17.65,19.85,9.65,7.13
akseki_cevizli,CEVİZLİ,Akseki,27.606370953102044,47.81,27.39,-0.22,Orta Potansiyel,47.15,43.2,49.45,47.59,13.6,24.45,35.75,38.38,9.43,26.86,45.5
akseki_demirciler,DEMİRCİLER,Akseki,33.924760354430774,87.72,41.47,7.54,Yuksek Potansiyel,73.25,89.25,81.03,87.39,24.34,81.58,61.84,78.62,48.03,80.37,80.59
akseki_degirmenlik,DEĞİRMENLİK,Akseki,10.653260083175836,14.47,7.1,-3.55,Risk Altinda,39.58,25.66,21.05,4.17,6.03,6.91,30.92,17.65,0.44,26.97,35.86
akseki_dutluca,DUTLUCA,Akseki,1.1282329535154791,35.86,0.0,-1.13,Dusuk Potansiyel,13.27,64.47,3.78,29.17,86.95,43.53,45.72,17.65,30.04,48.57,15.02
akseki_dikmen,DİKMEN,Akseki,2.2564659070309583,12.39,0.0,-2.26,Risk Altinda,30.04,31.8,9.98,2.3,8.33,11.4,29.82,17.65,4.82,7.02,27.63
akseki_emirasiklar,EMİRAŞIKLAR,Akseki,2.7036760716167803,16.78,0.0,-2.7,Risk Altinda,24.12,17.54,45.18,24.89,30.59,37.83,40.02,17.65,43.86,36.07,27.96
akseki_erenyaka,ERENYAKA,Akseki,0.8461747151366092,6.14,0.0,-0.85,Risk Altinda,34.54,13.6,3.78,2.74,8.66,9.87,14.36,17.65,13.71,3.51,39.58
akseki_fakilar,FAKILAR,Akseki,23.459034183349893,94.08,32.27,8.82,Yuksek Potansiyel,71.38,86.07,61.84,80.59,35.42,84.98,29.28,17.65,58.11,50.22,76.54
akseki_geris,GERİŞ,Akseki,6.535585096749038,17.0,3.24,-3.3,Risk Altinda,19.41,14.69,26.86,25.88,19.63,3.62,0.77,17.65,4.93,4.61,29.82
akseki_gumusdamla,GÜMÜŞDAMLA,Akseki,6.982795261334861,4.93,2.48,-4.51,Risk Altinda,36.4,13.16,3.78,2.08,6.69,4.28,21.38,17.65,2.74,30.15,28.51
akseki_guneykaya,GÜNEYKAYA,Akseki,6.747128775533192,7.24,2.47,-4.28,Risk Altinda,5.15,16.67,3.78,5.15,80.92,0.99,17.87,17.65,16.01,3.73,16.45
akseki_gunyaka,GÜNYAKA,Akseki,2.844705190806215,23.68,0.21,-2.63,Risk Altinda,20.83,36.18,9.76,0.66,67.87,4.71,15.35,17.65,2.3,0.99,17.65
akseki_guzelsu,GÜZELSU,Akseki,5.125293904854691,5.92,0.72,-4.41,Risk Altinda,31.03,10.09,25.0,5.04,1.64,3.07,12.61,17.65,0.88,41.67,35.96
akseki_guclukoy,GÜÇLÜKÖY,Akseki,23.672431723591885,18.42,20.51,-3.16,Risk Altinda,29.06,5.92,38.93,25.22,41.01,17.65,17.76,38.16,15.35,17.0,32.46
akseki_haci_ilyas,HACI İLYAS,Akseki,27.53585639350733,84.54,34.44,6.91,Yuksek Potansiyel,45.39,78.18,64.69,72.15,14.69,53.51,0.55,17.65,20.61,23.57,58.55
akseki_hocakoy,HOCAKÖY,Akseki,5.266323024044126,4.17,0.68,-4.58,Risk Altinda,13.71,21.82,3.78,13.82,23.9,3.95,17.11,17.65,33.11,2.63,29.93
akseki_husamettinkoy,HÜSAMETTİNKÖY,Akseki,0.5641164767577396,11.29,0.0,-0.56,Risk Altinda,20.39,38.27,3.78,14.04,31.36,20.72,48.79,17.65,18.31,19.96,24.89
akseki_karakisla,KARAKIŞLA,Akseki,2.4680095858151105,4.5,0.0,-2.47,Risk Altinda,20.07,12.5,3.78,0.55,50.88,2.85,27.08,17.65,0.66,32.46,21.71
akseki_kepez,KEPEZ,Akseki,9.734716946986676,33.22,8.06,-1.68,Dusuk Potansiyel,27.96,40.79,9.43,9.54,85.09,6.03,4.06,17.65,28.95,5.15,13.38
akseki_mahmutlu,MAHMUTLU,Akseki,11.05407849518446,26.86,8.74,-2.31,Dusuk Potansiyel,31.58,11.62,35.96,25.11,54.93,17.43,25.55,17.65,13.49,10.2,29.5
akseki_mentesbey,MENTEŞBEY,Akseki,0.634631036352457,10.64,0.0,-0.63,Risk Altinda,14.04,14.91,3.78,3.29,75.55,0.44,13.82,17.65,11.62,0.0,9.21
akseki_minareli,MİNARELİ,Akseki,0.1410291191894349,7.57,0.0,-0.14,Risk Altinda,1.43,30.92,3.78,17.98,33.5,8.88,24.45,17.65,21.16,5.04,0.71
akseki_sadiklar,SADIKLAR,Akseki,3.6203653463481063,13.49,0.0,-3.62,Risk Altinda,14.8,10.96,11.51,16.89,49.45,28.29,24.56,17.65,2.85,4.28,21.38
akseki_salihler,SALİHLER,Akseki,5.68941038161243,10.09,1.7,-3.99,Risk Altinda,7.35,22.48,29.82,5.59,57.46,15.13,38.27,42.11,9.21,4.5,21.27
akseki_sarihacilar,SARIHACILAR,Akseki,29.52324109236426,83.11,36.15,6.62,Yuksek Potansiyel,36.73,73.9,58.22,63.93,86.62,55.92,35.31,17.65,25.22,29.39,33.99
akseki_sarihaliller,SARIHALİLLER,Akseki,0.2820582383788698,4.28,0.0,-0.28,Risk Altinda,17.43,31.47,3.78,1.64,35.31,14.47,38.38,17.65,40.02,23.79,25.22
manavgat_sevinckoy,SEVİNÇKÖY,Manavgat,2.1154367878415234,10.31,0.0,-2.12,Risk Altinda,3.73,28.29,11.84,0.0,97.04,0.22,30.15,17.65,27.96,21.71,1.86
akseki_susuzsahap,SUSUZŞAHAP,Akseki,2.044922228246805,8.99,0.0,-2.04,Risk Altinda,46.6,16.89,3.78,0.99,0.77,13.93,20.18,17.65,0.55,30.48,43.2
akseki_suleymaniye,SÜLEYMANİYE,Akseki,22.230602278848675,25.77,19.81,-2.42,Dusuk Potansiyel,30.81,23.79,27.08,36.4,23.03,34.43,33.22,39.8,4.17,22.59,36.84
akseki_sinanhoca,SİNANHOCA,Akseki,10.888926568977508,41.23,10.01,-0.88,Dusuk Potansiyel,21.6,30.04,28.73,29.28,85.96,28.73,17.65,17.65,18.86,4.93,14.36
akseki_taslica,TAŞLICA,Akseki,20.720112135968588,28.51,18.57,-2.15,Dusuk Potansiyel,29.61,24.67,47.81,31.36,38.82,24.12,31.25,46.82,21.49,12.61,39.47
akseki_yarpuz,YARPUZ,Akseki,14.019397721078262,6.36,9.66,-4.36,Risk Altinda,18.42,20.18,20.07,10.75,1.86,15.9,24.01,35.64,0.11,18.2,31.03
akseki_caltilicukur,ÇALTILIÇUKUR,Akseki,1.4102911918943488,8.0,0.0,-1.41,Risk Altinda,25.77,10.64,3.78,13.6,28.18,9.21,11.62,17.65,15.13,0.33,29.17
akseki_canakpinar,ÇANAKPINAR,Akseki,1.0577183939207615,4.06,0.0,-1.06,Risk Altinda,31.69,18.97,3.78,0.11,0.99,3.18,25.77,17.65,1.43,24.67,32.79
akseki_cinardibi,ÇINARDİBİ,Akseki,1.6923494302732185,26.54,0.0,-1.69,Dusuk Potansiyel,4.06,24.45,30.92,11.51,96.71,23.36,16.78,45.94,12.06,0.44,2.74
akseki_cukurkoy,ÇUKURKÖY,Akseki,7.641549104704835,20.29,4.67,-2.97,Risk Altinda,16.78,13.82,29.39,33.99,47.92,18.53,22.48,17.65,15.57,0.88,27.74
akseki_cimikoy,ÇİMİKÖY,Akseki,2.774190631211497,3.73,0.0,-2.77,Risk Altinda,30.15,24.12,3.78,1.21,0.11,3.84,23.79,17.65,0.0,54.93,31.8
ibradi_urunlu,ÜRÜNLÜ,İbradı,18.0053128956048,34.21,16.43,-1.58,Dusuk Potansiyel,32.02,18.75,38.6,28.95,64.36,7.57,13.71,17.65,14.8,6.8,21.6
aksu_alayli,ALAYLI,Aksu,28.84436619706827,67.54,32.35,3.51,Orta Potansiyel,85.86,77.3,60.2,55.92,5.37,61.95,69.85,61.62,76.32,55.48,74.89
aksu_altintas,ALTINTAŞ,Aksu,60.51174999964158,92.32,68.98,8.46,Yuksek Potansiyel,80.15,98.25,78.51,80.37,73.57,80.81,80.81,78.07,96.16,67.54,68.97
aksu_ataturk,ATATÜRK,Aksu,45.93755263136822,78.95,51.73,5.79,Yuksek Potansiyel,92.21,89.58,75.55,78.4,11.29,75.99,87.83,80.81,96.6,62.72,84.1
aksu_barbaros,BARBAROS,Aksu,51.86131578891664,72.04,56.27,4.41,Yuksek Potansiyel,79.28,62.72,71.82,70.39,54.61,72.48,86.62,76.21,64.58,75.0,64.91
aksu_boztepe,BOZTEPE,Aksu,39.89236842067203,17.21,36.61,-3.28,Risk Altinda,75.66,3.29,46.82,61.84,12.5,56.36,99.56,55.7,70.07,86.29,60.64
aksu_cumhuriyet,CUMHURİYET,Aksu,28.613684210331613,73.25,33.26,4.65,Yuksek Potansiyel,92.0,83.44,68.75,70.83,1.32,67.76,67.32,73.79,91.78,77.85,81.25
aksu_cihadiye,CİHADİYE,Aksu,44.11019736822952,63.38,46.79,2.68,Orta Potansiyel,85.31,53.62,74.67,76.1,21.16,74.01,77.96,79.28,92.98,72.37,78.51
aksu_dumanlar,DUMANLAR,Aksu,29.95229799839685,59.1,31.77,1.82,Orta Potansiyel,90.68,69.63,47.92,68.2,3.29,35.64,98.9,17.65,65.9,84.65,71.6
aksu_fatih,FATİH,Aksu,33.83828947340212,75.33,38.9,5.07,Yuksek Potansiyel,91.23,80.59,69.41,67.65,8.44,68.64,55.7,73.9,94.85,64.47,72.04
aksu_gokdere,GÖKDERE,Aksu,32.34922164553031,48.79,32.23,-0.12,Orta Potansiyel,89.25,63.16,54.28,45.83,2.63,45.39,87.39,59.76,79.17,72.92,73.36
aksu_guloluk,GÜLOLUK,Aksu,23.239992587012765,47.15,22.95,-0.29,Orta Potansiyel,67.21,54.39,42.43,55.81,9.54,52.96,80.15,17.65,63.82,60.42,56.25
aksu_hacialiler,HACIALİLER,Aksu,50.56421052578058,79.93,56.55,5.99,Yuksek Potansiyel,90.57,80.26,72.92,71.71,15.79,69.63,62.17,77.52,76.75,67.98,77.96
aksu_karacalli,KARAÇALLI,Aksu,31.58657894727652,68.86,35.36,3.77,Orta Potansiyel,81.14,80.37,69.52,66.45,19.52,68.42,86.84,59.87,85.42,75.11,73.9
aksu_karaoz,KARAÖZ,Aksu,31.328131949464787,33.33,29.66,-1.67,Dusuk Potansiyel,61.29,32.79,50.88,36.62,47.15,39.8,57.68,54.06,78.84,53.07,44.3
aksu_kayadibi,KAYADİBİ,Aksu,9.953298739779168,18.75,6.83,-3.13,Risk Altinda,37.5,34.32,40.68,35.96,20.29,18.09,55.48,17.65,68.2,41.56,34.98
aksu_kemeragzi,KEMERAĞZI,Aksu,53.15528947340258,75.0,58.16,5.0,Yuksek Potansiyel,85.09,89.04,77.08,69.41,13.71,80.15,96.27,76.32,75.55,83.44,77.74
aksu_konak,KONAK,Aksu,30.836342105177813,70.61,34.96,4.12,Yuksek Potansiyel,76.54,57.13,77.74,77.96,27.19,75.77,65.9,78.73,70.72,60.64,69.41
aksu_kumkoy,KUMKÖY,Aksu,35.58373205698528,49.78,35.56,-0.02,Orta Potansiyel,79.71,41.56,59.54,64.58,17.32,71.16,98.46,58.11,69.3,65.35,60.86
aksu_kundu,KUNDU,Aksu,46.07368420975719,66.89,49.45,3.38,Orta Potansiyel,89.58,78.07,65.79,65.68,12.72,63.27,99.23,70.29,74.45,88.49,68.42
aksu_kursunlu,KURŞUNLU,Aksu,38.445700518743166,60.75,40.59,2.15,Orta Potansiyel,80.81,75.99,56.47,56.03,5.15,48.79,64.58,66.78,83.99,62.39,67.21
aksu_macun,MACUN,Aksu,50.530657894481,91.12,58.75,8.22,Yuksek Potansiyel,87.72,82.24,80.15,76.64,57.35,78.18,47.15,76.97,90.57,64.8,76.32
aksu_mandirlar,MANDIRLAR,Aksu,35.38959210514991,73.03,39.99,4.61,Yuksek Potansiyel,78.29,82.89,66.67,71.82,20.18,63.71,75.0,70.61,82.46,56.03,67.65
aksu_murtuna,MURTUNA,Aksu,34.941401037660754,69.08,38.76,3.82,Orta Potansiyel,93.2,67.43,58.0,64.91,7.89,59.65,70.07,54.61,73.36,58.33,68.09
aksu_pinarli,PINARLI,Aksu,57.0451973681008,89.91,65.03,7.98,Yuksek Potansiyel,94.52,86.29,88.27,86.62,25.55,83.0,58.88,88.93,84.21,85.75,91.12
aksu_solak,SOLAK,Aksu,38.19723684174694,27.3,35.93,-2.27,Dusuk Potansiyel,75.0,2.08,60.96,66.56,19.08,71.93,99.89,67.0,60.96,88.16,54.61
aksu_sogucaksu,SOĞUCAKSU,Aksu,42.18636842087466,79.5,48.09,5.9,Yuksek Potansiyel,92.76,70.29,80.59,83.77,10.75,79.71,57.89,82.68,91.56,75.33,80.15
aksu_topalli,TOPALLI,Aksu,39.27097850243207,67.11,42.69,3.42,Orta Potansiyel,82.35,80.7,61.95,65.57,8.11,49.34,66.89,69.96,95.94,51.64,64.47
aksu_yenidumanlar,YENİDUMANLAR,Aksu,17.13613787984975,47.7,16.91,-0.23,Orta Potansiyel,72.7,63.49,56.36,61.29,11.62,40.57,100.0,59.65,58.55,83.66,61.62
aksu_yesilkaraman,YEŞİLKARAMAN,Aksu,26.01323202361949,54.06,26.82,0.81,Orta Potansiyel,59.87,66.56,48.9,56.8,26.21,51.1,69.3,55.04,69.85,47.26,44.41
aksu_yurtpinar,YURTPINAR,Aksu,42.73986842062808,69.74,46.69,3.95,Orta Potansiyel,84.54,81.58,58.88,62.39,6.91,59.43,76.86,62.72,67.65,62.61,67.0
aksu_calkaya,ÇALKAYA,Aksu,49.58999999947606,51.86,49.96,0.37,Orta Potansiyel,80.48,46.71,72.7,67.54,15.35,67.54,92.98,73.03,79.93,79.5,69.63
aksu_camkoy,ÇAMKÖY,Aksu,46.02157894689944,75.44,51.11,5.09,Yuksek Potansiyel,98.03,89.36,71.6,70.18,0.66,63.38,72.26,75.0,89.69,82.57,89.14
aksu_ihsaniye,İHSANİYE,Aksu,20.35833951067212,51.21,20.6,0.24,Orta Potansiyel,98.57,78.84,22.04,43.86,16.89,51.97,99.67,69.63,71.71,89.8,69.3
alanya_akdam,AKDAM,Alanya,20.42197368410647,51.32,20.69,0.26,Orta Potansiyel,59.76,41.67,27.19,32.57,32.02,42.11,25.33,17.65,21.71,18.09,54.39
alanya_akcati,AKÇATI,Alanya,23.008116295848403,49.01,22.91,-0.1,Orta Potansiyel,11.07,41.89,48.57,38.82,83.0,26.1,14.04,47.37,0.77,18.97,19.19
alanya_alacami,ALACAMİ,Alanya,11.900253210321068,27.96,9.7,-2.2,Dusuk Potansiyel,42.32,22.26,22.37,10.64,50.55,11.62,19.96,17.65,3.4,34.32,20.72
alanya_alara,ALARA,Alanya,44.7931216259305,47.26,44.52,-0.27,Orta Potansiyel,58.33,36.07,59.87,58.88,41.78,52.85,69.74,59.32,47.04,58.77,54.93
alanya_aliefendi,ALİEFENDİ,Alanya,33.67988782034366,82.02,40.08,6.4,Yuksek Potansiyel,61.84,78.51,52.63,45.07,76.86,45.83,28.95,58.44,29.82,28.4,46.93
alanya_asmaca,ASMACA,Alanya,21.286082474184163,64.8,24.25,2.96,Orta Potansiyel,16.89,52.41,46.93,52.52,87.5,30.7,7.57,40.02,6.03,14.14,12.72
alanya_avsallar,AVSALLAR,Alanya,62.32787081208757,86.51,69.63,7.3,Yuksek Potansiyel,69.08,74.01,72.37,65.79,46.05,70.94,43.31,72.48,23.68,34.65,70.07
alanya_bademagaci,BADEMAĞACI,Alanya,17.67315518173306,59.32,19.54,1.86,Orta Potansiyel,13.16,62.5,41.12,19.19,95.07,12.94,2.41,17.65,2.19,10.96,12.28
alanya_basirli,BASIRLI,Alanya,13.71571356273225,91.34,21.98,8.27,Yuksek Potansiyel,67.76,96.05,3.78,79.5,82.46,69.85,46.6,17.65,22.92,39.14,66.12
alanya_baskoy,BAŞKÖY,Alanya,14.843303490655188,66.78,18.2,3.36,Orta Potansiyel,19.52,63.6,38.05,39.36,90.13,41.23,5.15,17.65,12.61,33.33,18.2
alanya_bektas,BEKTAŞ,Alanya,31.9373982636395,98.57,41.65,9.71,Yuksek Potansiyel,62.06,82.68,70.61,69.85,77.08,68.97,4.93,71.6,5.92,33.55,58.66
alanya_beldibi,BELDİBİ,Alanya,11.406651293158047,38.6,10.27,-1.14,Dusuk Potansiyel,9.32,55.04,13.27,23.9,96.49,15.79,23.9,17.65,24.23,6.91,7.68
alanya_beyreli,BEYRELİ,Alanya,21.71063174756853,80.59,27.83,6.12,Yuksek Potansiyel,29.71,81.69,47.7,42.87,92.21,36.4,3.95,17.65,24.01,19.52,26.97
alanya_bicakci,BIÇAKÇI,Alanya,12.038621200851928,54.39,12.92,0.88,Orta Potansiyel,15.9,58.33,45.83,40.24,95.5,29.17,34.43,17.65,14.69,58.11,17.11
alanya_bucak,BUCAK,Alanya,11.970767769915785,53.4,12.65,0.68,Orta Potansiyel,10.31,36.62,50.0,43.2,96.16,38.49,17.21,17.65,19.52,7.35,8.66
alanya_buyukhasbahce,BÜYÜKHASBAHÇE,Alanya,68.97252445972237,99.89,78.95,9.98,Yuksek Potansiyel,94.63,84.32,75.66,75.55,64.91,78.84,1.21,75.44,26.75,46.38,75.88
alanya_buyukpinar,BÜYÜKPINAR,Alanya,17.596132759741785,61.73,19.94,2.35,Orta Potansiyel,51.54,41.34,53.18,42.76,75.0,51.43,35.09,17.65,39.36,38.49,49.56
alanya_cumhuriyet,CUMHURİYET,Alanya,79.02872078838057,92.11,87.45,8.42,Yuksek Potansiyel,79.17,93.53,94.74,92.11,34.76,89.36,81.91,96.49,54.17,92.0,90.46
alanya_cikcilli,CİKCİLLİ,Alanya,93.2322976696593,99.56,95.0,1.77,Yuksek Potansiyel,93.42,96.27,88.6,84.43,60.64,85.75,44.19,90.35,41.45,74.89,88.05
alanya_demirtas,DEMİRTAŞ,Alanya,66.88623903464068,80.81,73.05,6.16,Yuksek Potansiyel,77.08,59.32,66.56,66.23,46.93,66.23,54.61,67.87,24.89,40.79,61.51
alanya_degirmendere,DEĞİRMENDERE,Alanya,55.01269399426561,99.23,64.86,9.85,Yuksek Potansiyel,69.41,85.75,68.42,74.56,89.8,57.89,3.29,68.31,18.75,27.63,52.96
alanya_dinek,DİNEK,Alanya,58.54109733431396,89.36,66.41,7.87,Yuksek Potansiyel,68.97,72.48,78.29,73.03,69.63,77.52,55.37,77.3,25.99,54.06,68.31
alanya_elikesik,ELİKESİK,Alanya,32.28732057380064,80.26,38.34,6.05,Yuksek Potansiyel,73.46,72.81,50.99,63.16,10.09,56.25,16.45,57.79,24.56,35.96,65.35
alanya_emisbeleni,EMİŞBELENİ,Alanya,31.38881578923511,66.56,34.7,3.31,Orta Potansiyel,81.69,63.71,58.66,47.48,2.52,46.71,34.1,61.4,44.52,44.52,75.0
alanya_fakircali,FAKIRCALI,Alanya,8.020088954761672,50.22,8.06,0.04,Orta Potansiyel,8.77,67.0,32.68,22.7,96.82,18.64,27.19,17.65,27.3,5.7,8.0
alanya_figla,FIĞLA,Alanya,65.37144729562768,97.81,74.93,9.56,Yuksek Potansiyel,100.0,89.14,89.58,93.42,22.81,88.27,58.55,88.49,47.48,89.25,92.43
alanya_gozukucuklu,GÖZÜKÜÇÜKLÜ,Alanya,21.805661059822537,52.19,22.24,0.44,Orta Potansiyel,12.5,43.64,41.23,33.33,96.05,35.42,8.66,47.48,7.68,12.28,11.84
alanya_guller_pinari,GÜLLER PINARI,Alanya,93.17489242633818,94.63,95.0,1.83,Yuksek Potansiyel,75.77,89.69,96.49,96.05,46.38,95.18,78.07,95.18,41.12,95.29,95.61
alanya_gumuskavak,GÜMÜŞKAVAK,Alanya,21.900298426434773,53.73,22.65,0.75,Orta Potansiyel,7.57,52.96,36.84,33.55,98.68,13.6,7.24,17.65,4.5,9.76,6.03
alanya_hacet,HACET,Alanya,91.93260776193158,96.05,95.0,3.07,Yuksek Potansiyel,84.43,88.27,95.39,91.12,58.22,91.78,77.08,96.71,45.72,94.3,95.5
alanya_hacikerimler,HACIKERİMLER,Alanya,20.861141255158024,72.7,25.4,4.54,Yuksek Potansiyel,49.78,46.93,54.06,48.68,72.26,44.74,0.66,17.65,29.39,28.73,44.19
alanya_hacimehmetli,HACIMEHMETLİ,Alanya,26.734868420870196,92.43,35.22,8.49,Yuksek Potansiyel,30.59,78.4,56.69,51.43,98.46,67.32,0.44,17.65,13.27,10.64,30.7
alanya_hocalar,HOCALAR,Alanya,17.585100074065387,61.29,19.84,2.26,Orta Potansiyel,64.8,52.19,44.74,39.58,12.39,46.27,4.28,50.66,28.07,36.62,57.13
alanya_hisarici,HİSARİÇİ,Alanya,31.051956814971422,64.04,33.86,2.81,Orta Potansiyel,60.86,0.99,86.29,81.91,75.66,85.42,60.64,80.7,18.53,49.56,56.47
alanya_kadipasa,KADIPAŞA,Alanya,91.78129208261124,93.75,95.0,3.22,Yuksek Potansiyel,64.47,89.8,97.26,95.18,51.86,95.94,61.4,96.38,44.63,96.27,97.37
alanya_karapinar,KARAPINAR,Alanya,16.424308193129995,28.18,14.24,-2.18,Dusuk Potansiyel,15.57,28.51,31.03,23.25,74.56,20.29,24.12,37.83,8.11,31.47,9.76
alanya_kargicak,KARGICAK,Alanya,53.48433014250212,90.02,61.49,8.0,Yuksek Potansiyel,69.63,79.5,67.43,64.47,56.03,69.74,42.54,66.67,17.65,37.94,61.84
alanya_kayabasi,KAYABAŞI,Alanya,23.17326822205536,81.91,29.55,6.38,Yuksek Potansiyel,56.03,75.88,48.36,36.84,58.55,42.21,1.32,17.65,20.39,23.03,49.89
alanya_kestel,KESTEL,Alanya,64.45191387422088,97.48,73.95,9.5,Yuksek Potansiyel,85.75,90.68,77.52,78.29,62.39,71.71,68.09,80.59,26.32,53.95,72.92
alanya_kesefli,KEŞEFLİ,Alanya,45.33476720622105,89.14,53.16,7.83,Yuksek Potansiyel,74.78,76.75,67.87,69.74,56.91,68.86,46.93,62.39,38.27,44.3,61.18
alanya_kizilcasehir,KIZILCAŞEHİR,Alanya,30.631710526088256,91.01,38.83,8.2,Yuksek Potansiyel,50.55,76.54,57.46,62.28,80.37,45.5,6.36,63.6,5.37,15.02,36.29
alanya_kizlar_pinari,KIZLAR PINARI,Alanya,92.36943474306494,86.18,95.0,2.63,Yuksek Potansiyel,62.61,92.11,95.29,88.16,38.93,98.03,81.69,94.63,51.54,94.63,92.76
alanya_kocaoglanli,KOCAOĞLANLI,Alanya,5.783209785013273,37.28,4.51,-1.27,Dusuk Potansiyel,30.37,55.59,3.78,16.34,88.38,4.5,25.22,17.65,25.77,9.32,23.79
alanya_konakli,KONAKLI,Alanya,68.87368420901359,87.94,76.46,7.59,Yuksek Potansiyel,89.91,85.09,81.91,77.41,13.93,79.61,70.18,80.26,43.42,73.68,85.09
alanya_kuzyaka,KUZYAKA,Alanya,16.09400434071609,61.4,18.37,2.28,Orta Potansiyel,19.19,52.74,51.43,44.3,79.61,42.54,18.42,45.83,1.1,30.81,22.26
alanya_kucukhasbahce,KÜÇÜKHASBAHÇE,Alanya,85.20196035687562,99.78,95.0,9.8,Yuksek Potansiyel,96.82,88.93,86.07,85.96,62.61,85.31,35.53,78.4,29.17,66.89,83.44
alanya_mahmutlar,MAHMUTLAR,Alanya,80.49074266753524,93.2,89.13,8.64,Yuksek Potansiyel,82.13,71.38,78.73,70.07,43.31,73.25,43.97,78.84,13.82,39.04,78.95
alanya_mahmutseydi,MAHMUTSEYDİ,Alanya,30.336001085128515,77.41,35.82,5.48,Yuksek Potansiyel,24.01,64.58,45.39,55.37,92.65,48.36,12.5,17.65,8.99,11.18,16.89
alanya_oba,OBA,Alanya,94.02467870105326,98.9,95.0,0.98,Yuksek Potansiyel,93.09,99.23,86.4,81.25,52.3,81.25,74.23,85.2,35.2,64.36,83.77
alanya_obaalacami,OBAALACAMİ,Alanya,21.97081298602949,41.12,21.08,-0.89,Dusuk Potansiyel,14.36,38.05,35.53,29.39,88.49,10.86,7.89,46.71,0.22,22.7,13.16
alanya_okurcalar,OKURCALAR,Alanya,51.96818181721026,87.83,59.53,7.57,Yuksek Potansiyel,71.6,80.92,74.78,73.79,39.58,75.33,56.25,72.92,27.63,53.4,70.39
alanya_payallar,PAYALLAR,Alanya,56.21626794147686,84.98,63.21,7.0,Yuksek Potansiyel,91.56,86.51,71.49,70.61,13.38,70.07,63.05,74.78,51.64,68.09,81.58
alanya_pasakoy,PAŞAKÖY,Alanya,12.442100741519123,67.76,15.99,3.55,Orta Potansiyel,19.85,68.97,12.28,40.68,94.08,42.32,1.43,17.65,9.54,4.71,11.51
alanya_sapadere,SAPADERE,Alanya,24.260671007367137,49.34,24.19,-0.07,Orta Potansiyel,26.54,50.66,30.37,22.37,79.93,22.15,7.02,37.17,8.77,28.07,18.75
alanya_saray,SARAY,Alanya,94.4804990483361,95.07,95.0,0.52,Yuksek Potansiyel,82.79,90.02,98.25,96.93,42.11,96.93,84.21,97.59,48.79,95.83,95.72
alanya_seki,SEKİ,Alanya,18.40394736834984,76.75,23.75,5.35,Yuksek Potansiyel,59.1,55.92,68.09,57.79,76.54,65.79,48.9,68.75,21.05,35.2,54.17
alanya_sogukpinar,SOĞUKPINAR,Alanya,28.4240258095992,65.35,31.49,3.07,Orta Potansiyel,66.78,60.86,52.96,46.38,1.54,31.58,21.6,17.65,25.44,27.08,71.93
alanya_sugozu,SUGÖZÜ,Alanya,88.45228720148415,98.79,95.0,6.55,Yuksek Potansiyel,87.83,87.72,79.61,81.8,54.28,83.22,36.84,78.18,39.25,56.58,80.92
alanya_tasbasi,TAŞBAŞI,Alanya,8.699267498625598,9.76,4.68,-4.02,Risk Altinda,45.29,9.32,33.22,3.51,13.27,0.11,3.62,41.45,7.13,77.08,33.55
alanya_tepe,TEPE,Alanya,27.771522879309003,93.53,36.48,8.71,Yuksek Potansiyel,47.37,71.05,65.9,64.36,82.13,66.12,3.18,65.68,4.61,17.87,45.39
alanya_tirilar,TIRILAR,Alanya,11.647553743478332,66.34,14.92,3.27,Orta Potansiyel,4.61,77.85,59.32,48.14,99.45,42.0,32.13,56.36,42.21,9.87,4.39
alanya_tophane,TOPHANE,Alanya,48.68035172036443,88.93,56.47,7.79,Yuksek Potansiyel,58.44,57.79,89.14,84.21,71.71,87.28,41.89,81.8,27.52,44.96,67.76
alanya_toslak,TOSLAK,Alanya,36.3239473680954,68.75,40.07,3.75,Orta Potansiyel,81.58,73.46,53.07,46.16,4.93,53.29,39.8,51.97,46.82,48.03,75.22
alanya_tosmur,TOSMUR,Alanya,66.8799043047749,98.14,76.51,9.63,Yuksek Potansiyel,93.53,97.92,87.06,84.87,37.17,82.24,67.54,85.96,38.05,79.71,90.24
alanya_turkler,TÜRKLER,Alanya,50.4520334919184,78.84,56.22,5.77,Yuksek Potansiyel,80.26,71.82,71.05,68.75,9.32,68.2,54.93,71.05,37.5,48.68,71.71
alanya_turktas,TÜRKTAŞ,Alanya,22.60729788383978,61.51,24.91,2.3,Orta Potansiyel,35.64,33.77,51.54,44.74,76.97,22.37,2.85,17.65,10.86,7.89,32.13
alanya_uzunoz,UZUNÖZ,Alanya,20.790626695563304,55.26,21.84,1.05,Orta Potansiyel,6.91,50.0,41.78,36.07,99.23,22.04,5.81,17.65,3.07,29.71,5.15
alanya_ugrak,UĞRAK,Alanya,24.719614541070246,76.43,30.0,5.29,Yuksek Potansiyel,70.83,68.53,54.39,54.06,10.53,55.7,21.16,58.88,17.98,31.58,51.54
alanya_yalci,YALÇI,Alanya,13.78373123527659,23.46,11.13,-2.65,Risk Altinda,19.3,3.73,50.11,44.19,31.03,24.67,16.23,41.89,2.08,19.3,24.12
alanya_yasirali,YASİRALİ,Alanya,10.794289202365272,74.78,15.75,4.96,Yuksek Potansiyel,37.06,56.14,46.6,42.54,83.11,41.56,1.75,17.65,7.24,13.38,22.48
alanya_yaylakonak,YAYLAKONAK,Alanya,17.84016096939785,62.39,20.32,2.48,Orta Potansiyel,8.11,67.32,37.06,30.04,98.57,26.32,1.64,17.65,15.02,15.13,6.25
alanya_yaylali,YAYLALI,Alanya,40.466767881030464,95.5,49.57,9.1,Yuksek Potansiyel,58.99,79.93,68.2,59.32,83.66,60.09,0.88,67.32,19.08,27.41,55.59
alanya_yenikoy,YENİKÖY,Alanya,21.51679021489258,70.39,25.6,4.08,Yuksek Potansiyel,56.25,77.08,37.17,36.95,38.27,38.71,20.72,17.65,24.34,25.55,51.21
alanya_yesiloz,YEŞİLÖZ,Alanya,46.2865005058094,64.69,49.23,2.94,Orta Potansiyel,82.57,46.82,63.49,57.35,9.76,61.18,54.82,57.57,35.86,54.82,68.53
alanya_cakallar,ÇAKALLAR,Alanya,20.71308376567453,40.68,19.78,-0.93,Dusuk Potansiyel,40.79,11.84,52.41,35.09,83.55,26.86,31.91,49.45,18.09,13.27,31.91
alanya_camlica,ÇAMLICA,Alanya,30.217240911498763,61.07,32.43,2.21,Orta Potansiyel,15.46,57.46,37.83,39.69,95.83,35.86,4.61,44.52,23.14,7.79,10.2
alanya_carsi,ÇARŞI,Alanya,52.07560706390581,95.72,61.22,9.14,Yuksek Potansiyel,69.19,94.41,93.09,80.26,29.39,99.01,53.07,96.05,24.12,71.05,87.5
alanya_ciplakli,ÇIPLAKLI,Alanya,86.66625852107414,99.67,95.0,8.33,Yuksek Potansiyel,88.71,99.12,78.07,79.93,85.75,80.7,44.96,82.13,37.61,54.5,71.38
alanya_otekoy,ÖTEKÖY,Alanya,6.25352685837017,22.04,3.46,-2.8,Risk Altinda,13.82,13.93,34.76,19.63,86.84,1.32,9.98,17.65,6.91,43.53,12.5
alanya_ozvadi,ÖZVADİ,Alanya,18.137778340032337,67.0,21.54,3.4,Orta Potansiyel,70.07,74.56,51.75,45.72,17.21,51.32,34.32,61.84,47.26,53.84,64.25
alanya_uzumlu,ÜZÜMLÜ,Alanya,14.089912280672976,42.32,13.32,-0.77,Dusuk Potansiyel,6.8,54.28,13.38,25.77,96.93,16.78,7.79,17.65,6.58,29.17,5.37
alanya_imamli,İMAMLI,Alanya,27.77985829948419,78.4,33.46,5.68,Yuksek Potansiyel,76.21,84.21,45.94,53.95,15.9,58.0,26.32,55.81,41.67,48.14,59.21
alanya_incekum,İNCEKUM,Alanya,44.123325358150026,68.09,47.74,3.62,Orta Potansiyel,58.11,36.4,69.08,69.96,61.18,66.45,41.34,70.83,34.1,35.31,58.33
alanya_isbatli,İSBATLI,Alanya,15.128795546530617,78.51,20.83,5.7,Yuksek Potansiyel,84.76,74.34,14.36,50.0,57.24,47.59,37.83,17.65,39.8,25.33,50.88
alanya_ishakli,İSHAKLI,Alanya,32.44281376502588,85.2,39.48,7.04,Yuksek Potansiyel,64.69,74.12,67.54,60.53,73.03,56.69,38.82,67.21,31.36,39.8,60.42
alanya_sekerhane,ŞEKERHANE,Alanya,89.58361689798019,82.35,95.0,5.42,Yuksek Potansiyel,37.39,94.08,99.34,93.53,45.39,98.46,66.45,98.9,46.6,98.68,97.48
alanya_sihlar,ŞIHLAR,Alanya,24.54458310720384,54.28,25.4,0.86,Orta Potansiyel,10.09,56.58,33.44,37.61,99.67,30.81,23.25,17.65,26.43,5.81,4.71
demre_alakent,ALAKENT,Demre,40.01341749442173,65.46,43.11,3.09,Orta Potansiyel,96.93,49.34,72.59,77.52,7.24,70.72,89.47,68.64,59.87,90.9,82.57
demre_beloren,BELÖREN,Demre,20.24877916436525,39.58,19.21,-1.04,Dusuk Potansiyel,16.12,38.6,20.94,23.68,88.16,24.78,11.29,40.68,5.7,9.1,9.1
demre_buyukkum,BÜYÜKKUM,Demre,69.77047486457403,79.71,75.71,5.94,Yuksek Potansiyel,83.77,70.39,72.81,73.25,25.88,75.44,79.71,71.49,40.9,61.51,71.05
demre_davazlar,DAVAZLAR,Demre,10.322956230761934,38.16,9.14,-1.18,Dusuk Potansiyel,32.35,20.72,26.21,19.74,84.32,29.93,15.02,17.65,16.34,11.73,11.29
demre_gokyazi,GÖKYAZI,Demre,67.70033112563782,94.19,76.54,8.84,Yuksek Potansiyel,99.12,84.54,87.61,85.53,56.14,82.89,95.39,84.43,59.54,89.04,82.02
demre_gurses,GÜRSES,Demre,20.037235485581096,50.44,20.12,0.09,Orta Potansiyel,58.88,4.61,46.49,49.78,55.26,52.41,11.18,54.17,22.48,22.81,37.39
demre_kaleucagiz,KALEÜÇAĞIZ,Demre,39.075910930976015,68.64,42.8,3.73,Orta Potansiyel,44.63,46.27,65.13,51.54,87.06,58.99,48.68,58.33,26.54,21.05,25.55
demre_kapakli,KAPAKLI,Demre,24.0147516678098,48.36,23.85,-0.16,Orta Potansiyel,60.96,19.74,49.23,39.25,48.25,54.17,36.4,54.71,30.7,27.3,42.98
demre_karabucak,KARABUCAK,Demre,54.471048413975055,88.82,62.23,7.76,Yuksek Potansiyel,73.79,79.61,61.73,67.98,66.78,72.7,50.55,59.43,42.32,50.11,58.22
demre_kayaalti,KAYAALTI,Demre,22.81614794189355,77.74,28.36,5.55,Yuksek Potansiyel,84.87,85.31,67.21,58.44,16.01,72.37,78.62,68.2,45.94,67.21,73.79
demre_koskerler,KÖŞKERLER,Demre,56.99645748952284,53.29,57.65,0.66,Orta Potansiyel,63.71,45.5,44.19,50.11,51.64,45.94,56.58,56.69,36.51,47.92,51.75
demre_kucukkum,KÜÇÜKKUM,Demre,41.40657894696575,75.88,46.58,5.18,Yuksek Potansiyel,89.36,87.83,73.03,74.78,5.59,72.26,95.83,73.57,57.68,92.54,79.71
demre_yavu,YAVU,Demre,18.935728744884017,28.07,16.74,-2.19,Dusuk Potansiyel,47.04,14.14,40.79,25.99,43.53,35.53,36.51,50.44,27.85,23.68,34.65
demre_yaylakaya,YAYLAKAYA,Demre,42.963141025409946,72.37,47.44,4.47,Yuksek Potansiyel,87.28,84.98,65.68,69.3,2.85,66.34,91.67,64.8,54.71,85.86,80.48
demre_cagman,ÇAĞMAN,Demre,13.076731777871585,8.77,8.95,-4.12,Risk Altinda,28.95,8.88,23.68,3.07,36.95,7.89,17.54,39.47,9.65,17.43,26.86
demre_cevreli,ÇEVRELİ,Demre,47.1357118755733,42.0,46.34,-0.8,Dusuk Potansiyel,73.14,9.21,50.44,46.27,16.78,64.58,44.3,17.65,49.89,41.12,56.36
dosemealti_ahirtas,AHIRTAŞ,Döşemealtı,22.937601736253683,44.74,22.41,-0.53,Dusuk Potansiyel,17.87,51.97,44.63,37.17,82.57,16.12,29.93,17.65,52.08,12.72,19.74
dosemealti_akkoc,AKKOÇ,Döşemealtı,15.361028214835727,23.9,12.75,-2.61,Risk Altinda,17.0,51.1,17.76,5.81,59.43,19.96,27.52,17.65,35.75,21.38,18.64
dosemealti_altinkale,ALTINKALE,Döşemealtı,54.02960526258826,81.58,60.35,6.32,Yuksek Potansiyel,74.12,94.63,72.26,77.3,62.17,79.82,93.75,74.34,99.56,72.81,65.79
dosemealti_ayanlar,AYANLAR,Döşemealtı,25.54105624881906,53.84,26.31,0.77,Orta Potansiyel,50.99,30.59,47.04,56.14,66.01,63.6,39.14,49.67,49.12,26.54,45.94
dosemealti_aydinlar,AYDINLAR,Döşemealtı,24.119641888177703,56.25,25.37,1.25,Orta Potansiyel,53.73,38.82,53.29,55.15,54.71,63.82,47.7,49.01,52.41,29.5,49.67
dosemealti_asagioba,AŞAĞIOBA,Döşemealtı,21.68289473671625,43.97,21.08,-0.6,Dusuk Potansiyel,63.16,75.44,62.5,64.04,0.55,50.33,94.19,71.82,98.36,75.44,64.58
dosemealti_bademagaci,BADEMAĞACI,Döşemealtı,28.480376198171847,33.0,26.78,-1.7,Dusuk Potansiyel,46.71,45.29,47.15,56.47,19.85,58.11,63.93,49.56,75.77,65.79,53.07
dosemealti_bahceyaka,BAHÇEYAKA,Döşemealtı,63.04230263119486,75.22,68.09,5.04,Yuksek Potansiyel,77.63,63.38,81.36,80.48,82.24,83.66,93.64,79.06,97.92,77.3,70.94
dosemealti_biyikli,BIYIKLI,Döşemealtı,14.77278893106047,21.49,11.92,-2.85,Risk Altinda,51.21,5.15,58.44,56.25,5.26,51.75,64.47,55.59,43.97,53.18,48.9
dosemealti_camili,CAMİLİ,Döşemealtı,22.081541882792305,56.69,23.42,1.34,Orta Potansiyel,44.96,63.05,51.21,65.35,73.46,35.75,51.32,17.65,97.7,61.95,42.32
dosemealti_dagbeli,DAĞBELİ,Döşemealtı,31.72400072339752,27.52,29.48,-2.25,Dusuk Potansiyel,42.43,42.54,41.45,12.83,24.23,37.72,45.5,45.72,35.96,42.43,43.64
dosemealti_dereli,DERELİ,Döşemealtı,16.216641956947615,42.21,15.44,-0.78,Dusuk Potansiyel,73.57,62.61,56.91,63.71,11.07,47.15,88.49,68.09,100.0,93.31,59.87
dosemealti_duzlercami,DÜZLERÇAMI,Döşemealtı,38.809605262788686,78.29,44.47,5.66,Yuksek Potansiyel,52.74,81.36,66.89,70.5,89.04,75.55,75.66,52.63,86.73,47.04,44.96
dosemealti_eksili,EKŞİLİ,Döşemealtı,30.2202001481362,47.04,29.92,-0.3,Orta Potansiyel,48.68,64.91,47.37,57.13,54.39,31.47,56.69,51.75,92.43,59.1,47.7
dosemealti_ilicakoy,ILICAKÖY,Döşemealtı,31.089177168146456,60.42,33.17,2.08,Orta Potansiyel,51.86,80.48,62.39,65.02,51.1,40.46,68.53,54.93,95.61,67.76,47.26
dosemealti_karaman,KARAMAN,Döşemealtı,21.616386326598068,39.36,20.55,-1.06,Dusuk Potansiyel,20.29,22.15,31.8,55.59,86.29,44.63,40.13,36.07,32.02,7.46,12.61
dosemealti_karatas,KARATAŞ,Döşemealtı,33.54399555212196,60.96,35.74,2.19,Orta Potansiyel,65.79,79.82,64.36,67.11,34.54,65.35,83.11,63.82,99.34,92.87,62.06
dosemealti_karaveliler,KARAVELİLER,Döşemealtı,27.960797612533472,54.82,28.93,0.96,Orta Potansiyel,43.53,57.57,43.09,54.5,72.37,27.63,46.16,48.03,57.02,29.82,33.33
dosemealti_kevsirler,KEVŞİRLER,Döşemealtı,14.906078576671884,48.14,14.72,-0.19,Orta Potansiyel,58.66,72.92,53.4,55.7,36.18,45.61,74.01,60.53,99.89,83.22,53.29
dosemealti_kovanlik,KOVANLIK,Döşemealtı,27.701008319714283,45.5,27.25,-0.45,Orta Potansiyel,51.97,55.7,40.46,47.37,26.75,39.47,51.43,47.7,48.57,47.59,47.15
dosemealti_killik,KİLLİK,Döşemealtı,26.39835413270268,43.86,25.78,-0.61,Dusuk Potansiyel,33.77,44.3,28.84,37.39,78.51,12.72,34.87,17.65,30.92,16.23,25.99
dosemealti_nebiler,NEBİLER,Döşemealtı,47.1739473679304,40.24,46.2,-0.98,Dusuk Potansiyel,73.03,5.26,65.02,72.48,0.44,72.59,58.44,67.54,52.85,32.02,84.54
dosemealti_orta,ORTA,Döşemealtı,31.818638090009756,64.91,34.8,2.98,Orta Potansiyel,46.27,57.68,59.21,68.09,66.89,68.09,59.87,62.17,55.48,47.37,46.16
dosemealti_selimiye,SELİMİYE,Döşemealtı,8.789999999980154,22.7,6.06,-2.73,Risk Altinda,60.75,44.41,57.13,67.0,4.39,33.77,92.65,65.79,98.03,94.74,62.28
dosemealti_tomalar,TOMALAR,Döşemealtı,41.156289473518825,88.38,48.83,7.68,Yuksek Potansiyel,74.34,79.28,79.17,77.63,88.93,83.44,91.12,17.65,95.72,62.17,62.83
dosemealti_yalinli,YALINLI,Döşemealtı,46.59776315741492,73.9,51.38,4.78,Yuksek Potansiyel,66.34,75.11,73.36,77.74,34.87,75.66,78.73,64.04,72.92,46.82,70.83
dosemealti_yagca,YAĞCA,Döşemealtı,28.268832519387693,66.23,31.51,3.25,Orta Potansiyel,49.12,78.29,54.5,59.1,48.14,60.42,63.38,56.14,58.22,43.2,51.97
dosemealti_yesilbayir,YEŞİLBAYIR,Döşemealtı,53.99960526286962,74.01,58.8,4.8,Yuksek Potansiyel,70.29,90.13,74.89,78.73,27.41,82.02,88.82,75.99,98.46,63.6,73.57
dosemealti_ciglik,ÇIĞLIK,Döşemealtı,29.76605263136257,67.98,33.36,3.6,Orta Potansiyel,63.27,70.18,65.24,67.76,61.29,74.67,85.86,17.65,98.68,76.21,61.29
elmali_ahatli,AHATLI,Elmalı,19.89620636639166,15.13,16.41,-3.49,Risk Altinda,33.44,27.74,3.78,27.3,25.22,21.05,19.41,17.65,29.28,42.87,39.14
elmali_akcaenis,AKÇAENİŞ,Elmalı,29.42860372575203,30.7,27.5,-1.93,Dusuk Potansiyel,53.4,40.35,61.4,64.25,40.46,29.82,94.96,67.65,62.5,89.69,58.77
elmali_akcay,AKÇAY,Elmalı,32.197187556458694,20.94,29.29,-2.91,Risk Altinda,54.71,27.19,59.76,48.79,13.05,42.76,78.84,58.99,64.8,80.48,60.31
elmali_armutlu,ARMUTLU,Elmalı,16.94203291731053,11.07,13.05,-3.89,Risk Altinda,43.86,25.88,32.02,4.5,14.14,16.89,49.23,49.12,14.14,43.75,44.52
korkuteli_avdan,AVDAN,Korkuteli,17.934798336010083,7.13,13.65,-4.29,Risk Altinda,22.04,41.23,15.79,3.62,45.5,15.57,36.95,17.65,77.41,46.93,20.83
elmali_bayindir,BAYINDIR,Elmalı,18.71416621446764,16.67,15.38,-3.33,Risk Altinda,38.71,48.57,22.15,17.11,24.45,25.44,29.17,17.65,91.89,61.62,38.38
elmali_bayralar,BAYRALAR,Elmalı,28.409861638577127,14.8,24.89,-3.52,Risk Altinda,52.19,42.76,46.71,49.45,8.22,32.13,94.41,55.26,81.36,93.53,58.0
elmali_beyler,BEYLER,Elmalı,19.612294266554954,0.99,14.71,-4.9,Risk Altinda,45.72,5.37,54.93,20.29,12.06,49.89,91.78,62.06,89.04,92.11,56.69
elmali_bozhuyuk,BOZHÜYÜK,Elmalı,29.617878458976502,21.82,26.8,-2.82,Risk Altinda,26.21,59.76,22.59,8.22,82.02,28.84,60.42,17.65,69.96,71.38,34.21
elmali_buyuksogle,BÜYÜKSÖĞLE,Elmalı,15.785969433861863,4.39,11.22,-4.56,Risk Altinda,19.63,31.03,15.46,4.06,23.68,16.67,30.59,36.73,38.82,51.86,23.57
elmali_camiatik,CAMİATİK,Elmalı,34.361616997748555,83.55,41.07,6.71,Yuksek Potansiyel,69.3,62.17,85.2,81.14,22.04,80.59,6.69,17.65,92.21,66.78,79.82
elmali_camicedit,CAMİCEDİT,Elmalı,14.4833684210253,40.57,13.54,-0.94,Dusuk Potansiyel,23.46,42.32,48.79,71.16,42.43,35.31,1.97,56.91,88.16,24.34,50.44
elmali_derekoy,DEREKÖY,Elmalı,0.7051455959471744,5.15,0.0,-0.71,Risk Altinda,9.65,15.02,3.78,2.19,94.74,11.73,21.93,17.65,50.77,31.69,4.5
elmali_duden,DÜDEN,Elmalı,22.77244981004673,32.51,21.02,-1.75,Dusuk Potansiyel,49.67,68.42,45.61,41.78,5.48,41.78,69.19,54.82,73.68,73.36,55.48
elmali_eskihisar,ESKİHİSAR,Elmalı,28.88119461018047,39.91,27.87,-1.01,Dusuk Potansiyel,55.81,33.22,43.86,47.15,22.92,39.91,48.46,17.65,37.39,55.92,57.57
elmali_eymir,EYMİR,Elmalı,22.512660517227545,13.71,18.88,-3.63,Risk Altinda,51.75,50.11,43.2,48.57,7.57,24.23,94.63,57.35,94.52,90.13,56.91
elmali_gecmen,GEÇMEN,Elmalı,10.723774642770556,10.96,6.82,-3.9,Risk Altinda,20.5,27.63,3.78,12.72,58.88,13.82,21.27,17.65,29.61,48.36,21.16
elmali_gecit,GEÇİT,Elmalı,6.912280701740143,3.29,2.24,-4.67,Risk Altinda,42.98,33.88,3.78,4.82,36.84,6.25,68.31,17.65,55.04,65.24,45.61
elmali_gokpinar,GÖKPINAR,Elmalı,26.86644591608377,20.61,23.93,-2.94,Risk Altinda,49.56,14.04,56.58,50.33,63.27,57.02,66.12,56.47,99.78,91.78,52.63
elmali_muren,MÜREN,Elmalı,20.4139310905722,8.11,16.23,-4.19,Risk Altinda,35.42,36.51,18.97,12.5,24.12,29.06,55.26,17.65,63.05,60.86,40.24
elmali_goltarla,GÖLTARLA,Elmalı,7.194338940119014,6.03,2.8,-4.4,Risk Altinda,22.26,21.38,17.0,18.09,9.43,26.97,44.74,36.51,4.39,50.0,24.67
elmali_gumusyaka,GÜMÜŞYAKA,Elmalı,1.1987475131101966,4.61,0.0,-1.2,Risk Altinda,11.84,42.98,3.78,0.44,60.75,0.66,18.64,17.65,84.76,34.54,15.57
elmali_gundogan,GÜNDOĞAN,Elmalı,43.54877207498397,89.8,51.51,7.96,Yuksek Potansiyel,72.04,77.74,82.24,84.65,30.7,75.22,2.19,76.1,84.43,50.77,78.62
elmali_hacimusalar,HACIMUSALAR,Elmalı,16.871518357715814,18.53,13.72,-3.15,Risk Altinda,48.79,34.98,57.24,30.59,35.53,59.54,73.14,61.29,96.38,95.94,52.74
elmali_kapmescit,KAPMESCİT,Elmalı,24.119791666640214,77.3,29.58,5.46,Yuksek Potansiyel,65.46,84.43,60.64,74.45,25.44,76.97,43.42,17.65,95.18,62.06,76.97
elmali_karakoy,KARAKÖY,Elmalı,1.833378549462653,1.32,0.0,-1.83,Risk Altinda,32.68,16.34,3.78,3.84,9.65,31.8,50.77,17.65,48.36,51.21,33.22
elmali_karamik,KARAMIK,Elmalı,13.336521070690768,2.63,8.6,-4.74,Risk Altinda,34.76,16.23,22.81,6.8,22.26,19.3,64.14,41.01,30.26,55.59,37.83
elmali_karyagdi,KARYAĞDI,Elmalı,40.4111134105345,61.84,42.78,2.37,Orta Potansiyel,61.4,72.7,71.38,66.78,36.4,68.31,65.46,76.54,92.54,83.77,70.61
elmali_kizilca,KIZILCA,Elmalı,7.853092783488988,2.19,3.07,-4.78,Risk Altinda,39.47,29.39,11.07,1.32,17.0,16.34,33.88,44.63,77.52,61.07,39.04
elmali_kisla,KIŞLA,Elmalı,20.107750045175813,14.69,16.58,-3.53,Risk Altinda,41.56,64.04,37.94,16.12,24.67,24.34,75.11,51.54,90.79,86.73,41.56
elmali_kocapinar,KOCAPINAR,Elmalı,12.794673539492711,15.35,9.33,-3.46,Risk Altinda,25.99,56.25,10.09,17.76,62.83,28.18,37.72,42.65,92.0,61.4,28.73
elmali_kuzkoy,KUZKÖY,Elmalı,1.269262072704914,0.77,0.0,-1.27,Risk Altinda,28.62,15.46,3.78,0.88,41.89,1.21,59.54,17.65,31.8,58.44,32.68
elmali_kucuksogle,KÜÇÜKSÖĞLE,Elmalı,5.830439500801865,7.79,1.61,-4.22,Risk Altinda,13.38,23.14,17.32,10.09,64.25,10.64,33.77,17.65,25.33,57.57,14.04
elmali_macun,MACUN,Elmalı,7.923607343083705,8.44,3.77,-4.16,Risk Altinda,31.8,26.21,3.78,2.85,43.97,4.39,9.54,17.65,47.81,39.58,27.52
elmali_mursal,MURSAL,Elmalı,13.50167299689772,0.33,8.53,-4.97,Risk Altinda,38.93,9.98,3.78,13.27,36.62,21.49,82.35,17.65,79.06,89.91,47.81
elmali_pirhasanlar,PİRHASANLAR,Elmalı,13.407035630285488,0.22,8.43,-4.98,Risk Altinda,47.81,12.06,3.78,11.62,17.54,35.09,94.85,17.65,79.82,94.96,53.62
elmali_salur,SALUR,Elmalı,22.442145957632825,19.19,19.36,-3.08,Risk Altinda,43.75,53.84,28.95,1.97,40.57,13.05,54.71,17.65,58.99,59.87,47.92
elmali_sarilar,SARILAR,Elmalı,9.0759631036167,0.0,4.08,-5.0,Risk Altinda,50.88,6.47,3.78,6.91,23.36,12.28,92.54,17.65,76.97,95.07,54.5
elmali_tahtamescit,TAHTAMESCİT,Elmalı,7.66503947367008,35.09,6.17,-1.49,Dusuk Potansiyel,29.93,46.6,16.78,44.52,28.51,18.42,1.54,17.65,32.89,37.17,35.09
elmali_tavullar,TAVULLAR,Elmalı,13.642702116087156,0.11,8.65,-4.99,Risk Altinda,46.82,9.65,11.95,15.9,4.82,20.18,85.31,17.65,90.02,93.09,54.06
elmali_tekke,TEKKE,Elmalı,26.51711430633243,10.75,22.59,-3.93,Risk Altinda,32.46,13.49,30.26,42.65,28.07,8.66,51.21,44.3,12.5,57.68,42.43
elmali_toklular,TOKLULAR,Elmalı,27.37872516552977,98.46,37.07,9.69,Yuksek Potansiyel,79.39,80.81,82.68,88.93,41.45,84.21,0.0,17.65,80.7,72.04,84.65
elmali_yakaciftlikkoyu,YAKAÇİFTLİKKÖYÜ,Elmalı,18.57313709527821,11.18,14.69,-3.88,Risk Altinda,38.05,30.15,23.79,9.1,18.97,20.39,46.71,17.65,34.21,46.49,41.01
elmali_yalnizdam,YALNIZDAM,Elmalı,15.715454874267149,2.96,11.01,-4.7,Risk Altinda,35.2,21.71,12.17,6.58,51.32,23.9,65.24,17.65,57.13,74.12,40.02
elmali_yaprakli,YAPRAKLI,Elmalı,5.759924941207148,11.84,1.94,-3.82,Risk Altinda,12.83,21.16,3.78,0.22,87.61,1.86,6.25,17.65,17.32,32.79,8.88
elmali_yeni,YENİ,Elmalı,47.872826986664926,56.8,49.23,1.36,Orta Potansiyel,65.68,44.19,77.3,71.27,44.85,76.1,59.98,76.64,93.64,79.39,76.86
elmali_yilmazli,YILMAZLI,Elmalı,10.39347079035665,1.1,5.5,-4.89,Risk Altinda,53.29,7.24,3.78,1.86,19.96,6.14,42.87,17.65,67.11,53.62,50.66
elmali_yuva,YUVA,Elmalı,30.76650388852816,7.46,26.51,-4.25,Risk Altinda,28.73,11.73,35.75,8.33,43.42,20.94,40.46,42.54,30.15,37.06,41.34
elmali_yorenler,YÖRENLER,Elmalı,0.4230873575683046,15.24,0.0,-0.42,Risk Altinda,4.28,28.4,3.78,5.26,94.63,5.15,0.99,17.65,23.36,27.19,3.29
elmali_zumrutova,ZÜMRÜTOVA,Elmalı,26.088465364390625,25.11,23.6,-2.49,Dusuk Potansiyel,39.04,33.44,33.99,48.9,9.98,17.87,49.56,41.23,16.78,45.5,45.83
elmali_ilyagi,İLYAĞI,Elmalı,17.413365888913873,6.58,13.07,-4.34,Risk Altinda,31.14,8.55,28.29,21.71,65.13,22.26,31.36,17.65,93.42,52.08,33.0
elmali_caybasi,ÇAYBAŞI,Elmalı,24.025004521565467,33.11,22.34,-1.69,Dusuk Potansiyel,55.37,60.2,50.55,56.36,9.1,33.99,93.31,54.39,49.67,90.46,62.72
elmali_cobanisa,ÇOBANİSA,Elmalı,15.29051365524101,23.36,12.63,-2.66,Risk Altinda,41.89,49.45,44.08,52.19,10.31,38.27,53.4,48.79,98.57,75.99,46.49
elmali_cukurelma,ÇUKURELMA,Elmalı,20.955778621770257,23.25,18.28,-2.68,Risk Altinda,32.79,41.01,38.16,46.71,46.27,27.19,49.89,17.65,94.96,60.31,38.49
elmali_ozdemir,ÖZDEMİR,Elmalı,25.303535901559552,10.53,21.36,-3.95,Risk Altinda,33.11,17.87,43.97,47.04,21.82,40.02,49.12,53.07,82.35,64.58,39.25
elmali_imircik,İMİRCİK,Elmalı,3.056248869590367,3.18,0.0,-3.06,Risk Altinda,21.05,40.68,3.78,6.47,34.43,24.89,62.61,17.65,52.19,60.96,33.44
elmali_iplik_pazari,İPLİK PAZARI,Elmalı,37.33743791385852,96.38,46.61,9.28,Yuksek Potansiyel,97.04,83.55,90.57,92.43,16.23,92.65,41.23,89.69,68.53,86.51,90.13
elmali_islamlar,İSLAMLAR,Elmalı,22.677812443434497,3.95,18.07,-4.61,Risk Altinda,34.32,11.07,24.89,16.45,25.33,13.27,41.12,17.65,49.34,53.73,41.12
finike_alacadag,ALACADAĞ,Finike,4.138090070528646,22.81,1.42,-2.72,Risk Altinda,22.81,29.17,21.82,30.37,18.31,23.68,8.0,37.72,6.36,27.85,26.43
finike_arif,ARİF,Finike,26.893809911323537,16.12,23.51,-3.39,Risk Altinda,21.38,17.32,20.83,14.36,44.63,13.49,8.11,17.65,6.69,31.14,28.4
finike_asaronu,ASARÖNÜ,Finike,5.4073521432335605,29.06,3.31,-2.09,Dusuk Potansiyel,11.95,27.96,3.78,25.66,79.5,29.39,4.39,17.65,13.6,1.64,17.0
demre_beymelek,BEYMELEK,Demre,47.96723684160352,71.05,52.18,4.21,Yuksek Potansiyel,74.89,51.64,58.77,57.68,29.06,62.28,52.63,58.22,15.79,44.19,55.04
finike_boldag,BOLDAĞ,Finike,15.67044112682117,26.32,13.3,-2.37,Dusuk Potansiyel,14.47,4.82,51.32,54.28,28.84,44.3,19.85,40.57,20.5,11.51,26.21
finike_dagbag,DAĞBAĞ,Finike,4.420148308907516,2.3,0.0,-4.42,Risk Altinda,26.64,11.51,3.78,3.95,6.36,10.53,30.48,17.65,9.76,13.16,39.69
finike_ernez,ERNEZ,Finike,21.73514650022782,5.04,17.24,-4.5,Risk Altinda,23.79,6.03,16.89,9.65,35.75,14.8,18.86,17.65,24.78,30.92,36.51
finike_eski,ESKİ,Finike,40.35901315773595,50.66,40.49,0.13,Orta Potansiyel,55.92,11.18,84.43,70.94,23.25,72.81,36.07,78.95,43.53,35.64,77.3
finike_gokbuk,GÖKBÜK,Finike,23.10275366246064,34.32,21.53,-1.57,Dusuk Potansiyel,33.0,15.13,55.15,43.31,49.23,27.08,31.14,17.65,32.24,4.82,43.75
finike_gokceyaka,GÖKÇEYAKA,Finike,5.618895822017713,13.6,1.98,-3.64,Risk Altinda,7.89,12.28,9.21,23.46,86.18,11.51,16.67,40.79,13.38,13.6,10.75
finike_hasyurt,HASYURT,Finike,79.30160978457354,81.03,85.51,6.21,Yuksek Potansiyel,69.74,83.88,73.25,73.57,52.08,62.39,91.45,72.26,40.68,53.29,67.11
finike_kale,KALE,Finike,66.24207152452567,91.67,74.58,8.33,Yuksek Potansiyel,61.73,96.82,87.28,80.81,39.14,84.65,61.62,80.04,32.68,73.9,82.13
finike_karsiyaka,KARŞIYAKA,Finike,57.89692982419896,93.97,66.69,8.79,Yuksek Potansiyel,59.21,87.17,76.86,81.69,43.2,78.95,0.33,72.81,43.31,66.56,84.32
finike_kizilca,KIZILCA,Finike,53.9294028336845,87.5,61.43,7.5,Yuksek Potansiyel,63.82,69.41,78.4,85.64,58.0,83.99,50.44,17.65,55.26,69.74,83.11
finike_kum,KUM,Finike,53.94950331113654,81.25,60.2,6.25,Yuksek Potansiyel,77.96,86.18,75.22,75.77,17.43,80.04,97.92,74.56,34.98,58.88,81.8
finike_sahilkent,SAHİLKENT,Finike,39.71256486269755,71.49,44.01,4.3,Yuksek Potansiyel,62.17,71.27,63.38,68.86,25.99,54.82,66.01,65.46,30.59,33.99,62.61
finike_saklisu,SAKLISU,Finike,17.824054855383714,41.67,16.99,-0.83,Dusuk Potansiyel,57.35,32.89,52.74,46.49,30.26,50.77,71.38,54.5,35.09,19.63,58.44
finike_turuncova,TURUNÇOVA,Finike,33.540649303608326,71.71,37.88,4.34,Yuksek Potansiyel,66.12,65.13,69.74,62.72,31.25,58.44,69.96,70.5,26.1,27.52,68.75
finike_yalniz,YALNIZ,Finike,22.37163139803811,6.47,18.02,-4.35,Risk Altinda,17.11,14.36,19.96,12.61,26.86,9.54,8.88,35.96,8.88,35.53,31.36
finike_yazir,YAZIR,Finike,15.125361729034058,10.2,11.15,-3.98,Risk Altinda,18.09,33.99,20.61,5.7,17.65,10.31,28.51,17.65,10.75,24.12,36.73
finike_yeni,YENİ,Finike,63.38296771506374,87.06,70.8,7.41,Yuksek Potansiyel,87.61,86.62,93.53,94.85,12.94,93.64,97.37,89.8,52.63,92.76,99.89
finike_yesilkoy,YEŞİLKÖY,Finike,10.252441671167215,11.73,6.43,-3.83,Risk Altinda,10.64,10.75,18.09,8.88,79.82,2.52,14.58,17.65,10.09,13.05,17.21
finike_yesilyurt,YEŞİLYURT,Finike,40.83039473645027,45.39,40.37,-0.46,Orta Potansiyel,61.07,7.68,67.32,64.14,37.28,56.03,59.76,66.12,27.19,20.83,65.9
finike_yuvali,YUVALI,Finike,36.93250555952029,59.76,38.88,1.95,Orta Potansiyel,67.87,29.61,64.04,68.64,32.24,50.0,52.85,55.37,23.03,31.91,72.48
finike_camlibel,ÇAMLIBEL,Finike,3.8319090251322585,5.48,0.0,-3.83,Risk Altinda,14.58,12.72,3.78,10.42,53.84,14.14,20.61,17.65,11.4,31.25,26.1
finike_iskele,İSKELE,Finike,35.747763157579925,59.87,37.72,1.97,Orta Potansiyel,75.22,39.14,66.12,63.6,20.72,59.98,67.76,65.02,38.38,34.21,74.01
gazipasa_akoluk,AKOLUK,Gazipaşa,1.4808057514890662,17.32,0.0,-1.48,Risk Altinda,1.43,37.83,9.32,25.33,33.5,20.5,15.46,17.65,3.18,34.76,0.71
gazipasa_aydin,AYDIN,Gazipaşa,44.85978890720898,76.21,50.1,5.24,Yuksek Potansiyel,97.92,57.35,80.81,76.43,30.15,80.92,83.22,79.5,67.21,76.1,82.79
gazipasa_aydincik,AYDINCIK,Gazipaşa,35.91879169740493,82.57,42.43,6.51,Yuksek Potansiyel,91.12,85.42,62.28,62.17,14.47,65.02,57.24,66.34,57.35,54.61,69.52
gazipasa_bakilar,BAKILAR,Gazipaşa,24.968381578897088,88.05,32.58,7.61,Yuksek Potansiyel,98.25,82.35,59.65,59.43,35.09,67.98,66.34,17.65,63.27,51.54,73.14
gazipasa_beyobasi,BEYOBASI,Gazipaşa,30.698109710772854,91.45,38.99,8.29,Yuksek Potansiyel,80.59,78.95,53.62,57.46,84.1,66.67,45.18,17.65,60.75,36.18,62.17
gazipasa_beyrebucak,BEYREBUCAK,Gazipaşa,37.64199406952511,72.15,42.07,4.43,Yuksek Potansiyel,84.98,51.75,56.25,57.02,3.51,54.61,27.41,41.78,35.42,36.4,65.02
gazipasa_cumhuriyet,CUMHURİYET,Gazipaşa,50.656698399454456,87.39,58.13,7.48,Yuksek Potansiyel,88.38,78.73,77.63,76.54,26.43,77.3,69.63,75.11,46.16,59.32,73.68
gazipasa_doganca,DOĞANCA,Gazipaşa,17.107184843517484,58.44,18.8,1.69,Orta Potansiyel,6.25,50.22,39.14,44.41,98.79,49.56,22.7,44.74,6.14,1.86,4.06
gazipasa_ekmel,EKMEL,Gazipaşa,28.21434395837634,77.52,33.72,5.5,Yuksek Potansiyel,88.93,70.61,63.6,57.24,28.95,71.38,65.02,64.25,53.73,49.89,67.87
gazipasa_esenpinar,ESENPINAR,Gazipaşa,0.987203834326044,33.66,0.0,-0.99,Dusuk Potansiyel,7.46,28.07,3.78,37.28,95.39,33.44,12.83,17.65,8.22,2.41,3.95
gazipasa_esentepe,ESENTEPE,Gazipaşa,30.812879414972564,60.53,32.92,2.11,Orta Potansiyel,87.94,4.06,66.78,71.05,27.52,76.64,16.34,67.98,59.21,50.66,77.63
gazipasa_gazi,GAZİ,Gazipaşa,49.6354856511159,75.11,54.66,5.02,Yuksek Potansiyel,97.59,52.3,80.04,74.23,18.2,79.17,73.68,76.86,54.93,72.59,80.81
gazipasa_gokcebelen,GÖKÇEBELEN,Gazipaşa,8.769782058220315,28.95,6.66,-2.11,Dusuk Potansiyel,4.17,28.62,33.55,31.03,99.34,20.07,25.44,53.29,27.74,2.96,2.19
gazipasa_gokcesaray,GÖKÇESARAY,Gazipaşa,4.631691987691668,32.13,2.84,-1.79,Dusuk Potansiyel,4.39,19.63,10.31,35.64,97.92,30.59,7.35,17.65,3.73,0.22,2.63
gazipasa_gocuk,GÖÇÜK,Gazipaşa,20.17826460477053,52.52,20.68,0.5,Orta Potansiyel,42.87,42.43,15.02,40.35,72.92,40.13,9.32,17.65,33.33,22.04,30.15
gazipasa_guneykoy,GÜNEYKÖY,Gazipaşa,26.96905114889281,58.66,28.7,1.73,Orta Potansiyel,56.91,25.0,54.82,51.1,64.58,54.5,30.81,57.13,28.62,26.21,40.57
gazipasa_gurcam,GÜRÇAM,Gazipaşa,8.276180141057292,41.78,7.45,-0.82,Dusuk Potansiyel,3.95,23.36,30.59,39.8,90.24,40.9,3.84,17.65,5.15,3.07,7.79
gazipasa_hasdere,HASDERE,Gazipaşa,22.5520756114788,67.32,26.02,3.46,Orta Potansiyel,86.84,63.93,42.54,52.41,4.71,57.46,55.92,52.52,36.29,40.46,66.34
gazipasa_ilica,ILICA,Gazipaşa,20.34341653097748,53.07,20.96,0.61,Orta Potansiyel,6.69,47.48,39.47,33.66,99.12,28.51,9.65,17.65,15.46,3.29,3.73
gazipasa_kahyalar,KAHYALAR,Gazipaşa,35.708784284507615,75.77,40.86,5.15,Yuksek Potansiyel,72.92,73.57,62.06,61.4,27.74,59.76,49.78,60.42,43.75,43.97,60.09
gazipasa_karalar,KARALAR,Gazipaşa,25.05003706439601,58.0,26.65,1.6,Orta Potansiyel,52.52,43.97,26.64,43.53,69.85,46.82,24.78,17.65,41.23,22.37,45.29
gazipasa_karatepe,KARATEPE,Gazipaşa,16.188641707328323,46.71,15.86,-0.33,Orta Potansiyel,14.91,35.09,26.97,36.29,93.42,36.73,9.1,17.65,11.18,27.74,10.09
gazipasa_karacukur,KARAÇUKUR,Gazipaşa,1.9038931090573707,46.05,1.51,-0.39,Orta Potansiyel,4.71,42.0,3.78,41.89,98.9,43.09,4.17,17.65,16.89,1.43,1.97
gazipasa_kirahmetler,KIRAHMETLER,Gazipaşa,15.948739807208264,71.38,20.23,4.28,Yuksek Potansiyel,80.92,68.64,55.81,52.74,2.41,57.35,36.73,53.73,51.97,36.95,63.49
gazipasa_kizilguney,KIZILGÜNEY,Gazipaşa,13.566567827975131,40.46,12.61,-0.95,Dusuk Potansiyel,44.41,5.7,34.87,37.83,68.86,41.67,2.08,17.65,36.18,15.24,38.82
gazipasa_koru,KORU,Gazipaşa,28.912513157822943,71.16,33.14,4.23,Yuksek Potansiyel,86.62,61.4,64.91,60.2,6.58,73.36,65.35,57.24,47.59,55.81,70.5
gazipasa_korubasi,KORUBAŞI,Gazipaşa,28.03328391390005,70.18,32.07,4.04,Yuksek Potansiyel,91.67,58.77,43.53,56.91,6.8,62.06,53.29,17.65,46.93,49.34,71.16
gazipasa_kucuklu,KÜÇÜKLÜ,Gazipaşa,15.565048183784828,77.63,21.09,5.53,Yuksek Potansiyel,50.44,71.16,30.48,43.64,86.51,50.55,12.39,17.65,44.19,16.12,25.11
gazipasa_macar,MACAR,Gazipaşa,25.832171979143205,71.82,30.2,4.36,Yuksek Potansiyel,94.85,49.89,45.29,53.84,3.4,62.17,38.49,17.65,40.57,40.57,69.08
gazipasa_muzkent,MUZKENT,Gazipaşa,32.64607116369068,48.25,32.47,-0.18,Orta Potansiyel,64.25,4.93,49.78,54.71,55.15,57.24,30.04,50.55,38.6,32.35,52.08
gazipasa_pazarci,PAZARCI,Gazipaşa,63.04256346561755,96.93,72.43,9.39,Yuksek Potansiyel,95.18,92.87,83.66,82.24,77.96,84.76,97.7,79.61,59.43,81.14,78.18
gazipasa_sariagac,SARIAĞAÇ,Gazipaşa,34.78047368410367,68.2,38.42,3.64,Orta Potansiyel,91.01,62.06,70.29,62.61,7.46,67.43,82.57,64.47,53.4,69.08,72.7
gazipasa_sugozu,SUGÖZÜ,Gazipaşa,17.342851329319153,46.82,17.02,-0.32,Orta Potansiyel,14.69,35.42,33.77,42.11,92.76,42.87,25.99,42.21,1.64,32.68,9.65
gazipasa_yakacik,YAKACIK,Gazipaşa,11.082802075578613,36.18,9.7,-1.38,Dusuk Potansiyel,47.92,5.81,47.48,33.88,55.59,39.14,34.54,17.65,17.43,19.19,40.68
gazipasa_yeni,YENİ,Gazipaşa,48.32781456944433,73.46,53.02,4.69,Yuksek Potansiyel,86.07,46.05,87.17,83.0,46.16,87.61,84.32,84.54,64.91,78.62,82.68
gazipasa_yeniguney,YENİGÜNEY,Gazipaşa,5.5483812624229945,19.41,2.49,-3.06,Risk Altinda,1.43,27.85,10.64,33.44,33.5,32.24,9.87,17.65,17.11,1.1,0.71
gazipasa_yenikoy,YENİKÖY,Gazipaşa,24.19015644777242,55.04,25.2,1.01,Orta Potansiyel,16.34,48.25,36.29,41.67,93.86,37.61,8.44,45.07,23.25,16.01,11.4
gazipasa_yesilyurt,YEŞİLYURT,Gazipaşa,9.216992222806136,32.79,7.5,-1.72,Dusuk Potansiyel,9.21,20.94,8.99,37.94,95.72,37.5,8.33,17.65,5.48,24.56,5.81
gazipasa_zeytinada,ZEYTİNADA,Gazipaşa,19.30830244618557,38.05,18.11,-1.2,Dusuk Potansiyel,29.39,7.46,49.67,31.14,88.27,30.37,6.58,47.59,17.0,20.61,19.41
gazipasa_cakmak,ÇAKMAK,Gazipaşa,4.190548554477495,41.01,3.29,-0.9,Dusuk Potansiyel,15.02,42.11,24.45,36.51,92.43,44.85,22.04,42.43,32.13,33.77,8.33
gazipasa_calipinar,ÇALIPINAR,Gazipaşa,21.24888806515323,65.79,24.41,3.16,Orta Potansiyel,68.53,72.59,46.16,38.16,26.1,47.04,46.82,17.65,48.46,40.13,61.07
gazipasa_camlica,ÇAMLICA,Gazipaşa,5.195808464449407,18.86,2.08,-3.11,Risk Altinda,1.43,19.19,14.69,24.34,99.01,29.71,28.73,17.65,9.87,45.83,1.54
gazipasa_ciglik,ÇIĞLIK,Gazipaşa,9.82935431359891,20.5,6.88,-2.95,Risk Altinda,3.29,27.52,15.57,15.46,99.78,17.32,27.85,17.65,4.06,39.47,1.75
gazipasa_cobanlar,ÇOBANLAR,Gazipaşa,33.03713862106427,67.65,36.57,3.53,Orta Potansiyel,96.71,47.26,53.95,53.51,1.75,57.57,43.53,60.31,36.73,42.32,75.44
gazipasa_corus,ÇÖRÜŞ,Gazipaşa,7.994121902678422,36.51,6.65,-1.35,Dusuk Potansiyel,13.05,26.1,9.87,41.12,90.68,44.96,13.49,17.65,18.97,8.55,11.62
gazipasa_cile,ÇİLE,Gazipaşa,6.676614215938473,43.53,6.03,-0.65,Dusuk Potansiyel,3.51,32.02,11.73,45.18,98.36,46.05,5.26,17.65,13.93,2.3,2.3
gazipasa_cimenbag,ÇİMENBAĞ,Gazipaşa,5.336837583638843,26.64,3.0,-2.34,Dusuk Potansiyel,7.13,36.84,14.14,22.59,97.37,7.13,18.31,17.65,37.72,7.24,5.26
gazipasa_oznurtepe,ÖZNURTEPE,Gazipaşa,3.690879905942824,40.9,2.78,-0.91,Dusuk Potansiyel,6.47,40.24,10.53,36.73,97.48,34.1,13.6,17.65,20.07,1.75,2.52
gazipasa_uckonak,ÜÇKONAK,Gazipaşa,6.394555977559604,31.8,4.57,-1.82,Dusuk Potansiyel,5.37,10.86,39.36,41.23,97.59,43.75,2.3,52.3,37.06,7.57,3.07
gazipasa_inal,İNAL,Gazipaşa,9.287506782400854,37.72,8.06,-1.23,Dusuk Potansiyel,10.42,22.04,8.55,40.9,94.85,37.39,4.82,17.65,7.02,1.97,5.7
gazipasa_incegiz,İNCEĞİZ,Gazipaşa,14.466607885664082,45.94,14.06,-0.41,Orta Potansiyel,39.25,34.87,12.72,29.71,75.33,29.61,1.86,17.65,34.32,6.47,23.36
gazipasa_istiklal,İSTİKLAL,Gazipaşa,54.630311810028914,65.57,57.74,3.11,Orta Potansiyel,96.49,6.58,89.91,83.11,62.06,88.71,79.93,86.95,61.29,79.17,86.95
gundogmus_akyar,AKYAR,Gündoğmuş,14.984332609844625,12.61,11.25,-3.74,Risk Altinda,15.35,21.93,17.43,18.53,58.99,1.64,14.8,17.65,25.66,35.86,21.49
alanya_bayir,BAYIR,Alanya,9.899868873193627,18.2,6.72,-3.18,Risk Altinda,1.43,51.43,18.53,16.78,33.5,7.68,11.4,17.65,46.27,1.21,0.71
alanya_bayirkozagaci,BAYIRKOZAĞACI,Alanya,1.551320311083784,18.64,0.0,-1.55,Risk Altinda,8.22,28.18,9.1,6.14,84.65,0.33,10.53,17.65,7.46,3.4,9.43
gundogmus_bedan,BEDAN,Gündoğmuş,12.935702658682146,8.55,8.79,-4.14,Risk Altinda,9.43,20.83,14.91,10.31,68.42,5.48,22.26,35.53,4.28,52.41,12.17
alanya_burcaklar,BURÇAKLAR,Alanya,19.2560137456657,62.5,21.76,2.5,Orta Potansiyel,39.91,59.98,42.32,32.89,65.46,25.99,16.56,17.65,19.41,16.67,43.31
gundogmus_eskibag,ESKİBAĞ,Gündoğmuş,8.205665581462576,21.16,5.32,-2.88,Risk Altinda,8.66,16.12,27.41,28.18,85.31,7.79,10.42,17.65,15.68,32.24,15.24
gundogmus_fatih,FATİH,Gündoğmuş,26.658143425521867,60.31,28.72,2.06,Orta Potansiyel,52.63,37.39,50.77,58.66,30.37,48.68,21.71,17.65,31.58,23.25,53.51
alanya_gozubuyuk,GÖZÜBÜYÜK,Alanya,19.18549918607098,41.56,18.34,-0.84,Dusuk Potansiyel,54.28,52.63,34.65,31.47,7.02,26.21,23.14,48.25,32.57,24.78,55.92
alanya_gumusgoze,GÜMÜŞGÖZE,Alanya,13.217760897061016,46.27,12.84,-0.37,Orta Potansiyel,18.64,52.52,34.54,28.07,74.34,30.26,19.52,47.81,20.72,1.32,25.44
alanya_guney,GÜNEY,Alanya,15.383988139308542,51.64,15.71,0.33,Orta Potansiyel,50.33,65.46,47.59,35.53,19.74,18.2,19.3,17.65,56.47,33.0,57.02
gundogmus_guneycik,GÜNEYCİK,Gündoğmuş,6.817643335127909,23.14,4.13,-2.69,Risk Altinda,17.32,26.86,29.17,18.64,34.65,32.68,12.72,17.65,22.7,8.11,27.19
gundogmus_guneyyaka,GÜNEYYAKA,Gündoğmuş,3.338307107969237,9.87,0.0,-3.34,Risk Altinda,1.43,32.68,23.57,6.69,33.5,4.82,19.74,17.65,5.59,34.43,0.71
alanya_guzelbag,GÜZELBAĞ,Alanya,17.465921052571595,33.44,15.81,-1.66,Dusuk Potansiyel,35.09,44.96,25.55,26.54,23.57,27.96,17.0,17.65,34.76,14.58,37.72
gundogmus_kalecik,KALECİK,Gündoğmuş,8.487723819841445,26.1,6.1,-2.39,Dusuk Potansiyel,12.06,17.0,40.02,29.61,74.67,9.98,14.25,17.65,26.86,5.26,21.93
gundogmus_karabul,KARABUL,Gündoğmuş,3.126763429185085,14.04,0.0,-3.13,Risk Altinda,1.43,30.48,13.05,12.06,33.5,19.63,5.92,17.65,18.2,5.37,0.71
gundogmus_karadere,KARADERE,Gündoğmuş,8.558238379436162,24.56,6.01,-2.54,Risk Altinda,1.43,38.38,19.74,27.19,33.5,20.61,6.14,17.65,3.95,16.34,0.71
alanya_karakocali,KARAKOCALI,Alanya,18.218710435846788,42.43,17.46,-0.76,Dusuk Potansiyel,31.36,42.21,34.1,20.5,87.72,36.29,30.7,17.65,11.73,80.04,19.96
gundogmus_karakoy,KARAKÖY,Gündoğmuş,9.42853590159029,52.63,9.95,0.53,Orta Potansiyel,38.6,39.91,44.52,43.97,70.39,23.03,29.5,17.65,29.71,10.09,32.24
alanya_karamanlar,KARAMANLAR,Alanya,21.21556791458944,36.4,19.86,-1.36,Dusuk Potansiyel,13.6,49.67,31.58,34.21,57.89,36.51,32.46,17.65,29.5,9.21,34.43
gundogmus_karaisa,KARAİSA,Gündoğmuş,7.500519985515401,16.89,4.19,-3.31,Risk Altinda,1.43,26.97,41.89,24.45,33.5,8.77,20.39,17.65,28.51,3.95,0.71
gundogmus_kayabuku,KAYABÜKÜ,Gündoğmuş,16.56533731231943,19.3,13.5,-3.07,Risk Altinda,18.2,15.68,42.11,22.15,62.28,8.33,19.08,17.65,17.76,47.7,24.01
gundogmus_kozagaci,KOZAĞACI,Gündoğmuş,2.538524145409828,13.27,0.0,-2.54,Risk Altinda,3.18,21.49,14.47,7.24,90.57,7.02,16.12,17.65,0.33,59.65,3.62
gundogmus_koprulu,KÖPRÜLÜ,Gündoğmuş,18.50262253568349,23.57,15.86,-2.64,Risk Altinda,12.28,24.34,16.56,23.57,63.38,17.0,2.74,17.65,2.63,26.64,23.25
gundogmus_naragaci,NARAĞACI,Gündoğmuş,6.606099656343757,25.55,4.16,-2.45,Dusuk Potansiyel,3.4,18.2,21.16,22.26,96.6,17.76,3.4,17.65,10.96,20.29,4.28
alanya_orhan,ORHAN,Alanya,11.6181949719422,14.91,8.11,-3.51,Risk Altinda,7.68,7.02,13.6,21.6,95.18,28.95,26.64,17.65,26.21,6.69,8.77
gundogmus_ortakonus,ORTAKONUŞ,Gündoğmuş,11.265622173968612,43.31,10.6,-0.67,Dusuk Potansiyel,10.2,40.02,30.81,45.94,73.79,34.76,10.75,17.65,29.93,3.84,23.9
gundogmus_ortakoy,ORTAKÖY,Gündoğmuş,18.289224995441504,11.62,14.45,-3.84,Risk Altinda,5.7,9.43,17.98,14.25,90.9,8.55,22.92,17.65,1.21,39.25,7.35
gundogmus_pembelik,PEMBELİK,Gündoğmuş,4.913750226070539,2.52,0.17,-4.75,Risk Altinda,11.29,23.25,14.58,9.43,11.73,7.24,31.58,35.42,1.32,63.05,12.94
akseki_pinarbasi,PINARBAŞI,Akseki,2.397495026220393,9.21,0.0,-2.4,Risk Altinda,5.04,8.11,22.7,8.44,83.33,0.88,16.89,17.65,2.52,31.8,11.18
gundogmus_rasih_kaplan,RASİH KAPLAN,Gündoğmuş,33.26210526288665,65.13,36.29,3.03,Orta Potansiyel,54.06,32.24,70.5,69.19,29.71,55.48,29.61,63.93,5.81,27.96,59.98
alanya_saburlar,SABURLAR,Alanya,13.1472463374663,22.92,10.44,-2.71,Risk Altinda,25.0,33.0,9.65,9.21,70.18,16.01,21.05,17.65,23.57,12.06,24.78
gundogmus_senir,SENİR,Gündoğmuş,14.230941399862411,22.37,11.47,-2.76,Risk Altinda,24.23,31.69,25.44,11.73,42.54,32.79,17.98,17.65,40.35,8.77,33.77
gundogmus_serinyaka,SERİNYAKA,Gündoğmuş,4.84323566647582,37.61,3.6,-1.24,Dusuk Potansiyel,24.89,30.26,35.2,21.38,71.38,35.96,32.68,17.65,12.83,1.54,22.04
alanya_suleymanlar,SÜLEYMANLAR,Alanya,16.77688099110358,34.98,15.27,-1.5,Dusuk Potansiyel,24.34,42.87,18.64,19.3,71.27,0.55,5.48,17.65,12.39,6.25,28.84
gundogmus_umutlu,UMUTLU,Gündoğmuş,15.431542774430444,25.0,12.93,-2.5,Risk Altinda,32.13,33.33,27.74,19.52,41.34,11.84,7.13,17.65,53.62,11.84,41.23
alanya_yenice,YENİCE,Alanya,19.682808826149675,46.38,19.32,-0.36,Orta Potansiyel,35.75,67.65,43.31,20.72,65.35,8.0,31.8,52.08,36.95,24.89,42.54
gundogmus_yenikoy,YENİKÖY,Gündoğmuş,4.067575510933928,32.89,2.36,-1.71,Dusuk Potansiyel,7.24,47.37,14.25,19.85,93.97,15.35,24.34,17.65,13.05,7.68,11.07
gundogmus_camlialan,ÇAMLIALAN,Gündoğmuş,10.1819271115725,16.45,6.83,-3.36,Risk Altinda,11.73,6.36,13.93,24.12,87.17,29.5,4.5,17.65,39.91,12.39,18.42
gundogmus_cayirozu,ÇAYIRÖZÜ,Gündoğmuş,7.288976306731248,9.32,3.22,-4.07,Risk Altinda,1.43,25.22,27.96,18.97,33.5,2.96,7.46,44.85,31.47,4.06,0.71
gundogmus_cicekoluk,ÇİÇEKOLUK,Gündoğmuş,6.324041417964887,24.12,3.74,-2.59,Risk Altinda,5.48,23.9,27.3,5.92,94.52,9.76,6.91,17.65,13.16,2.19,7.02
gundogmus_ozugur,ÖZÜGÜR,Gündoğmuş,21.10671052620077,58.88,22.88,1.78,Orta Potansiyel,47.26,27.41,54.71,76.21,14.04,62.61,7.68,58.77,19.74,18.64,63.05
kas_ahatli,AHATLI,Kaş,12.041282329510503,47.59,11.8,-0.24,Orta Potansiyel,39.69,54.82,30.15,28.62,56.69,26.54,32.02,40.35,24.67,25.11,25.0
kas_aklar,AKLAR,Kaş,23.81346084278132,42.87,23.1,-0.71,Dusuk Potansiyel,29.82,43.53,29.28,27.63,76.32,1.43,26.43,17.65,6.8,16.78,14.91
kas_akoru,AKÖRÜ,Kaş,14.396093326069366,17.98,11.19,-3.2,Risk Altinda,14.25,4.28,28.62,17.32,95.61,2.19,19.19,17.65,16.12,5.48,7.24
kas_andifli,ANDİFLİ,Kaş,87.47123612790381,70.07,91.48,4.01,Yuksek Potansiyel,65.02,13.38,79.93,74.12,83.44,77.85,42.65,83.44,22.26,45.07,59.54
kas_agullu,AĞULLU,Kaş,32.45883071073572,90.24,40.51,8.05,Yuksek Potansiyel,56.47,78.62,72.15,71.49,89.69,60.53,40.35,73.68,33.22,37.5,46.82
kas_bayindir,BAYINDIR,Kaş,50.07120867041888,69.3,53.93,3.86,Orta Potansiyel,43.42,49.56,54.17,60.09,87.94,52.63,44.41,53.84,24.45,24.01,26.32
kas_beldibi,BELDİBİ,Kaş,8.934933984427266,52.3,9.4,0.46,Orta Potansiyel,16.45,62.28,29.93,18.2,94.96,11.07,6.03,42.32,12.94,0.11,7.46
kas_belenli,BELENLİ,Kaş,32.98445934531644,42.98,32.28,-0.7,Dusuk Potansiyel,38.82,14.58,44.85,39.47,85.42,38.6,29.71,51.32,20.29,15.9,24.45
kas_belkonak,BELKONAK,Kaş,1.3397766322996314,8.22,0.0,-1.34,Risk Altinda,19.96,11.4,3.78,7.57,82.89,20.83,33.44,17.65,36.84,21.49,9.98
kas_bezirgan,BEZİRGAN,Kaş,44.21789473639552,78.73,49.96,5.75,Yuksek Potansiyel,46.16,72.37,59.43,61.18,87.28,57.68,47.37,56.03,33.77,39.36,31.69
kas_sahil_barak,SAHİL BARAK,Kaş,12.219681245328218,39.14,11.13,-1.09,Dusuk Potansiyel,45.5,8.22,41.56,34.65,75.44,47.7,37.06,17.65,42.11,12.83,22.59
kas_cemre,CEMRE,Kaş,17.55439500810331,30.37,15.59,-1.96,Dusuk Potansiyel,13.93,53.73,19.63,7.02,92.98,4.17,15.57,38.05,17.87,53.51,6.58
kas_dere,DERE,Kaş,9.970383432788346,39.25,8.9,-1.07,Dusuk Potansiyel,25.55,20.07,27.52,29.82,80.26,40.35,18.09,17.65,18.64,0.66,14.47
kas_dogantas,DOĞANTAŞ,Kaş,19.96672092598638,13.82,16.35,-3.62,Risk Altinda,33.33,7.89,21.27,9.87,56.47,4.93,23.36,17.65,15.9,26.32,28.07
kas_dirgenler,DİRGENLER,Kaş,27.86616024592124,6.8,23.55,-4.32,Risk Altinda,63.49,4.39,37.72,26.32,13.49,22.92,51.54,41.56,83.55,56.25,55.37
kas_gelemis,GELEMİŞ,Kaş,41.16219635605769,70.72,45.31,4.14,Yuksek Potansiyel,52.41,71.71,63.82,58.99,39.8,63.16,50.66,68.53,39.14,35.09,48.57
kas_gokceyazi,GÖKÇEYAZI,Kaş,7.123824380524296,19.74,4.1,-3.03,Risk Altinda,33.22,6.91,10.75,19.96,81.36,27.52,31.03,17.65,25.11,20.5,15.46
kas_gokceoren,GÖKÇEÖREN,Kaş,56.19850708467116,76.32,61.46,5.26,Yuksek Potansiyel,44.19,55.81,52.3,54.82,90.79,47.26,23.57,39.14,22.04,15.35,22.7
kas_gursu,GÜRSU,Kaş,8.840296617815032,27.85,6.63,-2.21,Dusuk Potansiyel,16.56,34.54,26.43,14.91,91.78,1.1,22.37,17.65,30.37,15.57,9.54
kas_hacioglan,HACIOĞLAN,Kaş,11.477165852752764,30.81,9.56,-1.92,Dusuk Potansiyel,23.25,36.95,8.66,17.54,85.64,10.75,26.86,17.65,14.58,5.59,13.27
kas_kalkan,KALKAN,Kaş,52.41601131335199,97.59,61.93,9.52,Yuksek Potansiyel,81.36,79.71,85.31,79.06,67.43,82.35,40.24,85.75,38.16,69.3,68.86
kas_karadag,KARADAĞ,Kaş,28.125949538740425,4.82,23.61,-4.52,Risk Altinda,49.01,6.25,16.01,16.67,22.48,11.18,38.16,49.89,42.43,30.37,45.07
kas_kasaba,KASABA,Kaş,32.139214232632995,20.39,29.18,-2.96,Risk Altinda,58.0,6.69,55.37,38.49,47.81,39.25,53.62,62.28,79.28,54.71,49.01
kas_kemer,KEMER,Kaş,23.7429462831866,45.61,23.3,-0.44,Orta Potansiyel,24.67,53.29,29.06,10.53,84.76,14.36,21.49,17.65,11.95,13.82,14.58
kas_kinik,KINIK,Kaş,61.37407219933509,55.81,62.54,1.16,Orta Potansiyel,83.11,54.71,67.0,63.49,5.04,62.94,84.65,65.9,67.32,75.22,77.19
kas_kizilagac,KIZILAĞAÇ,Kaş,5.900954060396582,7.02,1.6,-4.3,Risk Altinda,34.65,5.04,3.78,8.77,91.23,0.77,33.0,17.65,52.74,19.41,24.56
kas_ova,OVA,Kaş,76.51131633968696,51.75,76.86,0.35,Orta Potansiyel,78.73,60.75,64.8,59.98,4.61,43.42,98.14,60.75,53.18,68.53,75.11
kas_palamut,PALAMUT,Kaş,30.30526737503198,44.3,29.74,-0.57,Dusuk Potansiyel,43.64,60.09,41.01,21.82,75.77,22.81,49.67,42.0,51.21,42.54,36.62
kas_pinarbasi,PINARBAŞI,Kaş,19.06673901244123,82.46,25.56,6.49,Yuksek Potansiyel,27.3,69.3,57.89,63.05,90.35,51.54,2.63,61.73,20.83,11.07,17.32
kas_sahilkilincli,SAHİLKILINÇLI,Kaş,9.2653817642452,25.99,6.86,-2.4,Dusuk Potansiyel,48.57,18.31,22.92,20.83,43.64,41.89,39.36,39.25,36.07,22.26,26.54
kas_saribelen,SARIBELEN,Kaş,32.61355263131861,69.19,36.45,3.84,Orta Potansiyel,34.21,70.07,40.9,53.07,81.25,38.05,33.11,45.39,21.82,19.74,22.15
kas_sarilar,SARILAR,Kaş,11.195107614373894,36.84,9.88,-1.32,Dusuk Potansiyel,40.57,30.81,34.32,31.69,84.21,37.17,50.0,59.98,33.88,32.57,15.13
kas_sutlegen,SÜTLEĞEN,Kaş,29.118714957439973,59.54,31.03,1.91,Orta Potansiyel,34.1,47.81,46.05,40.02,86.73,27.85,27.74,52.74,10.2,14.69,20.39
kas_sinneli,SİNNELİ,Kaş,5.477866702828278,25.33,3.01,-2.47,Dusuk Potansiyel,15.13,29.28,18.75,12.28,92.54,6.58,30.37,17.65,11.51,8.66,5.92
kas_ugrar,UĞRAR,Kaş,30.430207561033512,34.54,28.88,-1.55,Dusuk Potansiyel,51.64,41.12,42.98,38.38,60.09,40.24,51.64,53.4,83.11,50.99,43.97
kas_yaylapalamut,YAYLAPALAMUT,Kaş,11.124593054779176,22.15,8.34,-2.79,Risk Altinda,22.59,36.29,18.42,5.48,67.0,6.36,13.27,36.29,7.89,47.48,13.93
kas_yenikoy,YENİKÖY,Kaş,7.782578223894271,30.26,5.81,-1.97,Dusuk Potansiyel,26.97,10.42,36.18,27.52,83.77,39.69,33.66,46.16,17.54,12.5,16.23
kas_yesilbarak,YEŞİLBARAK,Kaş,19.37477391929545,35.53,17.93,-1.45,Dusuk Potansiyel,44.85,43.75,9.54,16.56,70.61,34.98,10.96,41.34,42.0,46.6,29.06
kas_yesilkoy,YEŞİLKÖY,Kaş,55.55433957455615,69.96,59.55,3.99,Orta Potansiyel,61.62,72.26,65.57,57.57,40.13,61.4,63.16,67.43,42.54,46.71,62.39
kas_yuvacik,YUVACIK,Kaş,10.58274552358112,31.03,8.69,-1.9,Dusuk Potansiyel,8.44,33.55,20.5,15.57,98.14,9.43,22.81,17.65,1.97,3.62,3.18
kas_camlikoy,ÇAMLIKÖY,Kaş,9.005448544021984,18.97,5.9,-3.1,Risk Altinda,12.17,17.76,11.62,15.68,94.3,15.24,19.63,17.65,10.64,30.04,6.8
kas_camliova,ÇAMLIOVA,Kaş,9.499050461185009,27.63,7.26,-2.24,Dusuk Potansiyel,22.7,37.61,18.2,14.47,59.98,5.04,27.63,17.65,1.75,17.32,15.79
kas_cataloluk,ÇATALOLUK,Kaş,4.702206547286385,21.27,1.83,-2.87,Risk Altinda,6.36,38.93,10.86,11.4,97.81,19.19,26.97,43.97,31.14,7.13,2.96
kas_cavdir,ÇAVDIR,Kaş,35.17157894706445,62.72,37.72,2.54,Orta Potansiyel,70.18,66.12,60.09,50.55,14.91,48.9,52.08,64.69,45.07,52.19,68.2
kas_caykoy,ÇAYKÖY,Kaş,49.324519230479424,61.62,51.65,2.32,Orta Potansiyel,63.05,76.21,52.19,48.46,25.66,32.46,56.14,57.68,44.85,39.69,61.4
kas_cerler,ÇERLER,Kaş,3.7613944655375415,18.31,0.59,-3.17,Risk Altinda,25.88,22.92,3.78,12.17,93.75,22.59,37.94,17.65,34.54,28.29,7.89
kas_cukurbag,ÇUKURBAĞ,Kaş,26.255471152055406,68.42,29.94,3.68,Orta Potansiyel,36.95,56.69,47.26,53.29,93.09,52.08,35.2,51.64,33.44,21.6,17.87
kas_uzumlu,ÜZÜMLÜ,Kaş,31.389989148067944,68.31,35.05,3.66,Orta Potansiyel,30.48,54.06,52.08,52.3,93.31,46.16,42.76,48.57,8.33,8.99,18.09
kas_ikizce,İKİZCE,Kaş,14.5371224452588,55.37,15.61,1.07,Orta Potansiyel,24.56,60.96,35.64,25.0,92.0,28.4,28.07,45.61,11.29,22.15,10.96
kas_islamlar,İSLAMLAR,Kaş,61.91571777962564,77.85,67.49,5.57,Yuksek Potansiyel,42.54,47.15,61.07,54.17,91.12,58.77,12.94,60.96,8.44,17.21,28.95
kemer_beycik,BEYCİK,Kemer,25.446418882206824,62.28,27.9,2.46,Orta Potansiyel,38.27,31.25,40.57,45.5,80.48,57.13,11.07,38.71,8.0,23.46,20.18
kemer_kuzdere,KUZDERE,Kemer,34.38123982630577,73.68,39.12,4.74,Yuksek Potansiyel,45.83,55.15,55.48,60.86,77.85,56.58,35.64,61.95,14.36,16.89,42.76
kemer_kiris,KİRİŞ,Kemer,39.673013244975536,78.07,45.29,5.61,Yuksek Potansiyel,64.58,87.06,75.0,72.37,11.18,73.14,70.5,74.01,41.34,45.18,72.15
kemer_ovacik,OVACIK,Kemer,8.628752939030878,35.42,7.17,-1.46,Dusuk Potansiyel,18.31,25.77,30.04,48.03,36.07,49.45,9.21,36.18,15.24,11.95,16.56
kemer_tekirova,TEKİROVA,Kemer,52.82388663935947,46.6,52.48,-0.34,Orta Potansiyel,53.84,16.01,63.27,47.7,31.69,63.05,42.0,57.46,20.94,28.95,50.77
kemer_ulupinar,ULUPINAR,Kemer,32.291824923070926,43.75,31.67,-0.63,Dusuk Potansiyel,23.57,17.65,63.05,49.23,82.68,55.26,37.39,60.2,32.35,15.79,23.03
kemer_camyuva,ÇAMYUVA,Kemer,48.7622009561004,76.1,53.98,5.22,Yuksek Potansiyel,62.72,74.89,73.79,70.29,37.94,76.54,64.69,72.7,49.23,48.79,70.18
kepez_ahatli,AHATLI,Kepez,84.28105431743593,74.45,89.17,4.89,Yuksek Potansiyel,53.95,66.01,83.55,80.92,76.21,82.46,59.32,82.46,86.07,55.26,78.84
kepez_aktoprak,AKTOPRAK,Kepez,57.7013552628312,79.82,63.67,5.96,Yuksek Potansiyel,81.47,86.4,73.68,68.97,11.95,74.78,55.59,74.23,90.24,39.91,83.33
kepez_altiayak,ALTIAYAK,Kepez,47.15578947346071,78.18,52.79,5.64,Yuksek Potansiyel,98.79,89.91,74.45,73.14,0.22,73.79,77.85,83.11,95.39,70.39,89.58
kepez_altinova_duden,ALTINOVA DÜDEN,Kepez,48.60922368397397,80.37,54.68,6.07,Yuksek Potansiyel,97.37,84.1,80.37,82.02,2.08,76.21,84.87,80.15,81.91,82.02,89.36
kepez_altinova_orta,ALTINOVA ORTA,Kepez,61.07382894700366,84.1,67.89,6.82,Yuksek Potansiyel,99.23,70.83,85.64,87.5,55.37,83.88,90.79,88.82,94.3,84.76,85.42
kepez_altinova_sinan,ALTINOVA SİNAN,Kepez,58.31047368387743,83.33,64.98,6.67,Yuksek Potansiyel,98.9,91.34,85.75,82.79,6.47,81.14,90.57,88.6,88.93,87.17,86.4
kepez_ataturk,ATATÜRK,Kepez,69.51693570620196,96.49,78.82,9.3,Yuksek Potansiyel,89.47,91.56,90.9,95.61,60.2,91.89,69.08,89.14,87.17,91.56,93.2
kepez_avni_tolunay,AVNİ TOLUNAY,Kepez,53.60909906169036,81.47,59.9,6.29,Yuksek Potansiyel,93.64,48.46,83.0,85.09,56.25,81.91,72.37,91.34,69.52,56.69,78.07
kepez_ayanoglu,AYANOĞLU,Kepez,88.85434926713724,89.04,95.0,6.15,Yuksek Potansiyel,96.05,97.59,86.51,88.82,12.17,89.91,79.39,88.71,98.14,82.13,96.16
kepez_aydogmus,AYDOĞMUŞ,Kepez,69.18052631534138,89.25,77.03,7.85,Yuksek Potansiyel,94.08,96.16,80.48,80.7,12.83,86.62,68.86,82.02,90.9,61.18,92.21
kepez_baraj,BARAJ,Kepez,66.04085526274187,86.84,73.41,7.37,Yuksek Potansiyel,89.04,98.03,82.02,86.18,21.49,90.13,85.53,87.94,96.82,72.26,88.82
kepez_baris,BARIŞ,Kepez,67.21205263115019,97.15,76.64,9.43,Yuksek Potansiyel,90.13,95.72,87.5,94.08,50.66,92.43,49.01,93.53,93.75,89.47,91.01
kepez_beskonaklilar,BEŞKONAKLILAR,Kepez,49.26538157870437,90.13,57.29,8.03,Yuksek Potansiyel,81.25,98.9,83.77,86.73,54.06,88.05,86.18,88.38,87.83,79.93,83.0
kepez_demirel,DEMİREL,Kepez,54.51464473654754,85.64,61.64,7.13,Yuksek Potansiyel,94.41,94.74,81.25,87.06,7.79,85.2,86.51,84.21,96.49,69.96,90.79
kepez_duaci,DUACI,Kepez,48.724342104750384,72.92,53.31,4.58,Yuksek Potansiyel,61.95,87.28,68.31,70.72,21.38,74.34,71.6,69.85,78.95,37.39,67.98
kepez_dudenbasi,DÜDENBAŞI,Kepez,90.94781287198478,95.18,95.0,4.05,Yuksek Potansiyel,75.99,99.89,89.36,95.94,66.56,92.32,75.77,91.01,81.25,92.43,91.89
kepez_emek,EMEK,Kepez,85.16573547091542,90.57,93.28,8.11,Yuksek Potansiyel,75.11,93.64,93.75,97.81,65.24,93.09,87.28,93.86,85.86,99.23,93.31
kepez_erenkoy,ERENKÖY,Kepez,87.40056602577164,99.45,95.0,7.6,Yuksek Potansiyel,93.31,98.46,92.0,92.21,70.72,97.48,37.5,93.2,92.65,93.75,89.69
kepez_esentepe,ESENTEPE,Kepez,56.48311842073872,99.12,66.31,9.82,Yuksek Potansiyel,85.96,97.15,88.82,89.36,78.4,96.38,45.07,86.07,85.64,84.43,85.75
kepez_fabrikalar,FABRİKALAR,Kepez,81.90686466994745,90.35,89.98,8.07,Yuksek Potansiyel,86.18,92.0,89.69,89.04,44.08,87.94,75.22,94.85,87.06,87.28,86.84
kepez_fatih,FATİH,Kepez,59.34055263123327,85.31,66.4,7.06,Yuksek Potansiyel,52.96,90.9,87.39,89.8,53.73,96.27,51.75,86.4,87.72,76.43,87.61
aksu_fettahli,FETTAHLI,Aksu,42.09131578906005,69.85,46.06,3.97,Orta Potansiyel,93.97,73.03,69.63,67.21,4.28,64.04,70.72,74.89,88.05,70.83,74.34
kepez_fevzi_cakmak,FEVZİ ÇAKMAK,Kepez,69.6955657890193,88.71,77.44,7.74,Yuksek Potansiyel,83.22,96.93,82.57,82.89,18.75,86.51,52.74,81.25,97.26,68.31,88.16
kepez_gazi,GAZİ,Kepez,81.54352547736241,91.78,89.9,8.36,Yuksek Potansiyel,97.81,95.29,86.73,94.96,15.02,93.86,75.99,85.53,96.71,88.82,99.78
kepez_gaziler,GAZİLER,Kepez,51.24894736787488,72.81,55.81,4.56,Yuksek Potansiyel,97.26,88.6,70.39,66.67,0.33,61.07,81.58,78.51,94.74,68.75,85.96
kepez_goksu,GÖKSU,Kepez,66.56453504396605,94.41,75.45,8.88,Yuksek Potansiyel,93.75,95.83,83.88,86.51,58.44,84.54,93.53,83.99,79.71,84.1,79.28
kepez_gocerler,GÖÇERLER,Kepez,55.217842104962095,97.26,64.67,9.45,Yuksek Potansiyel,83.0,95.94,79.39,83.22,63.93,81.03,47.59,77.08,87.5,46.16,76.75
kepez_gulveren,GÜLVEREN,Kepez,64.23565121395592,85.09,71.25,7.02,Yuksek Potansiyel,50.66,92.32,93.2,98.46,66.67,92.11,76.64,89.47,77.3,94.41,88.49
kepez_gundogdu,GÜNDOĞDU,Kepez,90.56925129374017,82.13,95.0,4.43,Yuksek Potansiyel,40.24,97.48,92.54,98.14,63.82,98.57,63.82,93.42,89.8,99.89,94.85
kepez_gunes,GÜNEŞ,Kepez,94.03798862474122,96.6,95.0,0.96,Yuksek Potansiyel,87.06,99.67,91.01,97.59,61.73,95.39,81.36,92.21,95.07,92.21,88.27
kepez_habibler,HABİBLER,Kepez,90.81364093205408,90.46,95.0,4.19,Yuksek Potansiyel,95.61,96.71,85.09,87.83,12.61,92.0,68.2,87.5,97.81,80.59,95.39
kepez_husnu_karakas,HÜSNÜ KARAKAŞ,Kepez,94.1993942430001,92.65,95.0,0.8,Yuksek Potansiyel,99.01,98.36,88.38,89.58,23.46,92.54,86.4,87.72,97.59,86.62,96.6
kepez_kanal,KANAL,Kepez,86.18121991060853,87.28,93.64,7.46,Yuksek Potansiyel,55.59,96.38,91.23,93.97,70.07,97.26,67.0,91.23,91.45,96.93,88.6
kepez_karsiyaka,KARŞIYAKA,Kepez,92.78272738345848,38.27,91.61,-1.17,Dusuk Potansiyel,48.46,3.4,90.02,97.48,60.86,94.74,72.92,91.67,86.29,98.9,94.3
kepez_kazim_karabekir,KAZIM KARABEKİR,Kepez,47.670828947138624,100.0,57.67,10.0,Yuksek Potansiyel,88.05,96.6,80.92,89.47,61.62,95.61,0.11,17.65,80.48,67.87,85.2
kepez_kepez,KEPEZ,Kepez,61.824065789102384,94.52,70.73,8.9,Yuksek Potansiyel,72.37,99.01,82.79,83.55,67.76,84.87,56.91,88.27,75.66,77.63,80.26
kepez_kizilli,KIZILLI,Kepez,28.395404002852622,29.5,26.34,-2.05,Dusuk Potansiyel,45.61,68.31,23.46,42.21,8.55,48.46,73.79,43.75,83.0,45.29,48.36
kepez_kuzeyyaka,KUZEYYAKA,Kepez,92.50968696993844,88.16,95.0,2.49,Yuksek Potansiyel,86.73,95.5,91.67,94.74,21.6,95.07,80.04,91.78,91.34,97.15,100.0
kepez_kultur,KÜLTÜR,Kepez,93.4256256507948,71.27,95.0,1.57,Yuksek Potansiyel,4.82,97.37,94.85,96.49,67.21,95.5,49.45,91.56,86.4,96.6,90.57
kepez_kutukcu,KÜTÜKÇÜ,Kepez,62.43318421014861,98.36,72.1,9.67,Yuksek Potansiyel,92.87,91.23,85.53,84.54,64.47,83.11,31.47,85.42,96.27,68.86,85.86
kepez_kirisciler,KİRİŞÇİLER,Kepez,34.22453669370576,55.7,35.36,1.14,Orta Potansiyel,54.61,82.46,56.8,61.62,19.41,65.13,77.74,65.35,98.79,49.67,59.43
kepez_mehmet_akif_ersoy,MEHMET AKİF ERSOY,Kepez,90.77554145539251,91.89,95.0,4.22,Yuksek Potansiyel,74.23,100.0,90.35,95.07,69.3,91.67,86.29,94.08,93.97,94.08,89.8
kepez_menderes,MENDERES,Kepez,46.640749999782784,69.63,50.57,3.93,Orta Potansiyel,98.36,60.42,78.84,81.58,9.87,70.61,88.05,81.03,91.23,73.57,80.37
kepez_odabasi,ODABAŞI,Kepez,32.00118421027686,65.9,35.18,3.18,Orta Potansiyel,56.58,90.57,64.14,65.24,47.48,70.29,89.91,70.72,99.45,62.94,56.03
kepez_santral,SANTRAL,Kepez,38.39053947354477,86.07,45.61,7.21,Yuksek Potansiyel,61.18,81.03,74.34,71.6,61.51,77.19,47.26,72.37,54.39,43.31,69.19
kepez_sutculer,SÜTÇÜLER,Kepez,89.16543050681017,94.3,95.0,5.83,Yuksek Potansiyel,95.29,99.56,91.56,94.3,24.01,92.21,75.33,90.46,96.05,92.32,97.26
kepez_teomanpasa,TEOMANPAŞA,Kepez,93.92325536096534,72.26,95.0,1.08,Yuksek Potansiyel,22.15,99.78,94.3,91.01,65.79,96.6,81.03,94.96,83.22,99.56,92.98
kepez_ulus,ULUS,Kepez,89.98018536681931,20.83,87.06,-2.92,Risk Altinda,1.43,2.52,97.15,92.65,59.1,86.95,47.92,95.72,66.12,98.25,98.9
kepez_varsak_esentepe,VARSAK ESENTEPE,Kepez,45.422513157690304,84.65,52.35,6.93,Yuksek Potansiyel,93.86,93.75,79.82,83.88,2.74,81.36,75.55,85.64,94.08,63.38,90.02
kepez_varsak_karsiyaka,VARSAK KARŞIYAKA,Kepez,64.26053947328732,92.21,72.7,8.44,Yuksek Potansiyel,95.07,93.2,81.58,78.51,15.24,84.32,45.94,79.82,92.32,65.02,92.32
kepez_varsak_menderes,VARSAK MENDERES,Kepez,43.31605263114356,66.01,46.52,3.2,Orta Potansiyel,59.43,80.15,64.25,62.5,6.14,66.56,62.5,70.07,66.45,25.44,73.46
kepez_yavuz_selim,YAVUZ SELİM,Kepez,43.54811842086744,98.03,53.15,9.61,Yuksek Potansiyel,79.93,92.98,83.11,86.29,48.57,83.77,0.22,82.57,95.5,64.25,80.7
kepez_yeni,YENİ,Kepez,93.30128312922248,62.94,95.0,1.7,Orta Potansiyel,1.43,94.85,92.32,100.0,56.8,99.89,76.1,91.12,88.71,95.18,92.65
kepez_yeni_dogan,YENİ DOĞAN,Kepez,82.44123820451853,57.35,83.91,1.47,Orta Potansiyel,73.9,1.64,94.19,98.03,71.93,96.49,68.42,94.41,86.84,91.12,86.73
kepez_yeni_emek,YENİ EMEK,Kepez,91.14429859911304,79.06,95.0,3.86,Yuksek Potansiyel,50.0,84.87,90.68,94.63,61.07,92.87,61.07,91.45,93.2,96.49,91.78
kepez_yesiltepe,YEŞİLTEPE,Kepez,84.79500716473824,86.62,92.12,7.32,Yuksek Potansiyel,68.42,87.39,95.94,91.45,59.76,88.16,73.25,96.16,77.96,93.64,95.18
kepez_yesilyurt,YEŞİLYURT,Kepez,89.37737222718678,86.29,95.0,5.62,Yuksek Potansiyel,59.54,88.16,93.97,93.2,70.94,97.7,76.97,93.64,78.62,96.38,90.9
kepez_yukselis,YÜKSELİŞ,Kepez,85.51937462122419,57.13,86.94,1.43,Orta Potansiyel,1.43,76.64,96.05,98.36,58.33,94.63,56.47,97.92,84.65,98.57,96.05
kepez_zafer,ZAFER,Kepez,76.12738068859755,91.23,84.37,8.25,Yuksek Potansiyel,81.03,67.54,95.83,95.39,51.75,90.68,34.98,92.87,73.03,91.23,96.49
kepez_zeytinlik,ZEYTİNLİK,Kepez,50.01561842080308,76.54,55.32,5.31,Yuksek Potansiyel,98.68,86.84,77.19,77.85,0.88,74.45,87.17,81.69,94.19,78.18,92.0
kepez_camlibel,ÇAMLIBEL,Kepez,67.7270921048281,97.04,77.13,9.41,Yuksek Potansiyel,76.97,97.81,88.05,90.79,78.18,94.52,63.6,90.57,83.44,84.21,83.66
kepez_camlica,ÇAMLICA,Kepez,19.72831727198019,51.97,20.12,0.39,Orta Potansiyel,54.82,79.39,57.79,56.58,2.96,58.33,74.12,59.21,94.41,33.22,60.75
kepez_cankaya,ÇANKAYA,Kepez,65.43173684169564,98.68,75.17,9.74,Yuksek Potansiyel,82.02,98.68,80.26,82.68,73.9,82.68,40.79,79.39,77.19,60.09,77.41
kepez_ozgurluk,ÖZGÜRLÜK,Kepez,83.56147213696461,77.96,89.15,5.59,Yuksek Potansiyel,30.7,90.35,96.27,90.13,60.53,85.53,39.58,97.81,66.89,99.67,98.57
kepez_unsal,ÜNSAL,Kepez,58.82551315755534,61.95,61.22,2.39,Orta Potansiyel,86.4,3.07,78.95,74.67,77.52,78.73,67.11,82.35,60.64,52.96,74.67
kepez_safak,ŞAFAK,Kepez,93.0463849348011,48.46,92.89,-0.15,Orta Potansiyel,71.27,1.21,92.21,85.86,61.4,86.18,63.27,98.46,89.58,88.05,85.53
kepez_selale,ŞELALE,Kepez,68.47732894692683,87.17,75.91,7.43,Yuksek Potansiyel,92.11,95.07,82.46,84.32,16.56,84.43,77.41,83.66,96.93,63.27,88.93
konyaalti_akdamlar,AKDAMLAR,Konyaaltı,19.16105263149669,82.24,25.61,6.45,Yuksek Potansiyel,60.31,61.95,70.94,67.87,67.98,67.87,43.86,63.49,45.5,18.86,46.71
konyaalti_akkuyu,AKKUYU,Konyaaltı,58.38145005504383,58.22,60.03,1.64,Orta Potansiyel,74.67,2.19,86.18,89.91,83.22,85.64,89.04,82.79,68.09,57.46,76.43
konyaalti_altinkum,ALTINKUM,Konyaaltı,88.94746803761004,83.44,95.0,6.05,Yuksek Potansiyel,69.96,64.25,96.82,86.95,61.84,98.25,61.73,96.82,62.17,90.35,89.47
konyaalti_arapsuyu,ARAPSUYU,Konyaaltı,74.85161409567739,50.55,74.96,0.11,Orta Potansiyel,81.91,0.11,94.52,90.35,38.16,89.69,87.94,93.31,66.67,85.42,87.94
konyaalti_aydinlik,AYDINLIK,Konyaaltı,36.97249999966343,79.17,42.81,5.83,Yuksek Potansiyel,66.67,83.66,77.96,76.75,74.78,73.68,92.43,86.18,86.62,49.01,66.78
konyaalti_asagikaraman,AŞAĞIKARAMAN,Konyaaltı,32.85607857658799,65.68,35.99,3.14,Orta Potansiyel,63.6,49.23,60.42,59.65,58.11,67.0,61.18,68.42,55.92,26.43,50.0
konyaalti_bahtili,BAHTILI,Konyaaltı,35.95167105251199,80.92,42.14,6.18,Yuksek Potansiyel,63.38,81.47,75.11,75.22,65.9,61.73,90.13,79.71,50.0,41.01,54.28
konyaalti_demircilik,DEMİRCİLİK,Konyaaltı,19.73723684201217,79.61,25.66,5.92,Yuksek Potansiyel,75.55,74.78,73.46,78.07,49.34,78.4,67.21,76.43,98.25,40.02,65.13
konyaalti_doyran,DOYRAN,Konyaaltı,28.57501356478408,25.66,26.14,-2.43,Dusuk Potansiyel,44.08,12.61,32.89,27.96,32.46,36.95,23.46,40.46,32.46,25.66,30.81
konyaalti_doyran_dag,DOYRAN DAĞ,Konyaaltı,39.92512230073992,97.37,49.4,9.47,Yuksek Potansiyel,78.07,80.04,71.16,73.36,81.8,70.5,58.33,17.65,46.71,31.36,59.76
konyaalti_doyran_camlibel,DOYRAN ÇAMLIBEL,Konyaaltı,43.55604757061272,85.53,50.66,7.11,Yuksek Potansiyel,70.39,81.91,75.44,71.38,49.12,64.14,59.21,66.89,53.51,40.35,66.23
konyaalti_geyikbayiri,GEYİKBAYIRI,Konyaaltı,25.92145957672583,55.15,26.95,1.03,Orta Potansiyel,40.35,8.44,51.97,52.96,72.48,66.01,9.43,44.08,16.45,24.23,28.18
konyaalti_gokdere,GÖKDERE,Konyaaltı,4.93914473683669,64.25,7.79,2.85,Orta Potansiyel,38.49,49.78,58.11,49.12,89.25,58.55,48.36,66.56,45.29,8.22,16.78
konyaalti_gokcam,GÖKÇAM,Konyaaltı,16.527894736793357,74.34,21.4,4.87,Yuksek Potansiyel,61.51,56.91,57.57,63.27,55.7,61.51,54.06,17.65,45.83,16.56,51.1
konyaalti_gursu,GÜRSU,Konyaaltı,91.30857270442772,57.68,92.84,1.54,Orta Potansiyel,89.14,0.33,89.47,88.27,59.21,86.07,92.32,87.39,56.14,81.03,86.18
konyaalti_hacisekililer,HACISEKİLİLER,Konyaaltı,29.809007053658803,63.05,32.42,2.61,Orta Potansiyel,51.1,29.93,60.86,57.89,71.05,45.07,29.39,53.51,35.53,14.25,32.35
konyaalti_hurma,HURMA,Konyaaltı,92.64742158550364,93.86,95.0,2.35,Yuksek Potansiyel,96.27,70.5,85.42,86.84,72.81,85.86,85.09,82.89,58.33,71.71,84.21
konyaalti_karatepe,KARATEPE,Konyaaltı,29.18986842084709,90.9,37.37,8.18,Yuksek Potansiyel,84.21,73.36,72.04,75.33,68.64,71.6,87.72,17.65,55.15,36.51,66.56
konyaalti_kir,KIR,Konyaaltı,34.59539473654898,83.77,41.35,6.75,Yuksek Potansiyel,86.29,74.45,76.54,77.08,37.72,69.08,64.36,70.94,63.49,57.24,75.66
konyaalti_kurucay,KURUÇAY,Konyaaltı,14.8661842104896,81.14,21.09,6.23,Yuksek Potansiyel,77.74,83.22,79.71,78.62,44.3,79.93,99.45,79.93,80.26,48.25,66.01
konyaalti_kuskavagi,KUŞKAVAĞI,Konyaaltı,61.39448813449978,45.18,60.91,-0.48,Orta Potansiyel,66.01,0.88,92.76,87.28,53.07,86.4,85.64,92.0,70.5,73.46,83.55
konyaalti_molla_yusuf,MOLLA YUSUF,Konyaaltı,69.17653145675577,93.31,77.84,8.66,Yuksek Potansiyel,96.6,76.43,84.65,85.31,75.99,79.5,93.86,77.85,67.54,74.45,79.93
konyaalti_pinarbasi,PINARBAŞI,Konyaaltı,92.91568854128712,95.29,95.0,2.08,Yuksek Potansiyel,95.83,77.41,86.95,89.14,67.54,86.73,81.47,85.31,65.13,75.55,81.91
konyaalti_sarisu,SARISU,Konyaaltı,50.31629415000827,69.52,54.22,3.9,Orta Potansiyel,83.88,26.54,78.62,75.99,74.12,77.96,74.56,78.29,59.32,54.28,72.59
konyaalti_suicecek,SUİÇECEK,Konyaaltı,25.72447368403941,39.04,24.63,-1.1,Dusuk Potansiyel,58.77,4.5,66.45,65.9,56.58,59.87,57.13,69.3,64.25,50.88,50.11
konyaalti_siteler,SİTELER,Konyaaltı,93.5479853160633,70.29,95.0,1.45,Yuksek Potansiyel,94.74,0.44,91.12,98.25,76.64,97.37,71.05,87.61,65.57,82.89,87.72
konyaalti_toros,TOROS,Konyaaltı,84.40545384188746,64.47,87.3,2.89,Orta Potansiyel,91.45,3.62,93.42,96.38,65.68,93.2,82.02,92.32,71.16,87.06,89.91
konyaalti_uluc,ULUÇ,Konyaaltı,64.63334713006871,59.43,66.52,1.89,Orta Potansiyel,84.1,0.55,88.93,92.54,73.68,90.02,91.34,89.58,61.73,80.26,85.64
konyaalti_uncali,UNCALI,Konyaaltı,91.62693232143344,62.83,94.19,2.57,Orta Potansiyel,99.45,1.32,89.04,88.71,68.97,87.83,95.94,86.29,67.43,84.98,87.83
konyaalti_yarbascandir,YARBAŞÇANDIR,Konyaaltı,18.64365165487293,35.96,17.24,-1.4,Dusuk Potansiyel,25.11,24.23,42.87,43.09,81.58,0.0,15.68,17.65,39.69,10.31,19.85
konyaalti_yeni,YENİ,Konyaaltı,23.737105262999165,87.61,31.26,7.52,Yuksek Potansiyel,94.19,73.79,72.48,75.0,49.01,82.57,71.49,76.75,72.48,45.61,72.37
konyaalti_zumrut,ZÜMRÜT,Konyaaltı,22.289526315747853,63.93,25.07,2.79,Orta Potansiyel,57.57,65.35,66.23,65.46,47.7,63.49,95.61,69.19,50.33,40.24,47.04
konyaalti_cakirlar,ÇAKIRLAR,Konyaaltı,33.7479999999,67.21,37.19,3.44,Orta Potansiyel,58.22,58.99,68.86,66.34,71.16,65.9,67.98,69.41,68.42,61.73,51.43
konyaalti_caglarca,ÇAĞLARCA,Konyaaltı,26.823295351728817,54.17,27.66,0.83,Orta Potansiyel,36.29,7.79,53.51,64.69,58.77,64.8,3.73,47.26,18.42,20.94,26.64
konyaalti_citdibi,ÇİTDİBİ,Konyaaltı,2.185951347436241,24.23,0.0,-2.19,Risk Altinda,6.03,25.55,28.07,11.29,92.32,21.82,5.59,17.65,25.0,33.88,4.17
konyaalti_ogretmenevleri,ÖĞRETMENEVLERİ,Konyaaltı,82.94080775751763,94.85,91.91,8.97,Yuksek Potansiyel,82.24,77.19,94.08,91.89,68.75,87.72,67.87,90.9,57.89,78.95,87.28
konyaalti_ucoluk,ÜÇOLUK,Konyaaltı,18.432107976088773,45.83,18.02,-0.42,Orta Potansiyel,16.23,19.96,33.11,56.69,89.14,42.98,14.14,17.65,25.88,13.93,13.05
korkuteli_akyar,AKYAR,Korkuteli,28.716042683973512,14.36,25.15,-3.56,Risk Altinda,41.45,40.46,38.82,35.86,15.13,21.27,52.52,44.41,81.14,81.91,43.09
korkuteli_alaaddin,ALAADDİN,Korkuteli,27.270921052573044,63.49,29.97,2.7,Orta Potansiyel,40.9,68.75,54.61,52.63,70.5,61.84,58.22,17.65,55.7,73.14,47.37
korkuteli_asagipazar,AŞAĞIPAZAR,Korkuteli,46.33933498888037,84.87,53.31,6.97,Yuksek Potansiyel,71.93,85.96,68.97,69.63,22.15,74.89,48.03,69.08,38.49,49.45,77.85
korkuteli_bahceyaka,BAHÇEYAKA,Korkuteli,15.219999095646294,14.14,11.63,-3.59,Risk Altinda,41.01,17.98,24.78,41.34,28.4,32.02,56.03,17.65,46.38,77.41,40.46
korkuteli_bayat,BAYAT,Korkuteli,18.9257098932518,19.96,15.92,-3.0,Risk Altinda,55.48,58.44,31.91,34.87,3.07,44.08,73.46,48.46,97.37,83.88,50.22
korkuteli_bayatbademleri,BAYATBADEMLERİ,Korkuteli,23.577794356979645,40.79,22.66,-0.92,Dusuk Potansiyel,34.87,53.95,33.66,38.6,40.35,21.71,32.79,37.5,43.2,20.18,27.41
korkuteli_begis,BEĞİŞ,Korkuteli,2.326980466625676,12.72,0.0,-2.33,Risk Altinda,4.93,39.8,22.26,28.29,92.11,25.55,54.17,17.65,77.85,72.48,4.82
korkuteli_bozova,BOZOVA,Korkuteli,30.5030068727933,30.15,28.52,-1.98,Dusuk Potansiyel,37.61,58.0,46.27,49.34,25.77,42.43,55.81,43.31,95.83,78.73,44.85
korkuteli_buyukkoy,BÜYÜKKÖY,Korkuteli,28.975831976792705,13.38,25.31,-3.66,Risk Altinda,36.62,54.61,24.12,26.43,39.25,26.75,55.15,39.69,99.67,87.72,46.38
korkuteli_derekoy,DEREKÖY,Korkuteli,25.659816422448813,6.69,21.33,-4.33,Risk Altinda,20.61,29.5,19.52,7.13,52.74,3.29,33.55,38.6,37.28,45.94,29.71
korkuteli_duraliler,DURALİLER,Korkuteli,2.9152197504009325,1.54,0.0,-2.92,Risk Altinda,12.72,16.78,3.78,4.71,87.83,9.65,35.86,17.65,80.15,54.39,8.99
korkuteli_esenyurt,ESENYURT,Korkuteli,20.57908301677915,9.65,16.54,-4.04,Risk Altinda,32.24,13.27,11.4,6.03,69.96,43.97,46.27,17.65,49.45,36.84,34.87
korkuteli_garipce,GARİPCE,Korkuteli,16.329670826517756,1.21,11.45,-4.88,Risk Altinda,28.51,37.17,12.61,6.36,28.62,25.0,66.67,50.77,81.47,69.41,35.75
korkuteli_gocerler,GÖÇERLER,Korkuteli,7.712063664299553,0.66,2.78,-4.93,Risk Altinda,37.17,5.59,24.67,1.54,14.58,7.35,25.66,17.65,81.03,82.35,33.88
korkuteli_kevzer,KEVZER,Korkuteli,24.61509766679856,11.95,20.81,-3.8,Risk Altinda,36.84,48.03,15.24,18.75,38.05,18.31,38.71,51.21,75.11,69.52,40.79
korkuteli_guzle,GÜZLE,Korkuteli,8.06463646227314,14.58,4.52,-3.54,Risk Altinda,11.18,40.57,7.68,9.76,74.45,10.96,28.29,17.65,54.06,15.46,10.42
elmali_haciyusuflar,HACIYUSUFLAR,Elmalı,1.974407668652088,1.75,0.0,-1.97,Risk Altinda,3.84,7.35,10.42,0.77,91.67,5.81,16.01,43.2,47.37,42.21,4.61
korkuteli_karabayir,KARABAYIR,Korkuteli,3.972938144321693,1.64,0.0,-3.97,Risk Altinda,17.98,22.7,3.78,4.28,54.17,34.21,32.89,17.65,87.39,67.43,20.94
korkuteli_karakuyu,KARAKUYU,Korkuteli,10.11141255197778,3.07,5.42,-4.69,Risk Altinda,29.28,37.5,3.78,2.41,31.47,25.33,58.66,17.65,62.61,58.0,34.76
korkuteli_karatas,KARATAŞ,Korkuteli,15.975244167086338,20.07,12.98,-2.99,Risk Altinda,46.93,61.84,26.1,15.35,4.17,37.06,69.41,44.19,50.44,64.69,49.34
korkuteli_kargalik,KARGALIK,Korkuteli,30.039065789394936,54.71,30.98,0.94,Orta Potansiyel,42.21,55.26,44.3,63.38,48.46,61.62,44.52,51.86,53.95,50.55,48.14
korkuteli_kargin,KARGIN,Korkuteli,9.664202387391958,9.54,5.62,-4.05,Risk Altinda,24.78,47.04,23.03,20.07,37.39,28.62,70.29,17.65,75.22,63.49,25.88
korkuteli_karsiyaka,KARŞIYAKA,Korkuteli,48.84009381889032,95.83,58.01,9.17,Yuksek Potansiyel,77.3,95.39,79.28,86.07,32.57,88.38,63.49,17.65,53.07,87.61,86.51
korkuteli_kayabas,KAYABAŞ,Korkuteli,21.521748959985832,43.64,20.89,-0.64,Dusuk Potansiyel,55.04,25.99,31.25,50.99,5.81,71.49,26.75,17.65,29.06,51.97,44.63
korkuteli_kemeragzi,KEMERAĞZI,Korkuteli,3.1972779887798017,13.93,0.0,-3.2,Risk Altinda,23.14,60.31,3.78,12.94,66.23,43.31,74.78,17.65,73.14,76.86,30.48
korkuteli_kirkpinar,KIRKPINAR,Korkuteli,17.24821396270692,5.81,12.83,-4.42,Risk Altinda,27.19,32.46,19.85,9.32,31.8,22.48,48.25,17.65,53.84,67.11,31.25
korkuteli_kizilaliler,KIZILALİLER,Korkuteli,13.713216675681874,8.88,9.6,-4.11,Risk Altinda,28.07,36.73,33.33,14.69,45.29,32.89,60.2,17.65,74.34,87.39,34.54
korkuteli_kizilcadag,KIZILCADAĞ,Korkuteli,21.026293181364974,3.84,16.41,-4.62,Risk Altinda,33.66,8.99,36.95,23.79,10.86,31.14,53.18,17.65,59.98,66.01,36.18
korkuteli_kozagaci,KOZAĞACI,Korkuteli,20.64959757637387,17.76,17.43,-3.22,Risk Altinda,35.96,40.13,30.7,13.38,48.03,16.23,44.85,17.65,62.39,63.71,30.59
korkuteli_koseler,KÖSELER,Korkuteli,14.913818050249905,10.86,11.0,-3.91,Risk Altinda,47.59,54.93,16.23,20.18,1.21,30.48,78.95,17.65,69.74,76.54,48.68
korkuteli_kucukkoy,KÜÇÜKKÖY,Korkuteli,29.358089166157317,15.68,25.93,-3.43,Risk Altinda,36.18,56.8,31.36,13.93,36.73,47.37,54.5,39.91,99.12,85.2,47.59
korkuteli_kiremitli,KİREMİTLİ,Korkuteli,59.17684188726941,96.27,68.43,9.25,Yuksek Potansiyel,95.72,99.45,96.16,88.05,15.46,90.35,81.25,96.27,48.14,97.04,94.41
korkuteli_leylek,LEYLEK,Korkuteli,3.902423584726976,1.97,0.0,-3.9,Risk Altinda,27.85,44.63,3.78,2.96,45.18,21.38,68.97,17.65,92.11,68.64,31.58
korkuteli_mamatlar,MAMATLAR,Korkuteli,10.959441128572225,2.74,6.23,-4.73,Risk Altinda,27.41,32.13,25.33,18.31,17.87,18.97,45.39,42.87,82.68,78.4,30.92
korkuteli_manay,MANAY,Korkuteli,13.948883161483543,0.44,8.99,-4.96,Risk Altinda,22.37,15.79,8.33,13.05,23.14,17.98,70.83,17.65,56.8,79.61,28.62
korkuteli_nebiler,NEBİLER,Korkuteli,3.549850786753389,2.85,0.0,-3.55,Risk Altinda,18.75,19.41,8.11,0.33,50.99,5.92,8.99,17.65,62.28,57.89,17.98
korkuteli_osmankalfalar,OSMANKALFALAR,Korkuteli,12.371586181924409,1.43,7.51,-4.86,Risk Altinda,23.36,38.49,3.78,3.18,20.61,15.02,59.43,17.65,53.29,66.34,32.02
korkuteli_sogutcuk,SÖĞÜTCÜK,Korkuteli,17.01254747690525,41.34,16.15,-0.87,Dusuk Potansiyel,31.25,39.36,48.14,59.21,38.71,55.04,37.17,45.5,58.77,43.09,33.66
korkuteli_sulekler,SÜLEKLER,Korkuteli,25.8268222101136,36.95,24.52,-1.3,Dusuk Potansiyel,41.34,37.06,29.5,44.96,46.71,10.42,28.18,17.65,30.48,33.11,40.35
korkuteli_tatkoy,TATKÖY,Korkuteli,24.68561222639328,27.74,22.46,-2.23,Dusuk Potansiyel,33.99,24.89,42.21,45.39,64.8,38.16,42.98,46.6,72.26,40.9,35.31
korkuteli_taskesigi,TAŞKESİĞİ,Korkuteli,25.090138361317567,1.86,20.28,-4.81,Risk Altinda,29.17,22.81,16.45,8.11,10.2,12.06,42.21,37.61,44.41,60.75,31.47
korkuteli_simandir,SIMANDIR,Korkuteli,22.301116838443395,9.98,18.3,-4.0,Risk Altinda,20.94,33.11,17.54,15.02,70.29,12.39,36.29,38.27,64.04,50.44,19.08
korkuteli_uzunoluk,UZUNOLUK,Korkuteli,41.67132894719674,71.6,45.99,4.32,Yuksek Potansiyel,62.83,84.76,68.53,65.13,42.21,72.92,58.77,72.59,86.51,76.75,69.96
korkuteli_yakakoy,YAKAKÖY,Korkuteli,4.772721106881104,0.55,0.0,-4.77,Risk Altinda,28.29,31.14,3.78,2.52,18.86,25.77,66.78,17.65,92.76,64.14,35.53
korkuteli_yazir,YAZIR,Korkuteli,31.581117742750248,28.29,29.41,-2.17,Dusuk Potansiyel,39.36,46.38,32.13,29.5,38.38,25.22,43.64,37.94,57.79,45.72,33.11
korkuteli_yeleme,YELEME,Korkuteli,12.11179688910522,9.1,8.02,-4.09,Risk Altinda,28.84,25.11,25.22,7.89,43.75,6.69,40.9,17.65,34.65,49.23,29.28
korkuteli_yelten,YELTEN,Korkuteli,28.6455281243788,24.89,26.13,-2.51,Risk Altinda,41.23,45.07,36.07,17.65,28.29,41.01,40.57,45.18,51.43,62.5,48.25
korkuteli_yeni,YENİ,Korkuteli,51.33750689834683,88.6,59.06,7.72,Yuksek Potansiyel,77.52,94.52,76.32,78.18,50.44,82.79,70.61,75.33,68.75,78.29,79.61
korkuteli_yesiloba,YEŞİLOBA,Korkuteli,8.34669470065201,0.88,3.43,-4.91,Risk Altinda,35.31,31.58,10.2,7.35,24.78,14.04,69.52,17.65,85.09,83.55,30.26
korkuteli_yesilyayla,YEŞİLYAYLA,Korkuteli,32.03203563025174,28.4,29.87,-2.16,Dusuk Potansiyel,42.65,31.36,38.27,34.32,46.82,33.66,43.75,50.11,43.09,56.14,41.67
korkuteli_yukarikaraman,YUKARIKARAMAN,Korkuteli,6.465070537154322,3.4,1.8,-4.66,Risk Altinda,18.86,6.8,25.88,10.86,43.86,18.86,20.07,17.65,52.52,64.04,20.5
korkuteli_caykenari,ÇAYKENARI,Korkuteli,17.48388044850859,6.25,13.11,-4.38,Risk Altinda,27.52,53.07,27.63,15.79,24.56,33.11,71.93,47.15,87.61,73.79,35.64
korkuteli_civgalar,ÇIVGALAR,Korkuteli,2.6090387050045454,29.82,0.59,-2.02,Dusuk Potansiyel,28.4,18.64,3.78,49.56,49.56,69.52,26.54,17.65,28.18,47.81,19.3
korkuteli_comakli,ÇOMAKLI,Korkuteli,26.58762886592715,5.7,22.16,-4.43,Risk Altinda,32.57,37.94,15.68,3.4,18.64,21.16,48.57,40.9,43.64,55.15,34.1
korkuteli_cukurca,ÇUKURCA,Korkuteli,7.053309820929578,2.08,2.26,-4.79,Risk Altinda,66.23,30.7,11.18,1.43,0.0,23.79,65.68,44.96,89.36,70.07,63.82
korkuteli_imrahor,İMRAHOR,Korkuteli,27.88003947361928,63.16,30.51,2.63,Orta Potansiyel,48.03,76.32,58.99,58.33,55.04,56.8,58.99,58.66,73.79,60.2,51.32
kumluca_adrasan,ADRASAN,Kumluca,51.330507759480575,55.59,52.45,1.12,Orta Potansiyel,48.9,46.49,64.58,42.98,43.09,50.99,44.08,62.83,37.17,22.48,48.46
finike_akcaalan,AKÇAALAN,Finike,4.984264785665256,17.65,1.75,-3.23,Risk Altinda,10.53,17.21,10.96,20.94,90.46,8.11,10.64,17.65,10.31,44.85,5.48
kumluca_altinyaka,ALTINYAKA,Kumluca,12.182311448699938,26.21,9.8,-2.38,Dusuk Potansiyel,5.26,8.66,24.34,25.44,97.26,28.07,14.47,17.65,3.62,10.42,3.51
kumluca_baglik,BAĞLIK,Kumluca,62.64486754950475,84.76,69.6,6.95,Yuksek Potansiyel,97.7,48.9,90.13,87.72,63.6,89.25,88.27,89.91,51.32,85.96,83.99
kumluca_belen,BELEN,Kumluca,21.4271115933736,62.06,23.84,2.41,Orta Potansiyel,43.2,35.75,51.64,46.82,70.83,50.44,1.1,48.9,40.24,21.93,30.37
kumluca_beykonak,BEYKONAK,Kumluca,65.15878036394457,31.58,63.32,-1.84,Dusuk Potansiyel,72.26,13.71,67.76,68.42,4.5,50.22,82.13,70.39,47.15,67.32,77.52
kumluca_besikci,BEŞİKÇİ,Kumluca,25.51756494592193,49.45,25.46,-0.05,Orta Potansiyel,47.48,29.06,53.73,59.54,47.59,50.66,39.04,60.64,36.62,26.1,48.03
kumluca_buyukalan,BÜYÜKALAN,Kumluca,5.971468619991299,15.46,2.52,-3.45,Risk Altinda,12.61,22.37,7.79,7.79,89.58,4.06,8.77,17.65,22.59,26.75,6.69
kumluca_cumhuriyet,CUMHURİYET,Kumluca,65.70042594423512,48.68,65.57,-0.13,Orta Potansiyel,65.13,9.54,81.69,84.98,63.16,72.04,79.5,77.96,71.6,68.42,75.77
kumluca_derekoy,DEREKÖY,Kumluca,3.267792548374519,17.54,0.02,-3.25,Risk Altinda,9.54,23.68,3.78,27.08,84.87,32.35,15.79,17.65,45.61,33.66,8.55
kumluca_ellinci_yil,ELLİNCİ YIL MAHALLESİ,Kumluca,36.68887061384538,80.7,42.83,6.14,Yuksek Potansiyel,67.11,64.36,57.35,60.31,80.59,64.25,58.0,17.65,42.76,47.15,62.5
kumluca_erentepe,ERENTEPE,Kumluca,18.06300963670205,25.22,15.58,-2.48,Dusuk Potansiyel,21.93,19.3,12.83,33.77,88.82,29.28,11.73,51.43,42.87,11.62,20.61
kumluca_eskicami,ESKİCAMİ,Kumluca,57.47147488948504,99.01,67.27,9.8,Yuksek Potansiyel,99.34,83.11,92.11,89.25,76.1,98.36,83.99,89.25,47.92,86.95,85.31
kumluca_goksu,GÖKSU,Kumluca,62.6624072195651,74.12,67.49,4.82,Yuksek Potansiyel,81.8,92.21,69.3,74.01,3.73,71.05,98.79,71.27,56.36,81.36,79.17
kumluca_golcuk,GÖLCÜK,Kumluca,7.359490866325966,25.44,4.9,-2.46,Dusuk Potansiyel,10.86,13.05,8.0,31.25,89.36,36.07,9.76,17.65,19.3,11.29,6.91
kumluca_guzoren,GÜZÖREN,Kumluca,24.355308373979376,56.91,25.74,1.38,Orta Potansiyel,27.74,60.64,29.71,35.2,75.88,43.64,14.69,50.33,26.97,16.45,23.46
kumluca_haciveliler,HACIVELİLER,Kumluca,47.88240131551275,57.89,49.46,1.58,Orta Potansiyel,70.61,55.37,62.61,60.64,27.85,45.29,84.43,64.58,35.64,51.75,68.64
kumluca_hizirkahya,HIZIRKAHYA,Kumluca,42.16519062055826,56.47,43.46,1.29,Orta Potansiyel,67.43,50.99,71.27,60.42,59.32,48.25,99.01,71.93,50.99,56.47,66.89
kumluca_karacaagac,KARACAAĞAÇ,Kumluca,10.040897992383062,40.02,9.04,-1.0,Dusuk Potansiyel,11.51,45.83,3.78,32.35,91.56,34.54,10.2,17.65,28.4,8.88,8.44
kumluca_karacaoren,KARACAÖREN,Kumluca,18.85519533365708,16.56,15.51,-3.34,Risk Altinda,12.94,24.56,17.21,15.24,85.2,15.46,26.21,36.84,23.9,30.59,9.87
kumluca_karsiyaka,KARŞIYAKA,Kumluca,50.99710264890065,74.23,55.84,4.85,Yuksek Potansiyel,83.55,58.11,76.21,72.7,29.61,73.57,80.92,77.41,39.47,57.79,72.26
kumluca_kasapcayiri,KASAPÇAYIRI,Kumluca,59.13400387951674,93.42,67.82,8.68,Yuksek Potansiyel,71.82,77.52,77.41,79.39,80.15,65.57,64.8,75.55,33.66,42.0,59.32
kumluca_kavakkoy,KAVAKKÖY,Kumluca,26.82812499989584,39.47,25.78,-1.05,Dusuk Potansiyel,67.0,64.8,65.35,19.41,44.96,4.61,99.78,63.71,42.98,52.85,64.8
kumluca_kum,KUM,Kumluca,64.3608299590929,68.53,68.07,3.71,Orta Potansiyel,78.18,88.05,70.18,73.9,5.92,70.39,98.68,71.71,69.41,87.5,79.39
kumluca_kuzca,KUZCA,Kumluca,12.252826008294656,21.05,9.36,-2.89,Risk Altinda,21.49,9.76,21.38,28.51,67.32,31.69,12.17,37.06,25.55,17.11,17.76
kumluca_mavikent,MAVİKENT,Kumluca,60.473599864658965,34.43,58.92,-1.56,Dusuk Potansiyel,60.2,9.87,63.71,52.85,6.25,59.21,53.84,63.16,22.37,42.11,67.43
kumluca_merkez,MERKEZ,Kumluca,52.12845816433226,73.79,56.89,4.76,Yuksek Potansiyel,55.15,54.5,59.98,66.01,89.47,56.14,37.61,54.28,54.61,29.28,54.82
kumluca_meydan,MEYDAN,Kumluca,60.541804635607605,77.08,65.96,5.42,Yuksek Potansiyel,99.56,1.1,98.68,99.01,73.14,99.12,57.35,98.14,45.39,99.78,91.56
kumluca_narenciye,NARENCİYE,Kumluca,68.43087887943182,97.7,77.97,9.54,Yuksek Potansiyel,82.89,85.86,81.8,83.44,88.71,74.56,85.75,83.33,33.99,52.52,65.57
kumluca_ortakoy,ORTAKÖY,Kumluca,14.543958487719308,67.43,18.03,3.49,Orta Potansiyel,41.67,61.07,39.04,42.0,76.43,46.6,11.95,17.65,46.49,17.65,41.89
elmali_ovacik,OVACIK,Elmalı,0.3525727979735872,2.41,0.0,-0.35,Risk Altinda,9.87,15.57,3.78,1.1,79.28,5.59,28.62,17.65,55.81,34.1,6.36
kumluca_salur,SALUR,Kumluca,44.1489541158155,42.76,43.43,-0.72,Dusuk Potansiyel,59.98,40.9,52.85,49.67,30.04,36.18,60.75,55.48,49.01,36.73,57.68
kumluca_saricasu,SARICASU,Kumluca,59.82943235454397,33.99,58.23,-1.6,Dusuk Potansiyel,64.91,4.17,60.31,62.06,20.83,51.86,47.04,60.86,50.88,41.78,64.14
kumluca_sarikavak,SARIKAVAK,Kumluca,23.61409834674523,65.24,26.66,3.05,Orta Potansiyel,54.93,50.88,66.01,62.83,60.96,48.14,72.59,17.65,40.46,38.27,58.88
kumluca_temel_egitim,TEMEL EĞİTİM MAHALLESİ,Kumluca,73.75860833587134,52.08,74.18,0.42,Orta Potansiyel,74.56,2.63,84.21,82.57,84.43,75.88,89.8,84.65,66.23,74.67,76.21
kumluca_toptas,TOPTAŞ,Kumluca,29.068193319714197,55.92,30.25,1.18,Orta Potansiyel,43.97,42.65,55.7,55.26,80.04,47.81,38.6,70.18,58.0,25.77,43.86
kumluca_yazir,YAZIR,Kumluca,31.958154188156712,68.97,35.75,3.79,Orta Potansiyel,31.47,65.9,63.16,54.61,78.07,54.71,30.26,67.11,44.74,20.72,29.61
kumluca_yeni,YENİ,Kumluca,55.9952745583671,63.27,58.65,2.65,Orta Potansiyel,92.54,2.85,85.96,84.1,67.65,79.06,93.09,86.62,38.71,71.82,79.5
kumluca_yenikisla,YENİKIŞLA,Kumluca,7.430005425920683,27.08,5.14,-2.29,Dusuk Potansiyel,5.81,12.39,27.85,28.4,98.25,27.3,5.04,17.65,35.31,4.17,3.4
kumluca_yesilkoy,YEŞİLKÖY,Kumluca,13.85424579487131,35.31,12.38,-1.47,Dusuk Potansiyel,37.83,19.52,34.43,31.8,44.52,38.82,5.7,17.65,34.43,12.94,37.94
kumluca_calti,ÇALTI,Kumluca,9.14647766321142,16.23,5.77,-3.38,Risk Altinda,8.33,12.17,19.3,26.97,96.27,12.83,24.23,17.65,41.01,8.33,3.84
kumluca_cayici,ÇAYİÇİ,Kumluca,7.571034545110118,14.25,4.0,-3.57,Risk Altinda,22.92,30.37,15.35,21.05,41.23,14.91,38.93,37.28,22.15,32.13,18.97
korkuteli_imecik,İMECİK,Korkuteli,17.177699403112204,5.26,12.7,-4.47,Risk Altinda,17.54,20.29,15.9,6.25,68.53,19.74,40.68,35.75,36.4,55.04,16.67
kumluca_incircik,İNCİRCİK,Kumluca,16.49482275272471,31.14,14.61,-1.89,Dusuk Potansiyel,20.18,32.35,32.57,17.87,77.74,10.2,15.9,46.93,11.07,9.43,20.29
manavgat_a_hisar,A. HİSAR,Manavgat,87.92328806687046,41.89,87.11,-0.81,Dusuk Potansiyel,62.28,1.54,97.37,91.34,35.96,95.29,79.82,97.37,63.93,96.71,96.27
manavgat_a_pazarci,A. PAZARCI,Manavgat,87.07788501802337,76.86,92.45,5.37,Yuksek Potansiyel,47.7,91.78,98.14,98.57,40.79,97.81,96.38,97.15,67.87,99.12,96.38
manavgat_ahmetler,AHMETLER,Manavgat,13.006217218276865,29.28,10.93,-2.07,Dusuk Potansiyel,19.74,35.86,24.23,23.36,72.15,9.32,25.0,17.65,31.03,3.18,18.53
manavgat_aksaz,AKSAZ,Manavgat,22.76208302437611,51.43,23.05,0.29,Orta Potansiyel,44.74,61.29,44.41,53.18,76.75,58.88,58.11,62.61,85.96,58.55,42.21
manavgat_altinkaya,ALTINKAYA,Manavgat,12.583129860708562,24.34,10.02,-2.57,Risk Altinda,10.96,15.24,31.69,21.27,91.45,10.09,13.16,40.24,12.17,2.74,7.57
manavgat_aydinevler,AYDINEVLER,Manavgat,56.79066639059268,57.46,58.28,1.49,Orta Potansiyel,89.8,0.66,83.33,91.56,53.62,97.59,82.24,80.37,71.38,89.58,88.71
manavgat_asagiisiklar,AŞAĞIIŞIKLAR,Manavgat,26.759043735995505,54.61,27.68,0.92,Orta Potansiyel,52.08,66.45,42.0,46.05,75.22,57.79,64.04,55.15,74.01,60.53,50.33
manavgat_bahcelievler,BAHÇELİEVLER,Manavgat,86.79048362561852,51.54,87.1,0.31,Orta Potansiyel,82.68,1.43,92.87,96.6,44.19,93.97,86.07,92.54,78.29,96.05,93.86
manavgat_ballibucak,BALLIBUCAK,Manavgat,12.724158979897997,7.68,8.49,-4.23,Risk Altinda,36.51,14.47,19.19,5.37,5.7,5.26,23.03,17.65,3.51,40.68,29.39
manavgat_belenobasi,BELENOBASI,Manavgat,24.42582293357409,49.89,24.41,-0.01,Orta Potansiyel,44.52,68.2,28.51,28.73,72.59,44.19,33.99,17.65,92.87,38.71,38.16
manavgat_bereket,BEREKET,Manavgat,17.404040029589098,43.42,16.75,-0.66,Dusuk Potansiyel,57.02,51.86,32.46,51.86,55.48,54.39,86.73,17.65,59.76,75.77,52.52
manavgat_beydigin,BEYDİĞİN,Manavgat,13.57218755649244,19.52,10.52,-3.05,Risk Altinda,11.4,48.79,20.39,10.96,77.3,12.61,26.1,36.95,61.51,17.54,13.6
manavgat_beskonak,BEŞKONAK,Manavgat,28.055434979145705,37.83,26.84,-1.22,Dusuk Potansiyel,23.9,43.86,38.38,24.67,82.35,21.93,31.69,40.13,28.84,28.62,19.63
manavgat_boztepe,BOZTEPE,Manavgat,23.08855263143114,63.82,25.85,2.76,Orta Potansiyel,57.89,66.78,56.03,59.76,45.83,41.34,75.44,17.65,39.04,58.99,56.58
serik_bucakkoy,BUCAKKÖY,Serik,9.74329132688186,28.73,7.62,-2.13,Dusuk Potansiyel,28.18,26.32,26.75,30.81,86.07,48.03,51.1,17.65,57.46,37.83,15.35
manavgat_bucakseyhler,BUCAKŞEYHLER,Manavgat,30.8611412551404,48.9,30.75,-0.11,Orta Potansiyel,43.09,48.36,56.14,53.62,66.34,53.95,52.19,59.54,83.66,38.38,41.78
manavgat_burmahan,BURMAHAN,Manavgat,21.35659703377888,38.49,20.21,-1.15,Dusuk Potansiyel,40.13,35.2,26.32,20.61,69.08,1.75,15.13,17.65,3.84,41.23,26.75
manavgat_bukluce,BÜKLÜCE,Manavgat,10.303453947357124,5.37,5.84,-4.46,Risk Altinda,54.39,9.1,3.78,42.43,40.02,55.15,98.03,17.65,59.1,86.18,53.73
manavgat_cevizler,CEVİZLER,Manavgat,5.247405485534573,37.5,4.0,-1.25,Dusuk Potansiyel,40.46,51.54,14.04,37.06,81.47,43.86,52.96,17.65,77.08,37.72,32.89
manavgat_demirciler,DEMİRCİLER,Manavgat,30.90811712367017,58.33,32.57,1.67,Orta Potansiyel,48.25,75.22,51.86,49.89,77.63,60.96,68.75,64.91,89.25,62.83,45.72
manavgat_denizkent,DENİZKENT,Manavgat,19.40562200948277,44.96,18.9,-0.5,Dusuk Potansiyel,55.26,57.89,52.52,50.66,12.28,63.93,88.93,17.65,61.07,66.12,57.46
manavgat_denizyaka,DENİZYAKA,Manavgat,22.25907894723173,19.85,19.24,-3.02,Risk Altinda,64.04,39.58,39.25,32.46,16.67,51.64,98.36,56.25,57.57,90.68,57.89
manavgat_degirmenozu,DEĞİRMENÖZÜ,Manavgat,12.512615301113842,5.59,8.07,-4.44,Risk Altinda,23.68,18.53,19.41,14.8,27.96,3.73,36.18,17.65,31.25,25.88,25.77
manavgat_dolbazlar,DOLBAZLAR,Manavgat,18.562490733809565,58.99,20.36,1.8,Orta Potansiyel,54.17,74.23,45.72,54.39,65.57,49.12,89.36,17.65,61.62,76.32,53.4
manavgat_dogancam,DOĞANÇAM,Manavgat,35.0417088392298,57.24,36.49,1.45,Orta Potansiyel,60.42,61.18,67.98,63.82,53.29,64.91,87.06,71.38,74.78,78.84,58.11
manavgat_duzagac,DÜZAĞAÇ,Manavgat,14.60763700485352,19.08,11.52,-3.09,Risk Altinda,17.76,19.08,20.72,9.98,79.71,9.1,17.32,17.65,20.18,15.68,11.95
manavgat_dikmen,DİKMEN,Manavgat,27.036692891970805,60.64,29.16,2.13,Orta Potansiyel,51.43,67.87,61.51,37.5,83.99,56.47,60.09,63.38,83.77,44.63,46.05
manavgat_emek,EMEK,Manavgat,76.81182835824534,89.69,84.75,7.94,Yuksek Potansiyel,75.44,93.42,90.24,89.69,52.96,94.19,72.48,90.13,79.39,97.26,94.74
manavgat_eski_hisar,ESKİ HİSAR,Manavgat,60.0295253861616,55.48,61.13,1.1,Orta Potansiyel,92.65,2.3,91.78,88.49,45.94,96.05,93.42,89.36,71.49,94.85,91.23
manavgat_evrenleryavsi,EVRENLERYAVŞI,Manavgat,15.05484716943934,43.09,14.36,-0.69,Dusuk Potansiyel,50.11,71.93,3.78,32.02,75.11,35.2,54.28,17.65,80.92,42.98,42.87
manavgat_evrenseki,EVRENSEKİ,Manavgat,40.21204595980507,69.41,44.09,3.88,Orta Potansiyel,72.81,82.79,66.34,66.12,3.84,69.3,70.39,67.76,68.64,57.13,74.56
manavgat_gaziler,GAZİLER,Manavgat,11.829738650726352,18.09,8.64,-3.19,Risk Altinda,16.67,24.78,37.39,21.93,91.01,11.95,43.09,42.98,48.9,35.75,6.14
manavgat_gebece,GEBECE,Manavgat,23.88397540237603,41.45,23.03,-0.86,Dusuk Potansiyel,8.88,35.64,31.47,40.57,97.15,34.32,8.22,17.65,52.96,10.53,8.22
manavgat_gencler,GENÇLER,Manavgat,10.612268346892114,16.01,7.21,-3.4,Risk Altinda,21.71,7.13,23.14,25.55,79.17,25.11,28.84,17.65,40.13,17.98,24.34
manavgat_gultepe,GÜLTEPE,Manavgat,37.54622368407773,99.34,47.41,9.87,Yuksek Potansiyel,95.5,92.76,67.11,83.99,91.89,77.63,62.39,17.65,67.98,71.49,78.73
manavgat_gundogdu,GÜNDOĞDU,Manavgat,35.411934766347244,52.41,35.89,0.48,Orta Potansiyel,59.32,67.11,60.75,58.11,13.16,64.36,76.54,61.07,71.93,62.28,60.2
manavgat_guzelyali,GÜZELYALI,Manavgat,12.653644420303277,30.48,10.7,-1.95,Dusuk Potansiyel,16.01,48.68,36.51,33.11,93.2,14.25,51.86,17.65,60.53,54.17,9.32
manavgat_haciali,HACIALİ,Manavgat,11.82861378795462,31.91,10.02,-1.81,Dusuk Potansiyel,17.65,45.94,31.14,38.71,89.91,41.12,39.47,17.65,82.57,44.74,24.23
manavgat_haciobasi,HACIOBASI,Manavgat,31.593602395261986,63.71,34.33,2.74,Orta Potansiyel,63.93,61.62,62.17,53.73,55.92,50.88,67.43,51.1,63.6,55.37,49.23
manavgat_haciisali,HACIİSALI,Manavgat,14.725018532195596,45.72,14.3,-0.43,Orta Potansiyel,35.86,47.92,13.82,35.75,83.88,53.84,25.88,17.65,70.18,17.76,34.32
manavgat_halitagalar,HALİTAĞALAR,Manavgat,1.099999999998794,13.05,0.0,-1.1,Risk Altinda,15.68,5.48,3.78,18.86,79.39,17.21,6.47,17.65,19.63,14.8,21.05
manavgat_hatipler,HATİPLER,Manavgat,39.70285526300555,74.89,44.68,4.98,Yuksek Potansiyel,66.45,76.1,69.96,69.52,69.41,76.43,73.57,74.45,71.27,77.74,66.45
manavgat_hocalar,HOCALAR,Manavgat,16.781393624847336,29.17,14.7,-2.08,Dusuk Potansiyel,39.8,43.09,39.69,39.04,40.9,44.41,56.36,47.92,72.37,46.05,40.13
manavgat_hocali,HOCALI,Manavgat,14.160426840267696,37.06,12.87,-1.29,Dusuk Potansiyel,6.58,54.17,24.56,34.1,98.03,31.91,14.91,17.65,79.5,21.27,6.47
manavgat_ilica,ILICA,Manavgat,64.8226184206494,83.66,71.56,6.73,Yuksek Potansiyel,80.04,91.67,76.64,78.84,30.81,77.74,78.18,77.63,65.68,80.81,78.4
manavgat_kadilar,KADILAR,Manavgat,3.1700148257916023,30.92,1.26,-1.91,Dusuk Potansiyel,38.16,39.04,3.78,26.21,57.57,30.92,42.43,17.65,19.19,25.0,30.04
manavgat_kalemler,KALEMLER,Manavgat,16.70636643150886,50.11,16.73,0.02,Orta Potansiyel,55.7,71.49,11.29,40.79,51.21,52.3,57.57,17.65,75.33,49.12,37.28
manavgat_karabucak,KARABUCAK,Manavgat,14.678151564448235,15.9,11.27,-3.41,Risk Altinda,21.27,21.05,3.78,8.66,78.73,2.08,18.75,17.65,8.66,14.91,16.34
manavgat_karabuk,KARABÜK,Manavgat,18.78468077406236,24.67,16.25,-2.53,Risk Altinda,17.21,20.61,34.21,24.23,82.79,13.71,20.94,39.04,26.64,18.53,13.82
manavgat_karacalar,KARACALAR,Manavgat,37.58486842070518,63.6,40.3,2.72,Orta Potansiyel,65.9,73.25,69.85,60.96,27.08,75.11,79.61,63.27,75.88,78.51,69.85
manavgat_karakaya,KARAKAYA,Manavgat,12.936545589283206,29.39,10.88,-2.06,Dusuk Potansiyel,45.18,10.31,40.24,33.0,54.82,36.84,39.69,46.49,21.93,29.61,40.9
serik_karatas,KARATAŞ,Serik,9.562231282405572,17.11,6.27,-3.29,Risk Altinda,12.39,17.43,26.54,32.24,91.34,34.65,50.99,17.65,48.68,38.6,12.06
manavgat_karavca,KARAVCA,Manavgat,20.48444565016692,36.07,19.09,-1.39,Dusuk Potansiyel,9.98,67.98,48.03,27.41,92.87,30.04,57.02,52.19,54.28,56.91,14.8
manavgat_karaoz,KARAÖZ,Manavgat,29.32227575970492,50.99,29.52,0.2,Orta Potansiyel,39.14,72.15,48.46,43.75,84.54,60.31,76.21,50.22,84.98,71.27,39.91
manavgat_kasaplar,KASAPLAR,Manavgat,61.84947571727916,84.32,68.71,6.86,Yuksek Potansiyel,84.32,59.87,88.49,90.68,49.78,91.56,62.28,82.24,61.95,90.79,94.19
manavgat_kavakli,KAVAKLI,Manavgat,62.18987996672536,95.94,71.38,9.19,Yuksek Potansiyel,95.39,82.57,84.87,85.42,62.72,88.49,68.64,81.58,66.78,81.47,88.38
akseki_kepezbeleni,KEPEZBELENİ,Akseki,5.054779345259973,21.93,2.25,-2.81,Risk Altinda,3.62,46.16,23.9,16.01,95.94,13.38,34.65,38.49,41.78,30.26,2.85
manavgat_kirkkavak,KIRKKAVAK,Manavgat,11.547680412347482,20.18,8.57,-2.98,Risk Altinda,3.07,34.1,20.18,2.63,99.89,1.97,18.53,37.39,6.25,14.04,2.08
manavgat_kisalar,KISALAR,Manavgat,7.128289473676395,36.73,5.8,-1.33,Dusuk Potansiyel,49.23,65.02,3.78,44.63,48.36,62.5,84.54,17.65,62.94,61.84,44.74
manavgat_kizilagac,KIZILAĞAÇ,Manavgat,42.3900717697005,73.36,47.06,4.67,Yuksek Potansiyel,75.88,87.5,76.43,72.59,8.0,78.07,88.38,74.12,62.72,85.31,81.47
manavgat_kizildag,KIZILDAĞ,Manavgat,22.84296436964145,24.45,20.29,-2.55,Risk Altinda,18.53,24.01,21.6,18.42,85.53,5.7,10.31,17.65,30.81,9.54,18.86
manavgat_kizilot,KIZILOT,Manavgat,40.65681818125099,46.49,40.31,-0.35,Orta Potansiyel,71.49,7.57,74.01,73.46,49.67,80.48,76.32,73.25,60.86,79.28,67.32
manavgat_milli_egemenlik,MİLLİ EGEMENLİK,Manavgat,58.04104580559765,57.79,59.6,1.56,Orta Potansiyel,74.45,4.71,86.62,87.17,63.49,87.39,72.81,84.32,56.25,73.03,86.29
manavgat_mimar_sinan,MİMAR SİNAN,Manavgat,55.654870308920906,50.0,55.65,-0.0,Orta Potansiyel,76.1,0.22,87.72,91.23,46.6,88.82,64.91,84.98,85.31,83.0,87.06
manavgat_namaras,NAMARAS,Manavgat,5.544255003694944,32.35,3.78,-1.77,Dusuk Potansiyel,20.72,28.84,32.24,28.84,65.02,19.41,18.97,17.65,23.46,2.52,21.82
manavgat_odaonu,ODAÖNÜ,Manavgat,20.810159412892407,37.94,19.6,-1.21,Dusuk Potansiyel,41.78,31.91,48.25,47.81,67.11,49.67,74.45,17.65,37.94,66.45,48.79
manavgat_oymapinar,OYMAPINAR,Manavgat,28.339347078982414,34.76,26.82,-1.52,Dusuk Potansiyel,27.08,51.32,46.38,34.54,69.74,45.18,49.34,39.58,76.21,44.41,37.61
manavgat_perakende,PERAKENDE,Manavgat,6.035526315782856,27.19,3.75,-2.28,Dusuk Potansiyel,60.64,44.74,3.78,38.05,38.49,56.91,83.88,17.65,70.61,58.22,49.12
manavgat_salkim_evler,SALKIM EVLER,Manavgat,67.83797233422902,97.92,77.42,9.58,Yuksek Potansiyel,75.33,95.61,73.9,85.75,86.4,81.69,55.04,17.65,85.2,75.66,74.45
manavgat_salur,SALUR,Manavgat,8.135151021867856,22.48,5.38,-2.75,Risk Altinda,10.75,57.02,3.78,23.14,77.41,24.56,29.06,17.65,73.46,30.7,11.73
manavgat_sanayi,SANAYİ,Manavgat,36.56078947355822,54.5,37.46,0.9,Orta Potansiyel,77.85,67.76,74.23,67.32,1.97,71.27,99.34,84.1,83.33,90.24,74.12
manavgat_saracli,SARAÇLI,Manavgat,18.099950262217032,38.38,16.94,-1.16,Dusuk Potansiyel,26.32,52.08,42.65,31.91,94.19,34.87,41.01,17.65,95.29,48.9,19.52
manavgat_sarilar,SARILAR,Manavgat,63.74549999960941,85.86,70.92,7.17,Yuksek Potansiyel,82.46,75.66,74.56,74.34,71.82,77.08,77.63,74.67,64.36,66.67,75.99
manavgat_sagirin,SAĞIRİN,Manavgat,26.728657985116584,23.79,24.11,-2.62,Risk Altinda,27.63,34.65,25.66,19.08,72.7,16.56,39.25,38.82,27.41,37.28,23.68
manavgat_seydiler,SEYDİLER,Manavgat,29.763621794741425,53.95,30.55,0.79,Orta Potansiyel,49.34,74.67,62.83,55.48,52.52,60.64,90.9,65.24,65.46,86.4,52.19
manavgat_sorgun,SORGUN,Manavgat,49.29508140166971,81.8,55.65,6.36,Yuksek Potansiyel,79.5,79.06,76.75,76.32,31.91,83.55,84.1,75.77,58.44,63.82,71.27
manavgat_sulek,SÜLEK,Manavgat,35.99344213881815,66.12,39.22,3.22,Orta Potansiyel,57.46,55.48,55.92,51.97,74.89,65.46,46.49,17.65,80.04,51.32,55.81
manavgat_side,SİDE,Manavgat,78.17795742124169,76.64,83.51,5.33,Yuksek Potansiyel,76.64,76.97,84.76,83.66,16.34,87.06,76.43,83.77,71.05,82.68,84.76
manavgat_tasagil,TAŞAĞIL,Manavgat,32.55346807734795,53.51,33.26,0.7,Orta Potansiyel,53.62,64.14,61.18,41.56,37.83,53.62,62.94,62.5,56.69,43.64,56.14
manavgat_taskesigi,TAŞKESİĞİ,Manavgat,10.344366197152764,45.29,9.87,-0.47,Orta Potansiyel,5.92,28.95,49.01,52.08,96.38,18.75,20.29,17.65,21.27,13.71,5.59
manavgat_tepekoy,TEPEKÖY,Manavgat,1.621834870678501,15.02,0.0,-1.62,Risk Altinda,11.62,26.64,3.78,24.56,87.39,19.08,35.42,17.65,46.05,8.44,14.25
manavgat_tilkiler,TİLKİLER,Manavgat,4.490662868502233,37.39,3.23,-1.26,Dusuk Potansiyel,9.76,66.67,12.06,31.58,79.06,24.01,13.05,17.65,72.7,5.92,14.14
manavgat_ulukapi,ULUKAPI,Manavgat,37.93884358768548,64.58,40.86,2.92,Orta Potansiyel,54.5,68.09,55.26,64.8,81.14,60.75,65.79,60.09,83.88,67.65,51.86
manavgat_uzunkale,UZUNKALE,Manavgat,11.350704225317962,37.17,10.07,-1.28,Dusuk Potansiyel,32.89,34.21,42.76,30.15,78.95,32.57,36.62,47.04,45.18,18.75,27.85
manavgat_uzunlar,UZUNLAR,Manavgat,12.726538176385898,44.63,12.19,-0.54,Dusuk Potansiyel,40.02,44.08,49.89,39.14,66.12,38.38,51.97,48.14,40.79,41.45,35.42
manavgat_y_hisar,Y.HİSAR,Manavgat,58.72185430449002,58.11,60.34,1.62,Orta Potansiyel,76.75,0.0,97.59,90.02,50.33,93.31,70.94,97.26,49.78,81.25,89.25
manavgat_y_pazarci,Y.PAZARCI,Manavgat,67.01952262674544,56.14,68.25,1.23,Orta Potansiyel,94.96,0.77,92.65,90.57,35.86,97.04,92.21,93.75,61.18,93.86,93.64
manavgat_yalcidibi,YALÇIDİBİ,Manavgat,7.694292068180282,35.75,6.27,-1.43,Dusuk Potansiyel,37.72,35.53,37.61,29.93,57.13,30.15,45.83,17.65,21.6,38.16,35.2
manavgat_yavrudogan,YAVRUDOĞAN,Manavgat,36.09985174188121,34.65,34.56,-1.54,Dusuk Potansiyel,52.85,39.25,49.12,45.29,22.37,55.37,53.73,49.34,72.04,48.46,55.15
manavgat_yayla,YAYLA,Manavgat,85.83959626092219,83.22,92.48,6.64,Yuksek Potansiyel,46.38,93.97,89.25,97.7,48.79,97.15,62.72,88.05,69.08,97.59,97.04
manavgat_yaylaalan,YAYLAALAN,Manavgat,19.51765689994272,28.84,17.4,-2.12,Dusuk Potansiyel,37.28,26.43,25.99,22.48,45.72,21.6,21.82,17.65,32.79,10.75,31.14
manavgat_yenikoy,YENİKÖY,Manavgat,25.470051890190632,39.69,24.44,-1.03,Dusuk Potansiyel,50.22,52.85,40.35,37.72,57.02,50.11,60.86,56.58,74.67,56.36,46.6
manavgat_yesilbag,YEŞİLBAĞ,Manavgat,18.996224452846512,16.34,15.63,-3.37,Risk Altinda,22.48,17.11,23.25,8.0,62.94,7.46,15.24,17.65,12.28,31.03,20.07
serik_yesilvadi,YEŞİLVADİ,Serik,4.208604630123364,9.43,0.15,-4.06,Risk Altinda,1.43,18.42,3.78,21.16,33.5,19.52,3.07,17.65,11.84,6.03,0.71
manavgat_yukariisiklar,YUKARIIŞIKLAR,Manavgat,23.95448996197075,36.29,22.58,-1.37,Dusuk Potansiyel,29.5,56.03,33.88,40.13,85.86,37.28,50.88,43.86,89.47,37.61,27.3
manavgat_cakis,ÇAKIŞ,Manavgat,37.4319866566278,46.16,37.05,-0.38,Orta Potansiyel,68.86,58.55,50.22,51.21,3.95,52.19,85.42,57.89,50.66,59.21,64.04
manavgat_caltepe,ÇALTEPE,Manavgat,16.259156266923043,13.16,12.57,-3.68,Risk Altinda,51.32,15.9,18.31,7.46,3.62,3.4,22.15,17.65,8.55,38.05,42.0
manavgat_cardakkoy,ÇARDAKKÖY,Manavgat,24.99550099470533,26.43,22.64,-2.36,Dusuk Potansiyel,45.94,38.16,16.34,35.42,29.17,33.55,37.28,42.76,56.58,36.29,38.93
manavgat_cavuskoy,ÇAVUŞKÖY,Manavgat,24.09150717687642,49.56,24.05,-0.04,Orta Potansiyel,52.3,51.21,55.04,58.0,47.37,61.29,79.06,55.92,50.11,68.2,55.26
manavgat_cayyazi,ÇAYYAZI,Manavgat,39.18781578932763,80.48,45.28,6.1,Yuksek Potansiyel,62.5,83.0,71.93,79.71,78.29,74.12,89.58,73.36,64.14,71.93,64.36
manavgat_caglayan,ÇAĞLAYAN,Manavgat,55.08529939280832,85.42,62.17,7.08,Yuksek Potansiyel,74.01,63.82,84.98,88.6,69.19,84.1,66.56,85.86,56.03,71.6,81.36
manavgat_celtikci,ÇELTİKÇİ,Manavgat,63.76792341389012,82.89,70.35,6.58,Yuksek Potansiyel,69.85,85.64,69.19,75.66,81.69,73.46,85.96,66.23,70.39,79.06,63.27
manavgat_cenger,ÇENGER,Manavgat,25.998444975852067,59.98,27.99,2.0,Orta Potansiyel,68.09,50.55,59.1,61.95,25.11,68.75,65.57,61.18,48.25,59.54,60.53
manavgat_colakli,ÇOLAKLI,Manavgat,41.47153446980929,50.77,41.63,0.15,Orta Potansiyel,64.14,41.45,70.83,67.43,24.89,76.75,77.19,69.74,65.79,74.78,72.81
manavgat_orensehir,ÖRENŞEHİR,Manavgat,28.773803827458337,73.57,33.49,4.71,Yuksek Potansiyel,62.94,81.8,67.65,61.07,21.05,67.21,71.16,56.8,33.0,57.35,61.95
manavgat_ornek,ÖRNEK,Manavgat,68.83612720730959,85.96,76.03,7.19,Yuksek Potansiyel,80.7,94.19,93.86,87.61,30.48,94.3,97.81,94.3,72.15,96.16,94.96
manavgat_selale,ŞELALE,Manavgat,72.6082986376928,96.16,81.84,9.23,Yuksek Potansiyel,90.02,92.43,87.94,88.38,59.87,91.23,79.28,84.87,65.24,91.67,92.11
manavgat_siseler,ŞİŞELER,Manavgat,6.666382505544226,29.93,4.66,-2.01,Dusuk Potansiyel,46.05,47.59,13.16,34.43,63.71,39.58,67.65,17.65,73.9,46.27,36.95
muratpasa_altindag,ALTINDAĞ,Muratpaşa,86.4918972444901,60.09,88.51,2.02,Orta Potansiyel,1.43,72.04,99.45,98.68,53.95,98.14,60.31,99.34,54.82,98.03,99.45
muratpasa_bahcelievler,BAHÇELİEVLER,Muratpaşa,64.97375137951488,56.03,66.18,1.21,Orta Potansiyel,68.64,2.96,96.93,93.64,45.07,89.04,61.51,95.61,50.55,85.09,93.42
muratpasa_balbey,BALBEY,Muratpaşa,45.998930739434186,66.67,49.33,3.33,Orta Potansiyel,26.43,97.26,98.03,97.92,8.99,98.79,86.95,97.04,76.86,92.65,95.83
muratpasa_barbaros,BARBAROS,Muratpaşa,39.04615066219632,98.25,48.7,9.65,Yuksek Potansiyel,98.14,97.7,99.67,99.45,3.18,97.92,61.95,99.89,70.29,80.92,94.08
muratpasa_bayindir,BAYINDIR,Muratpaşa,73.0299717353343,92.87,81.6,8.57,Yuksek Potansiyel,78.4,92.54,92.43,94.19,57.79,89.14,81.14,90.79,74.56,91.01,91.34
muratpasa_cumhuriyet,CUMHURİYET,Muratpaşa,92.22657115114517,57.57,93.74,1.51,Orta Potansiyel,8.55,82.13,97.04,98.9,51.54,96.82,89.14,99.23,77.63,97.92,92.54
muratpasa_demircikara,DEMİRCİKARA,Muratpaşa,66.22413079451987,83.99,73.02,6.8,Yuksek Potansiyel,70.94,91.12,90.46,90.46,29.5,87.5,92.11,90.02,56.91,78.07,92.87
muratpasa_deniz,DENİZ,Muratpaşa,79.79450021899905,88.27,87.45,7.65,Yuksek Potansiyel,73.36,75.55,98.57,92.32,52.85,91.34,60.96,98.57,57.24,93.2,97.59
muratpasa_doguyaka,DOĞUYAKA,Muratpaşa,59.68912113671541,77.19,65.13,5.44,Yuksek Potansiyel,96.38,69.96,83.44,83.33,35.64,76.86,96.82,87.83,89.14,75.88,84.43
muratpasa_dutlubahce,DUTLUBAHÇE,Muratpaşa,88.68472268905816,12.17,84.9,-3.78,Risk Altinda,1.43,3.18,93.64,97.37,51.97,95.83,88.6,96.6,78.73,99.34,98.68
muratpasa_elmali,ELMALI,Muratpaşa,47.07743515443936,62.17,49.51,2.43,Orta Potansiyel,1.43,94.96,99.89,99.56,8.88,99.45,46.05,99.45,76.54,98.14,99.67
muratpasa_ermenek,ERMENEK,Muratpaşa,55.77992105232417,93.64,64.51,8.73,Yuksek Potansiyel,86.51,92.65,79.5,80.15,59.54,85.09,72.04,77.74,88.6,61.29,75.55
muratpasa_etiler,ETİLER,Muratpaşa,93.68851027791966,72.59,95.0,1.31,Yuksek Potansiyel,68.75,56.47,95.18,97.04,48.9,94.96,88.16,92.65,71.82,98.46,97.7
muratpasa_fener,FENER,Muratpaşa,94.37224081549282,92.76,95.0,0.63,Yuksek Potansiyel,85.64,88.38,94.96,93.75,28.73,93.75,82.89,92.76,60.42,85.53,93.09
muratpasa_gebizli,GEBİZLİ,Muratpaşa,85.85743092474966,60.86,88.03,2.17,Orta Potansiyel,97.15,1.86,94.63,92.0,68.09,89.58,90.02,94.19,82.02,95.72,91.67
muratpasa_genclik,GENÇLİK,Muratpaşa,68.04073537508401,92.54,76.55,8.51,Yuksek Potansiyel,77.19,88.49,96.38,92.76,42.0,92.98,79.17,95.83,50.22,91.89,94.63
muratpasa_guvenlik,GÜVENLİK,Muratpaşa,91.46940348129854,31.36,89.61,-1.86,Dusuk Potansiyel,23.03,1.75,96.71,96.27,52.41,94.41,53.51,97.48,63.38,99.45,98.36
muratpasa_guzelbag,GÜZELBAĞ,Muratpaşa,51.42201315763219,75.55,56.53,5.11,Yuksek Potansiyel,79.61,99.34,73.57,76.86,11.4,70.83,87.5,75.22,97.48,72.15,74.23
muratpasa_guzeloba,GÜZELOBA,Muratpaşa,91.95309220301104,82.79,95.0,3.05,Yuksek Potansiyel,86.95,83.77,84.54,81.03,37.61,83.33,91.89,81.91,86.18,74.34,83.22
muratpasa_guzeloluk,GÜZELOLUK,Muratpaşa,56.39297047447989,74.56,61.31,4.91,Yuksek Potansiyel,94.3,73.14,79.06,79.61,21.71,69.96,96.16,81.36,69.63,84.54,84.87
aksu_guzelyurt,GÜZELYURT,Aksu,59.99671052596367,84.43,66.88,6.89,Yuksek Potansiyel,87.5,81.25,84.32,80.04,42.76,78.29,73.36,85.09,90.13,69.19,79.06
muratpasa_hasimiscan,HAŞİMİŞCAN,Muratpaşa,51.67791114779302,92.0,60.08,8.4,Yuksek Potansiyel,56.69,93.31,97.81,99.67,32.13,99.67,59.65,97.7,51.1,76.97,91.45
muratpasa_kilincarslan,KILINÇARSLAN,Muratpaşa,42.40963024275877,81.69,48.75,6.34,Yuksek Potansiyel,37.94,96.49,98.79,98.79,16.45,99.23,59.1,99.67,60.09,82.46,89.04
muratpasa_kircami,KIRCAMİ,Muratpaşa,49.975889900562095,79.28,55.83,5.86,Yuksek Potansiyel,89.69,75.33,82.89,82.46,22.7,80.26,96.05,84.76,68.97,68.97,82.24
muratpasa_kizilarik,KIZILARIK,Muratpaşa,93.8067804756242,96.82,95.0,1.19,Yuksek Potansiyel,99.89,90.24,89.8,92.98,63.05,90.79,90.68,92.43,72.59,91.34,93.75
muratpasa_kizilsaray,KIZILSARAY,Muratpaşa,68.38113962453018,61.18,70.62,2.24,Orta Potansiyel,1.43,86.73,99.12,99.78,38.6,99.78,71.27,99.56,61.84,97.37,99.56
muratpasa_kiziltoprak,KIZILTOPRAK,Muratpaşa,94.26243332319936,91.56,95.0,0.74,Yuksek Potansiyel,97.48,82.02,91.45,92.87,52.63,90.24,90.46,91.89,80.59,93.42,95.94
muratpasa_kisla,KIŞLA,Muratpaşa,63.72337196450992,80.15,69.75,6.03,Yuksek Potansiyel,46.49,90.46,98.9,99.12,34.32,98.9,80.7,99.12,63.16,94.52,96.82
muratpasa_konuksever,KONUKSEVER,Muratpaşa,94.1510315846674,90.68,95.0,0.85,Yuksek Potansiyel,83.99,88.71,92.98,96.82,55.81,93.53,93.97,94.52,74.23,96.82,97.15
muratpasa_mehmetcik,MEHMETÇİK,Muratpaşa,47.41783940388554,75.99,52.62,5.2,Yuksek Potansiyel,90.35,69.52,87.83,85.2,20.07,79.28,96.6,87.17,75.99,70.29,86.07
muratpasa_meltem,MELTEM,Muratpaşa,92.08099710395472,95.39,95.0,2.92,Yuksek Potansiyel,76.43,95.18,90.79,87.94,50.22,91.12,72.15,90.24,51.86,74.23,87.17
muratpasa_memurevleri,MEMUREVLERİ,Muratpaşa,67.35992687619162,38.93,66.25,-1.11,Dusuk Potansiyel,1.43,38.71,97.48,93.31,61.95,90.57,62.83,95.5,58.88,100.0,99.01
muratpasa_meydankavagi,MEYDANKAVAĞI,Muratpaşa,94.8988755172978,84.21,95.0,0.1,Yuksek Potansiyel,91.34,75.0,91.34,93.09,37.5,91.01,90.24,92.11,75.44,93.97,99.12
muratpasa_muratpasa,MURATPAŞA,Muratpaşa,90.388164018798,44.08,89.8,-0.59,Dusuk Potansiyel,1.43,69.74,95.61,95.29,48.68,90.9,90.35,98.03,72.81,97.48,98.25
muratpasa_sedir,SEDİR,Muratpaşa,77.22096546653364,44.41,76.66,-0.56,Dusuk Potansiyel,57.24,2.74,93.31,94.41,46.49,90.46,66.23,95.07,68.86,90.57,94.52
muratpasa_selcuk,SELÇUK,Muratpaşa,38.41928807941712,62.61,40.94,2.52,Orta Potansiyel,1.43,97.04,99.56,99.23,1.1,99.56,71.82,99.78,55.37,80.15,90.68
muratpasa_soguksu,SOĞUKSU,Muratpaşa,88.45245319676923,67.87,92.03,3.57,Orta Potansiyel,25.33,79.17,95.5,90.9,56.36,87.17,65.13,94.74,65.35,92.98,95.07
muratpasa_sinan,SİNAN,Muratpaşa,69.97192328898134,89.47,77.87,7.89,Yuksek Potansiyel,62.39,98.14,99.01,97.26,47.04,98.68,80.48,98.79,67.0,98.79,99.23
muratpasa_tahilpazari,TAHILPAZARI,Muratpaşa,57.131070640038864,72.48,61.63,4.5,Yuksek Potansiyel,30.26,91.89,99.78,99.34,14.25,99.34,56.8,98.68,74.12,97.81,99.34
muratpasa_tarim,TARIM,Muratpaşa,52.81370722946478,73.14,57.44,4.63,Yuksek Potansiyel,88.16,65.24,88.16,86.4,9.21,79.39,96.93,86.84,73.25,67.0,84.98
muratpasa_topcular,TOPÇULAR,Muratpaşa,43.03649282553798,40.35,42.07,-0.96,Dusuk Potansiyel,90.46,6.14,83.22,82.13,13.82,74.23,95.07,90.68,88.27,70.72,83.88
muratpasa_tuzcular,TUZCULAR,Muratpaşa,38.02159216330434,93.09,46.64,8.62,Yuksek Potansiyel,87.17,98.57,100.0,99.89,2.19,100.0,80.26,100.0,78.18,94.19,95.29
muratpasa_varlik,VARLIK,Muratpaşa,89.78446279533857,90.79,95.0,5.22,Yuksek Potansiyel,85.42,77.96,98.36,96.71,39.69,94.85,74.89,95.29,60.31,97.7,98.14
muratpasa_yenigol,YENİGÖL,Muratpaşa,42.01193432664598,70.94,46.2,4.19,Yuksek Potansiyel,98.46,75.77,76.97,76.97,2.3,65.24,91.56,86.73,93.86,74.01,78.29
muratpasa_yenigun,YENİGÜN,Muratpaşa,94.58725113080922,64.14,95.0,0.41,Orta Potansiyel,99.78,2.41,91.89,95.5,53.4,95.72,83.77,93.09,64.69,95.61,98.46
muratpasa_yesilbahce,YEŞİLBAHÇE,Muratpaşa,94.69253839734988,94.96,95.0,0.31,Yuksek Potansiyel,76.86,98.79,96.6,96.16,31.14,96.71,78.29,92.98,54.5,88.93,96.71
muratpasa_yesildere,YEŞİLDERE,Muratpaşa,60.93950055172039,94.74,69.89,8.95,Yuksek Potansiyel,99.67,94.3,86.84,91.78,47.26,89.47,94.3,89.04,84.32,88.71,90.35
muratpasa_yesilova,YEŞİLOVA,Muratpaşa,45.658526489988006,70.83,49.83,4.17,Yuksek Potansiyel,91.89,70.94,80.7,79.28,7.13,73.03,95.5,81.14,76.1,84.32,82.46
muratpasa_yildiz,YILDIZ,Muratpaşa,87.66637737020505,65.02,90.67,3.0,Orta Potansiyel,1.43,87.61,99.23,95.72,53.18,94.08,57.46,99.01,59.65,99.01,97.92
muratpasa_yuksekalan,YÜKSEKALAN,Muratpaşa,81.3324721256882,95.61,90.46,9.12,Yuksek Potansiyel,85.53,85.53,95.07,94.52,42.98,91.45,54.39,93.97,63.71,89.36,96.93
muratpasa_zerdalilik,ZERDALİLİK,Muratpaşa,83.99506093905416,76.97,89.39,5.39,Yuksek Potansiyel,49.45,93.09,97.7,93.86,45.61,93.42,97.04,98.36,66.01,98.36,98.03
muratpasa_zumrutova,ZÜMRÜTOVA,Muratpaşa,44.118342991096576,83.0,50.72,6.6,Yuksek Potansiyel,91.78,88.82,82.13,81.36,16.12,68.53,97.59,80.92,62.06,73.25,82.35
muratpasa_caybasi,ÇAYBAŞI,Muratpaşa,88.2129327892339,92.98,95.0,6.79,Yuksek Potansiyel,71.71,90.79,97.92,95.83,41.56,92.76,50.22,96.93,74.89,95.39,97.81
muratpasa_caglayan,ÇAĞLAYAN,Muratpaşa,94.9999999996044,89.58,95.0,0.0,Yuksek Potansiyel,90.9,81.14,94.41,91.67,39.47,88.93,82.68,95.94,66.56,91.45,93.53
muratpasa_ucgen,ÜÇGEN,Muratpaşa,90.20269957625712,21.6,87.36,-2.84,Risk Altinda,1.43,16.56,98.46,97.15,50.77,96.16,92.76,98.25,60.2,95.5,98.79
muratpasa_sirinyali,ŞİRİNYALI,Muratpaşa,94.79640050384371,96.71,95.0,0.2,Yuksek Potansiyel,92.43,93.86,95.72,90.24,29.82,89.8,73.9,95.39,52.3,88.27,93.97
serik_abdurrahmanlar,ABDURRAHMANLAR,Serik,45.33684210480513,59.65,47.27,1.93,Orta Potansiyel,83.44,69.19,64.47,53.4,18.53,53.18,89.25,66.01,73.57,74.56,63.93
serik_akbas,AKBAŞ,Serik,21.067828020676945,33.55,19.42,-1.64,Dusuk Potansiyel,15.24,45.61,28.4,26.86,93.64,26.43,39.91,17.65,44.3,29.06,8.11
serik_akcaalan,AKÇAALAN,Serik,43.6862861377072,51.1,43.91,0.22,Orta Potansiyel,92.32,1.97,81.14,79.82,59.65,86.84,80.59,87.06,93.53,85.64,82.89
serik_akcapinar,AKÇAPINAR,Serik,16.542438843529006,36.62,15.2,-1.34,Dusuk Potansiyel,48.36,37.72,33.0,40.46,50.0,46.93,50.11,17.65,68.31,38.93,39.36
serik_alacami,ALACAMİ,Serik,27.475908079950493,47.37,27.21,-0.26,Orta Potansiyel,56.8,39.47,39.58,47.26,68.2,51.21,52.41,46.05,70.83,43.42,42.65
serik_asagikocayatak,AŞAĞIKOCAYATAK,Serik,31.719199406838374,25.88,29.31,-2.41,Dusuk Potansiyel,88.27,8.77,58.55,54.93,18.42,59.1,94.08,65.57,85.75,86.84,71.82
serik_asagioba,AŞAĞIOBA,Serik,20.148332097774805,29.71,18.12,-2.03,Dusuk Potansiyel,65.35,59.21,44.96,24.78,14.8,31.25,84.98,48.68,76.64,63.93,51.64
serik_asagicatma,AŞAĞIÇATMA,Serik,4.747924388427055,34.87,3.23,-1.51,Dusuk Potansiyel,70.72,61.73,3.78,49.01,21.27,67.65,97.48,17.65,70.94,82.24,59.65
serik_belek,BELEK,Serik,58.77452152992547,83.88,65.55,6.78,Yuksek Potansiyel,80.37,91.45,78.18,74.89,26.64,80.37,92.0,79.17,51.75,65.13,74.78
serik_belkis,BELKIS,Serik,33.78295033344028,48.57,33.64,-0.14,Orta Potansiyel,66.89,45.39,62.94,60.75,26.97,62.72,84.76,61.51,66.34,65.57,62.94
serik_belpinar,BELPINAR,Serik,25.65111193466692,59.21,27.49,1.84,Orta Potansiyel,72.59,65.57,55.59,59.87,27.63,66.78,77.52,57.02,78.4,70.5,65.68
serik_berendi,BERENDİ,Serik,10.134358784255454,43.2,9.45,-0.68,Dusuk Potansiyel,78.62,59.65,36.62,30.92,34.98,44.52,81.8,17.65,89.91,72.7,50.99
serik_bozdogan,BOZDOĞAN,Serik,4.279119189718081,21.71,1.45,-2.83,Risk Altinda,4.5,19.85,20.29,17.21,97.7,8.22,2.52,41.12,17.21,0.77,2.41
serik_bogazkent,BOĞAZKENT,Serik,38.359090908591554,60.2,40.4,2.04,Orta Potansiyel,67.32,69.08,70.72,62.94,26.54,71.82,98.57,68.86,62.83,83.99,65.46
serik_burmahanci,BURMAHANCI,Serik,26.22323943651681,31.47,24.37,-1.85,Dusuk Potansiyel,67.98,49.01,45.07,47.92,17.76,54.28,94.74,53.62,77.74,82.79,60.96
serik_bugus,BÜĞÜŞ,Serik,13.385507783498843,52.85,13.96,0.57,Orta Potansiyel,56.14,63.27,35.42,30.48,72.04,42.65,48.14,17.65,86.95,42.65,36.4
serik_bilginler,BİLGİNLER,Serik,14.037101556661629,26.97,11.73,-2.3,Dusuk Potansiyel,57.13,32.57,22.48,34.98,7.35,49.78,45.61,17.65,61.4,41.89,54.71
serik_cumali,CUMALI,Serik,38.94518161585068,58.77,40.7,1.75,Orta Potansiyel,83.66,50.44,68.64,75.11,22.59,72.15,88.71,71.16,79.61,84.87,77.08
serik_cumhuriyet,CUMHURİYET,Serik,42.49206819849519,86.95,49.88,7.39,Yuksek Potansiyel,83.33,87.94,83.99,82.35,51.43,85.96,74.67,86.51,82.79,88.38,86.62
serik_demirciler,DEMİRCİLER,Serik,6.183012298775452,12.94,2.48,-3.71,Risk Altinda,1.43,23.46,24.01,17.43,33.5,3.51,10.86,17.65,9.1,2.08,0.71
serik_deniztepesi,DENİZTEPESİ,Serik,29.53228317260223,44.19,28.95,-0.58,Dusuk Potansiyel,67.54,48.14,35.86,38.93,20.5,53.4,45.29,48.36,69.19,44.08,52.41
serik_dorumlar,DORUMLAR,Serik,14.218161601137917,38.71,13.09,-1.13,Dusuk Potansiyel,53.07,66.89,41.67,33.22,41.67,49.23,75.88,49.23,82.89,65.9,45.18
serik_dikmen,DİKMEN,Serik,29.77123795392056,27.41,27.51,-2.26,Dusuk Potansiyel,79.06,3.95,60.53,69.08,20.94,64.47,93.2,59.1,87.94,80.7,61.73
serik_eminceler,EMİNCELER,Serik,22.943143068852397,45.07,22.45,-0.49,Orta Potansiyel,59.65,64.69,53.84,61.73,21.93,54.06,98.25,64.14,64.47,89.14,49.45
serik_eskiyuruk,ESKİYÜRÜK,Serik,19.040400296446222,30.04,17.04,-2.0,Dusuk Potansiyel,68.2,49.12,43.75,35.31,31.58,46.49,85.2,53.18,97.04,70.61,57.24
serik_gebiz,GEBİZ,Serik,34.61560415107936,50.88,34.79,0.18,Orta Potansiyel,49.89,61.51,57.02,32.13,73.36,53.73,57.79,52.85,90.46,51.43,43.42
serik_gedik,GEDİK,Serik,18.80144551512789,47.92,18.59,-0.21,Orta Potansiyel,42.11,83.33,3.78,51.32,99.56,33.88,83.55,17.65,88.38,66.23,28.29
serik_gokcepinar,GÖKÇEPINAR,Serik,11.336136733563327,47.48,11.08,-0.25,Orta Potansiyel,34.98,50.33,25.77,30.26,60.42,33.22,11.84,45.29,31.69,19.85,22.81
serik_haciosmanlar,HACIOSMANLAR,Serik,7.252705707914805,35.2,5.77,-1.48,Dusuk Potansiyel,42.0,35.31,12.5,36.18,78.84,54.93,34.21,17.65,85.53,23.9,27.08
serik_hasdumen,HASDÜMEN,Serik,11.759224091131632,22.26,8.99,-2.77,Risk Altinda,2.96,18.09,21.93,17.0,100.0,14.69,12.06,17.65,3.29,28.84,1.64
serik_haskiziloren,HASKIZILÖREN,Serik,16.635851871914145,31.25,14.76,-1.88,Dusuk Potansiyel,13.49,11.29,32.35,27.85,90.02,31.03,6.8,17.65,10.42,23.14,10.31
serik_haspinar,HASPINAR,Serik,1.831060044474479,29.61,0.0,-1.83,Dusuk Potansiyel,7.02,34.43,17.87,21.49,95.29,23.57,17.43,17.65,33.55,6.14,5.04
serik_kadriye,KADRİYE,Serik,60.507775118374994,86.73,67.85,7.35,Yuksek Potansiyel,88.82,91.01,76.1,72.26,36.29,75.0,92.87,77.19,55.59,64.91,73.25
serik_karadayi,KARADAYI,Serik,33.36293550764567,39.8,32.34,-1.02,Dusuk Potansiyel,65.57,56.36,51.1,46.6,17.11,58.66,89.69,49.78,76.43,71.16,63.16
serik_karincali,KARINCALI,Serik,15.202928094832256,34.1,13.61,-1.59,Dusuk Potansiyel,71.16,60.53,43.64,38.27,20.39,47.92,99.12,52.41,75.0,88.6,53.95
serik_kayaburnu,KAYABURNU,Serik,29.025426241544555,58.55,30.74,1.71,Orta Potansiyel,90.24,58.22,58.33,61.51,4.06,62.83,74.34,52.96,88.82,70.18,71.49
serik_kirbas,KIRBAŞ,Serik,8.874314306871604,10.42,4.92,-3.96,Risk Altinda,45.07,29.82,13.71,22.81,29.28,40.79,63.71,17.65,81.8,52.74,36.07
serik_kozan,KOZAN,Serik,12.487583395067569,15.79,9.07,-3.42,Risk Altinda,25.44,27.08,17.65,14.14,58.66,15.68,33.33,17.65,44.96,18.42,17.54
serik_kozagaci,KOZAĞACI,Serik,34.40559673818205,49.67,34.37,-0.03,Orta Potansiyel,90.79,50.77,63.93,58.55,8.77,58.22,96.49,66.45,80.37,83.11,73.03
serik_kuslar,KUŞLAR,Serik,8.374833209764086,32.24,6.6,-1.78,Dusuk Potansiyel,67.65,65.79,3.78,39.91,19.19,55.81,83.33,17.65,87.28,69.63,53.18
serik_kokez,KÖKEZ,Serik,44.21471460323574,86.4,51.5,7.28,Yuksek Potansiyel,77.41,86.95,81.47,79.17,68.31,86.29,78.4,81.47,84.1,81.8,81.69
serik_kurus,KÜRÜŞ,Serik,38.235693105845854,53.18,38.87,0.64,Orta Potansiyel,72.48,53.51,65.46,68.53,26.32,65.68,91.23,72.04,67.76,81.69,64.69
serik_merkez,MERKEZ,Serik,45.50315048166099,66.45,48.79,3.29,Orta Potansiyel,87.39,35.96,84.1,81.47,62.5,81.47,91.01,83.88,80.81,87.94,81.03
serik_nebiler,NEBİLER,Serik,13.117605633759492,32.68,11.39,-1.73,Dusuk Potansiyel,71.05,58.66,43.42,32.68,23.79,31.36,83.66,50.88,84.87,70.94,52.3
serik_orta,ORTA,Serik,46.43684210508382,88.49,54.13,7.7,Yuksek Potansiyel,92.98,85.2,85.86,77.19,54.5,82.13,76.75,83.22,90.35,81.58,81.14
serik_pinarcik,PINARCIK,Serik,21.755744996210908,35.64,20.32,-1.44,Dusuk Potansiyel,66.56,53.4,39.91,34.76,32.35,47.48,83.0,17.65,82.24,69.85,56.8
serik_sariabali,SARIABALI,Serik,26.520088954677178,44.52,25.97,-0.55,Dusuk Potansiyel,60.53,33.66,49.34,50.44,53.51,52.52,64.25,43.42,65.02,52.3,47.48
serik_tekke,TEKKE,Serik,23.50789473675212,49.12,23.42,-0.09,Orta Potansiyel,68.31,73.68,41.34,41.01,37.06,37.94,71.71,46.38,91.67,63.16,52.85
serik_tonguslu,TÖNGÜŞLÜ,Serik,24.521608598867477,42.11,23.73,-0.79,Dusuk Potansiyel,57.79,67.21,45.5,26.64,50.11,27.41,52.3,43.09,97.15,56.8,44.08
serik_yankoy,YANKÖY,Serik,25.288991845714342,28.62,23.15,-2.14,Dusuk Potansiyel,60.09,44.85,39.8,44.08,40.24,45.72,83.44,46.27,91.01,77.96,49.78
serik_yeni,YENİ,Serik,45.03261675297449,49.23,44.96,-0.08,Orta Potansiyel,78.84,3.51,88.71,84.76,52.19,88.6,77.3,88.16,81.69,90.02,87.39
serik_yesilyurt,YEŞİLYURT,Serik,24.195811712286087,53.62,24.92,0.72,Orta Potansiyel,76.32,65.68,48.68,51.75,27.3,64.69,82.46,63.05,84.54,65.46,57.35
serik_yukarikocayatak,YUKARIKOCAYATAK,Serik,36.72249814662298,56.36,37.99,1.27,Orta Potansiyel,85.2,68.86,61.29,58.22,10.96,60.86,87.61,68.97,93.09,76.64,70.29
serik_yukaricatma,YUKARIÇATMA,Serik,6.485322461067938,17.43,3.23,-3.26,Risk Altinda,88.6,3.84,3.78,29.06,44.74,46.38,62.06,17.65,90.68,55.7,57.79
serik_yumaklar,YUMAKLAR,Serik,23.292028395685108,32.02,21.49,-1.8,Dusuk Potansiyel,26.75,43.42,17.11,10.2,80.81,12.17,13.93,36.4,28.73,10.86,17.43
serik_zirlankaya,ZIRLANKAYA,Serik,19.96727205329852,46.93,19.66,-0.31,Orta Potansiyel,65.24,62.94,34.98,44.85,39.36,48.57,72.7,17.65,91.12,59.43,55.7
serik_cakallik,ÇAKALLIK,Serik,31.509191993941077,42.54,30.76,-0.75,Dusuk Potansiyel,84.65,53.18,49.56,58.77,11.51,59.32,96.71,64.36,88.49,79.82,69.74
serik_canakci,ÇANAKÇI,Serik,19.518309859082883,17.87,16.31,-3.21,Risk Altinda,70.5,57.24,21.49,26.1,32.68,33.33,97.15,69.52,93.31,87.83,53.84
serik_candir,ÇANDIR,Serik,36.2809117863575,52.74,36.83,0.55,Orta Potansiyel,78.95,71.6,62.72,50.88,11.84,55.59,97.26,58.55,78.07,86.07,63.71
serik_catallar,ÇATALLAR,Serik,9.084321719768912,33.77,7.46,-1.62,Dusuk Potansiyel,53.51,59.1,35.31,32.79,41.12,41.45,80.37,17.65,82.13,59.98,43.53
serik_urundu,ÜRÜNDÜ,Serik,27.265900667053184,50.33,27.33,0.07,Orta Potansiyel,72.15,66.23,38.71,48.25,10.64,60.2,78.51,17.65,78.51,65.68,63.38
serik_satirli,ŞATIRLI,Serik,28.60541141574994,48.03,28.41,-0.2,Orta Potansiyel,78.51,62.39,35.09,45.61,29.93,53.07,82.79,58.0,81.58,58.66,58.99
ibradi_aydinyayla,AYDINYAYLA,İbradı,4.561177428096951,19.63,1.52,-3.04,Risk Altinda,15.79,21.27,19.08,22.04,74.01,6.47,32.35,17.65,7.57,12.17,13.49
ibradi_asagi,AŞAĞI,İbradı,27.394827274317898,56.58,28.71,1.32,Orta Potansiyel,44.3,26.75,57.68,50.77,64.04,49.01,27.3,53.95,16.23,21.82,38.71
ibradi_duzlen,DÜZLEN,İbradı,0.0,3.62,0.0,0.0,Risk Altinda,1.43,21.6,3.78,26.75,33.5,12.5,24.89,17.65,41.89,20.39,0.71
akseki_kuyucak,KUYUCAK,Akseki,15.856483993456584,7.89,11.65,-4.21,Risk Altinda,31.91,12.94,16.67,7.68,14.36,8.99,27.96,17.65,2.41,28.51,22.92
ibradi_ormana,ORMANA,İbradı,27.30018990770566,32.51,25.55,-1.75,Dusuk Potansiyel,30.92,20.39,32.79,27.74,60.31,33.0,28.4,36.62,5.26,9.98,25.66
manavgat_sirtkoy,SIRTKÖY,Manavgat,8.417209260246727,31.69,6.59,-1.83,Dusuk Potansiyel,6.14,44.52,15.13,20.39,93.53,17.54,8.55,17.65,34.87,11.4,4.93
ibradi_yukari,YUKARI,İbradı,25.20889853494732,44.85,24.69,-0.52,Dusuk Potansiyel,25.22,22.59,38.49,43.42,78.62,25.66,20.83,17.65,7.79,8.0,22.37
ibradi_cukurviran,ÇUKURVİRAN,İbradı,4.349633749312799,11.51,0.5,-3.85,Risk Altinda,14.14,15.35,8.77,11.07,80.7,23.46,34.76,17.65,19.96,23.36,10.86
ibradi_uzumdere,ÜZÜMDERE,İbradı,9.59368782779724,30.59,7.65,-1.94,Dusuk Potansiyel,18.97,10.53,36.73,41.45,88.6,11.29,25.11,17.65,28.29,0.55,10.53
kemer_goynuk,GÖYNÜK,Kemer,53.15411147891096,85.75,60.3,7.15,Yuksek Potansiyel,69.52,77.63,75.77,72.81,49.89,78.62,60.53,75.66,42.65,49.78,70.72
kemer_arslanbucak,ARSLANBUCAK,Kemer,36.9605263157223,78.62,42.68,5.72,Yuksek Potansiyel,73.68,45.18,74.12,75.88,66.45,70.18,50.33,73.14,39.58,41.34,66.67
konyaalti_hisarcandir,HİSARÇANDIR,Konyaaltı,28.786557243568232,57.02,30.19,1.4,Orta Potansiyel,24.45,41.78,37.28,42.32,84.98,43.2,11.51,38.93,14.25,13.49,16.01
gundogmus_balkaya,BALKAYA,Gündoğmuş,11.688709531536915,26.75,9.36,-2.32,Dusuk Potansiyel,7.79,25.44,21.71,24.01,88.05,2.63,4.71,17.65,7.35,24.45,12.83
gundogmus_calti,ÇALTI,Gündoğmuş,9.35802134199557,23.03,6.66,-2.7,Risk Altinda,8.0,25.33,25.11,15.13,81.91,8.44,3.51,17.65,1.86,45.39,13.71
alanya_dere,DERE,Alanya,22.06545035264172,52.96,22.66,0.59,Orta Potansiyel,26.86,58.88,28.18,16.23,77.19,27.74,18.2,17.65,2.96,14.47,23.14
alanya_ugurlu,UĞURLU,Alanya,6.041983179586017,22.59,3.3,-2.74,Risk Altinda,8.99,39.69,8.22,13.49,81.03,2.3,2.96,17.65,0.99,59.76,12.39
kas_yaylakilincli,YAYLAKILINÇLI,Kaş,22.13596491223644,42.65,21.4,-0.73,Dusuk Potansiyel,50.77,62.83,40.13,23.03,39.04,36.62,53.95,43.53,47.7,51.1,37.5
kas_gombe,GÖMBE,Kaş,32.126672996863974,74.67,37.06,4.93,Yuksek Potansiyel,53.18,76.86,61.62,48.36,74.23,38.93,46.38,50.99,31.91,43.86,42.11
kas_cesme,ÇEŞME,Kaş,3.4088216675639544,12.83,0.0,-3.41,Risk Altinda,33.55,23.57,3.78,3.73,36.51,2.74,20.5,17.65,14.04,19.08,18.31
elmali_afsar,AFŞAR,Elmalı,15.644940314672432,12.06,11.85,-3.79,Risk Altinda,42.76,28.73,12.39,8.99,18.09,16.45,41.56,50.0,10.53,33.44,38.27
kas_ortabag,ORTABAĞ,Kaş,12.86518809908743,12.28,9.09,-3.77,Risk Altinda,26.1,11.95,7.89,11.95,64.14,2.41,22.59,17.65,14.91,14.36,15.9
ibradi_baslar,BAŞLAR,İbradı,14.32557876647465,3.51,9.68,-4.65,Risk Altinda,21.16,12.83,14.8,1.75,39.91,6.8,42.11,17.65,9.98,38.82,16.12
serik_etler,ETLER,Serik,21.14505335499473,6.91,16.84,-4.31,Risk Altinda,1.43,14.25,29.61,13.16,33.5,1.54,13.38,17.65,9.32,22.92,0.71
akseki_bogaz,BOĞAZ,Akseki,24.804372400023027,40.13,23.82,-0.99,Dusuk Potansiyel,35.53,29.71,36.4,46.93,15.57,25.88,12.28,41.67,1.54,6.58,37.06
konyaalti_liman,LİMAN,Konyaaltı,65.82643487840707,79.39,71.7,5.88,Yuksek Potansiyel,56.36,70.72,73.14,68.31,42.65,66.89,47.48,73.46,21.38,34.98,67.54
kemer_beldibi,BELDİBİ,Kemer,40.50889547796543,70.5,44.61,4.1,Yuksek Potansiyel,57.68,47.7,70.07,66.89,40.68,67.11,44.63,65.13,22.81,28.18,59.1
kepez_duraliler,DURALİLER,Kepez,44.76635526295992,64.36,47.64,2.87,Orta Potansiyel,79.82,18.86,71.71,71.93,71.6,69.19,73.03,75.88,49.56,34.87,63.6
gazipasa_sahinler,ŞAHİNLER,Gazipaşa,10.488108156968885,4.71,5.96,-4.53,Risk Altinda,21.82,14.8,16.12,13.71,30.92,23.14,42.32,35.86,14.47,57.02,14.69
dosemealti_yenikoy,YENİKÖY,Döşemealtı,66.60293421010395,82.68,73.14,6.54,Yuksek Potansiyel,88.49,84.65,77.85,78.95,57.68,81.8,95.72,80.48,99.23,77.52,75.33
dosemealti_komurculer,KÖMÜRCÜLER,Döşemealtı,52.03113157867844,75.66,57.16,5.13,Yuksek Potansiyel,95.94,89.47,75.99,73.68,15.68,76.32,95.29,87.28,99.01,83.33,80.04
dosemealti_ciplakli,ÇIPLAKLI,Döşemealtı,52.640249999724674,71.93,57.03,4.39,Yuksek Potansiyel,96.16,69.85,75.33,75.44,25.0,78.51,95.18,83.0,98.9,77.19,76.1
kepez_baskoy,BAŞKÖY,Kepez,23.746849518070448,33.88,22.14,-1.61,Dusuk Potansiyel,48.14,59.54,50.66,55.04,35.2,52.74,94.52,62.94,94.63,52.63,50.55
korkuteli_kucuklu,KÜÇÜKLÜ,Korkuteli,19.825691806796943,38.82,18.71,-1.12,Dusuk Potansiyel,38.38,20.5,37.5,50.22,64.69,69.41,41.45,17.65,58.66,42.76,37.17
kemer_yeni,YENİ,Kemer,46.67973923832656,80.04,52.69,6.01,Yuksek Potansiyel,58.55,66.34,75.88,72.04,42.87,73.9,47.81,72.15,37.83,29.93,65.24
kemer_merkez,MERKEZ,Kemer,54.289907560582726,81.36,60.56,6.27,Yuksek Potansiyel,64.36,83.99,82.35,72.92,19.3,77.41,61.29,83.55,41.56,50.33,76.64
