mah_id,mah_name,ilce_name,score_final,score_within_type,cluster_label,cluster_num,geo_type,geo_cap,composite_raw,pop,poi_density_per_km2,mean_elevation_m,centroid_lat,centroid_lon,demographics,built_activity,accessibility,morphology,environment,seasonality
akseki_aksahap,AKŞAHAP,Akseki,3.4793362271586714,5.051546391739557,F - En Dusuk,5,Daglık / Yukari Yerlesim,40,5.4824561403448655,83.0,0.0225625043982782,1040.0434372929403,37.09119871,31.70420097,-1.5395839071211697,-7.252646555580809,-1.2463088645130846,-2.1962645531171208,-4.598042533520909,0.4603939768203771
akseki_alacesme,ALAÇEŞME,Akseki,0.49360191716302204,0.7216494845342225,F - En Dusuk,5,Daglık / Yukari Yerlesim,40,0.7675438596482812,46.0,0.0,863.4617730512849,36.96751411,31.74890582,-1.8584203074848324,-5.95855087273181,-3.070725425546444,-2.2458691434910354,-2.575828630857937,0.2943521169594901
akseki_asagiasiklar,AŞAĞIAŞIKLAR,Akseki,0.7756601555418919,1.1340206185537784,F - En Dusuk,5,Daglık / Yukari Yerlesim,40,1.2061403508758706,57.0,0.0,941.5858221484016,36.94108581,31.73311008,-1.8333793807763576,-6.65401734924713,-2.3508536911326354,-3.060587558134113,-2.7525613263238355,0.5117561452496939
akseki_bademli,BADEMLİ,Akseki,15.52618014104268,21.958762886541344,F - En Dusuk,5,Daglık / Yukari Yerlesim,40,25.657894736813976,356.0,0.1364705666919191,1538.473820452813,37.32922948,31.72722662,-0.5099089995765829,-6.385984967831412,-2.482674372541765,-0.6787302927770832,-6.0014256017983945,0.3708153059311164
akseki_belenalan,BELENALAN,Akseki,1.7628639898679357,2.577319587622223,F - En Dusuk,5,Daglık / Yukari Yerlesim,40,2.7412280701724328,36.0,0.1477541371158392,1061.5193952549855,37.00437111,31.79036961,-1.8584203074848324,-6.171946125543295,-2.8577632720512645,-2.426993510671768,-2.678625213923909,0.2578198562808151
akseki_bucakalan,BUCAKALAN,Akseki,0.07051455959471745,0.10309278350488894,F - En Dusuk,5,Daglık / Yukari Yerlesim,40,0.10964912280689731,59.0,0.0,986.4453482966776,36.99150847,31.77754144,-1.8059375067753016,-6.224907441244094,-3.4594393946694377,-2.7331519446003143,-2.4637859497098824,0.3429141230657592
akseki_bucakkisla,BUCAKKIŞLA,Akseki,0.9166892747313267,1.340206185563556,F - En Dusuk,5,Daglık / Yukari Yerlesim,40,1.4254385964896652,43.0,0.2140918579314263,1227.6689818504678,37.07012444,31.74193799,-1.8584203074848324,-7.418442343698477,-3.2791771610287506,-2.120117389451692,-2.6702903423084345,-0.03038727545184
akseki_buyukalan,BÜYÜKALAN,Akseki,27.46534183391261,35.463917525681794,F - En Dusuk,5,Daglık / Yukari Yerlesim,40,52.30263157889002,728.0,0.8390465824843004,964.7992303351112,37.00133592,31.74082798,-0.0644355827574389,-4.291958124296524,-1.36339776608491,-0.2868442472044358,-2.129373419501435,-0.4124260374441163
akseki_ceceler,CECELER,Akseki,6.112497739180734,8.865979381420448,F - En Dusuk,5,Daglık / Yukari Yerlesim,40,9.649122807006965,110.0,0.0268749171748646,1572.0627741675205,37.19906756,31.85063831,-1.3270039768067463,-5.733490942791839,-2.183743742027681,-0.1972824198498567,-2.6640021349236758,0.6657370491160843
akseki_cemerler,CEMERLER,Akseki,2.9857343099956495,4.3298969072053355,F - En Dusuk,5,Daglık / Yukari Yerlesim,40,4.714912280696584,86.0,0.1172978149293843,722.7770346244167,36.94269807,31.76759684,-1.512423653050639,-6.196991841536211,-2.91124692392892,-1.0747366578653457,-2.0787808421873937,0.1439399265393179
akseki_cendeve,CENDEVE,Akseki,0.2115436787841523,0.30927835051466684,F - En Dusuk,5,Daglık / Yukari Yerlesim,40,0.32894736842069194,69.0,0.0,884.8917768831316,36.98142969,31.71736107,-1.6825664655975243,-7.872660551691711,-2.350140135900684,-2.644137505533602,-2.9138590382770877,0.2620784380061338
akseki_cevizli,CEVİZLİ,Akseki,27.606370953102044,35.67010309269157,F - En Dusuk,5,Daglık / Yukari Yerlesim,40,52.52192982450381,708.0,0.6751724754462453,1233.0165418727406,37.19792262,31.77047868,-0.0810835043077948,-3.665636721074945,-1.6837159561156927,-0.6151945593717884,5.122261681370556,0.2801854484901891
akseki_demirciler,DEMİRCİLER,Akseki,33.924760354430774,39.79381443288713,F - En Dusuk,5,Daglık / Yukari Yerlesim,40,72.80701754377982,1144.0,39.81394375313535,1041.620074755955,37.04221866,31.79056876,0.1980814169753164,4.861896339422635,3.607629809810219,0.6468378211066992,-1.4616477540164046,4.806365229509661
akseki_degirmenlik,DEĞİRMENLİK,Akseki,10.653260083175837,15.257731958723564,F - En Dusuk,5,Daglık / Yukari Yerlesim,40,17.214912280682878,269.0,0.0778231168338841,1632.9199179102372,37.27253027,31.80424483,-0.6949174387589961,-5.557269137993088,-2.7426247016947407,-1.8985779470393571,-8.125934130190085,0.739572161619751
akseki_dutluca,DUTLUCA,Akseki,1.1282329535154791,1.649484536078223,F - En Dusuk,5,Daglık / Yukari Yerlesim,40,1.754385964910357,81.0,0.0,1113.151332336426,37.0317101,31.80381314,-1.558301901914276,-4.937968655614017,-8.353982198345562,-1.3856277733346682,-2.118260268744518,0.5844930677464937
akseki_dikmen,DİKMEN,Akseki,2.2564659070309583,3.298969072156446,F - En Dusuk,5,Daglık / Yukari Yerlesim,40,3.508771929820714,55.0,0.0416435215444216,1205.3169597704275,36.96534814,31.80572129,-1.8584203074848324,-6.981735625308098,-1.93889505186185,-2.258303649862083,-2.627825137856493,0.6175490223161058
akseki_emirasiklar,EMİRAŞIKLAR,Akseki,2.7036760716167803,3.9175257731857798,F - En Dusuk,5,Daglık / Yukari Yerlesim,40,4.276315789468995,51.0,0.4365654566054482,951.8891193738008,37.04296992,31.71840774,-1.8584203074848324,-6.443831426579866,-4.027105801767894,-1.2325946480647314,-2.280386715296737,0.3202057985834969
akseki_erenyaka,ERENYAKA,Akseki,0.8461747151366092,1.2371134020586674,F - En Dusuk,5,Daglık / Yukari Yerlesim,40,1.3157894736827678,89.0,0.0,981.2272629666772,36.9173939,31.74258552,-1.486293371828035,-6.443538333315351,-2.603630467478194,-2.8830077004632355,-2.8824900121673727,0.2147432438893114
akseki_fakilar,FAKILAR,Akseki,23.459034183349893,31.546391752496014,F - En Dusuk,5,Daglık / Yukari Yerlesim,40,42.10526315784857,168.0,5.143900619840025,1162.3262318065538,37.04805356,31.786302,-1.019617548667084,0.0344673654493398,0.8368595357851725,-0.39989479737529,-2.6911476585306446,10.251096409732211
akseki_geris,GERİŞ,Akseki,6.535585096749038,9.484536082449782,F - En Dusuk,5,Daglık / Yukari Yerlesim,40,10.307017543848348,93.0,0.0986518922962046,1182.6242858120418,36.95254576,31.70465611,-1.4529326421963753,-6.888146729362193,0.086485756905593,-3.106600360972493,-3.1887157420108645,0.4674245853333426
akseki_gumusdamla,GÜMÜŞDAMLA,Akseki,6.982795261334861,10.103092783479115,F - En Dusuk,5,Daglık / Yukari Yerlesim,40,11.074561403496629,241.0,0.0,1597.8124105128743,37.19929409,31.61754571,-0.7691562387264473,-6.096407336607032,-3.025565993354639,-1.9282970246702396,-3.2165668867521724,0.7508551699522903
akseki_guneykaya,GÜNEYKAYA,Akseki,6.7471287755331915,9.79381443296445,F - En Dusuk,5,Daglık / Yukari Yerlesim,40,10.63596491226904,271.0,0.0,991.4385068718166,36.89946276,31.70869413,-0.6899483851267869,-6.953834883800487,-2.442993123524409,-3.173910523375722,-3.0465049006854747,0.4234877098039511
akseki_gunyaka,GÜNYAKA,Akseki,2.844705190806215,4.123711340195558,F - En Dusuk,5,Daglık / Yukari Yerlesim,40,4.49561403508279,113.0,0.0389444890705017,1208.1484367203072,37.14782402,31.74958594,-1.307036242956329,-7.046130702393132,-1.998183914515668,-2.735853779534222,-5.583150657586812,0.4018105969937989
akseki_guzelsu,GÜZELSU,Akseki,5.125293904854691,7.422680412352004,F - En Dusuk,5,Daglık / Yukari Yerlesim,40,8.114035087710402,100.0,0.0858576962774549,1557.0889688619466,36.91707307,31.87010126,-1.3982119694111033,-6.156848433175984,-1.896531162551568,-2.1349017180067107,-8.267567338320202,0.6022879180904165
akseki_guclukoy,GÜÇLÜKÖY,Akseki,23.672431723591885,31.752577319505797,F - En Dusuk,5,Daglık / Yukari Yerlesim,40,42.65350877188306,500.0,0.3234372125388602,660.3010499455278,36.82327652,31.75936121,-0.2936729156163219,-5.610377519169072,-0.4313627831712575,-0.8006879484273827,-3.973108767638651,0.2031418230677393
akseki_haci_ilyas,HACI İLYAS,Akseki,27.53585639350733,35.567010309186685,F - En Dusuk,5,Daglık / Yukari Yerlesim,40,52.412280701696915,392.0,3.48577029344165,1118.5003644975388,37.04441329,31.76539111,-0.4477018777522025,-1.59405034279974,0.8262032770045578,-0.5776751277309162,-2.797790713764362,0.5136223856448231
akseki_hocakoy,HOCAKÖY,Akseki,5.266323024044126,7.628865979361782,F - En Dusuk,5,Daglık / Yukari Yerlesim,40,8.333333333324196,218.0,0.0,919.7675852841272,36.90470444,31.65688913,-0.8377346571383434,-6.662878843883402,-2.537177402914181,-1.6410777076265544,-2.9912448272069345,0.4791582940828444
akseki_husamettinkoy,HÜSAMETTİNKÖY,Akseki,0.5641164767577396,0.8247422680391115,F - En Dusuk,5,Daglık / Yukari Yerlesim,40,0.8771929824551785,34.0,0.0,1121.577207357308,37.01372672,31.8265121,-1.8584203074848324,-7.12123889096757,-2.3045984782384097,-2.364513641285735,-2.2588647609117247,0.4720779360168017
akseki_karakisla,KARAKIŞLA,Akseki,2.4680095858151105,3.608247422671113,F - En Dusuk,5,Daglık / Yukari Yerlesim,40,3.8377192982414057,137.0,0.0,1754.0808350589357,37.18529577,31.8847731,-1.165850094641789,-6.72338901284693,-2.3383842297679185,-3.358927936061705,-2.822189600430536,0.8279386080037969
akseki_kepez,KEPEZ,Akseki,9.734716946986676,14.020618556664896,F - En Dusuk,5,Daglık / Yukari Yerlesim,40,15.57017543857942,245.0,0.0319831466727596,801.8018742388845,36.93425616,31.60765471,-0.7579773712853174,-6.973842252150807,-1.934522195742332,-2.032851049019444,5.067336007593762,0.3162471887900236
akseki_mahmutlu,MAHMUTLU,Akseki,11.05407849518446,15.773195876248007,F - En Dusuk,5,Daglık / Yukari Yerlesim,40,17.98245614033116,146.0,0.564810331446033,871.6838167702781,36.91749909,31.78959734,-1.1198743904174755,-6.456468456518275,-1.2401895088671284,-2.2522650872614585,-2.6409456045277957,0.2941992722686449
akseki_mentesbey,MENTEŞBEY,Akseki,0.634631036352457,0.9278350515440005,F - En Dusuk,5,Daglık / Yukari Yerlesim,40,0.9868421052620759,67.0,0.0,896.6145895353305,37.01744489,31.65821799,-1.7055909638989606,-7.517701239660663,-2.251458158395605,-3.048473615946473,-2.7960882757868126,0.5257593056078584
akseki_minareli,MİNARELİ,Akseki,0.1410291191894349,0.2061855670097779,F - En Dusuk,5,Daglık / Yukari Yerlesim,40,0.21929824561379463,31.0,0.0,861.3931407246772,37.00254388,31.68585128,-1.8584203074848324,-8.410368614598022,-2.319797465152153,-1.815535451812189,-3.1925874413948496,0.4539474767238418
akseki_sadiklar,SADIKLAR,Akseki,3.6203653463481067,5.257731958749336,F - En Dusuk,5,Daglık / Yukari Yerlesim,40,5.701754385958661,68.0,0.0620026995975404,1263.8791691168894,36.93585425,31.81999942,-1.693985213226743,-7.071620924613152,-1.8407830668485528,-1.3488854020453975,-2.814068689382354,0.4070689436866962
akseki_salihler,SALİHLER,Akseki,5.68941038161243,8.247422680391116,F - En Dusuk,5,Daglık / Yukari Yerlesim,40,8.99122807016558,130.0,0.1172960079711239,1184.7515134268126,37.23267657,31.70845692,-1.2039963814988068,-6.870327242471495,-1.9034037184181023,-1.716946010020978,-7.007603522386523,0.7000797452942666
akseki_sarihacilar,SARIHACILAR,Akseki,29.52324109236426,37.73195876278935,F - En Dusuk,5,Daglık / Yukari Yerlesim,40,57.0175438595866,666.0,1.5445917856291953,1069.3219629066475,37.02317096,31.77156451,-0.117825164592435,-3.4771951525236315,0.5971908745108816,-0.1764618736494698,-2.3867780898157944,0.1184530814308488
akseki_sarihaliller,SARIHALİLLER,Akseki,0.2820582383788698,0.4123711340195558,F - En Dusuk,5,Daglık / Yukari Yerlesim,40,0.43859649122758926,37.0,0.0,1002.167005776743,37.02018156,31.7137798,-1.8584203074848324,-6.627656934354818,-2.459088639748121,-3.196750562376274,-2.3662707272896464,0.0332286179979196
manavgat_sevinckoy,SEVİNÇKÖY,Manavgat,2.1154367878415234,3.0927835051466683,F - En Dusuk,5,Daglık / Yukari Yerlesim,40,3.289473684206919,78.0,0.0807803967949246,763.1931302944919,36.95841494,31.55215126,-1.5873603149858848,-7.595097601108584,-2.1603919264679963,-3.500792362635173,8.232367888078311,0.355907611931174
akseki_susuzsahap,SUSUZŞAHAP,Akseki,2.044922228246805,2.9896907216417787,F - En Dusuk,5,Daglık / Yukari Yerlesim,40,3.179824561400022,89.0,0.0,1659.848240297146,37.23365105,31.83615047,-1.486293371828035,-5.835584157132129,-2.444729951568821,-1.892347333174872,-3.2018769994374083,0.707717914535551
akseki_suleymaniye,SÜLEYMANİYE,Akseki,22.230602278848675,30.10309278342757,F - En Dusuk,5,Daglık / Yukari Yerlesim,40,39.473684210483036,362.0,0.1619192002141435,1548.474716212177,37.30430929,31.77212292,-0.4990653822452883,-5.394692139817082,0.7883462371187029,-0.1974352307803161,-2.500198044380673,0.6741866419203761
akseki_sinanhoca,SİNANHOCA,Akseki,10.888926568977507,15.56701030923823,F - En Dusuk,5,Daglık / Yukari Yerlesim,40,17.653508771910467,188.0,0.1480836202535744,659.1612858024307,36.97038625,31.63165358,-0.9404255746300848,-7.075343126665726,-1.3186520605041645,-1.1650343183258394,-1.7119702556022722,0.3053175440364419
akseki_taslica,TAŞLICA,Akseki,20.720112135968588,28.247422680339568,F - En Dusuk,5,Daglık / Yukari Yerlesim,40,36.40350877188991,491.0,0.6986766784239977,710.3551945886712,36.88197051,31.77783181,-0.3050174550763723,-5.1288938381514,-2.5347028247185874,-0.8848389606857844,-1.7888616522823422,-0.0315443618460479
akseki_yarpuz,YARPUZ,Akseki,14.019397721078262,19.896907216443566,F - En Dusuk,5,Daglık / Yukari Yerlesim,40,23.026315789448436,216.0,0.0939750747090097,1758.0604420757918,37.12550119,31.89292912,-0.8440763288376127,-5.9764289473572125,-2.009926476500276,-0.240943317112519,-2.8332938852855625,0.860736487261108
akseki_caltilicukur,ÇALTILIÇUKUR,Akseki,1.4102911918943488,2.061855670097779,F - En Dusuk,5,Daglık / Yukari Yerlesim,40,2.1929824561379463,112.0,0.0,890.6132616725918,36.86009144,31.86505722,-1.313626050131004,-6.709205270950875,-2.39564613284141,-2.036811052444366,-3.0951314061325954,0.2872574168501919
akseki_canakpinar,ÇANAKPINAR,Akseki,1.0577183939207617,1.5463917525733342,F - En Dusuk,5,Daglık / Yukari Yerlesim,40,1.6447368421034596,37.0,0.0,1515.049642774202,36.97636646,31.85772091,-1.8584203074848324,-6.8074137495062015,-2.1738914297044216,-3.416135050483567,-2.775956309368022,0.7100122514971144
akseki_cinardibi,ÇINARDİBİ,Akseki,1.6923494302732185,2.4742268041173348,F - En Dusuk,5,Daglık / Yukari Yerlesim,40,2.6315789473655355,79.0,0.1286456322910314,1032.948119281783,37.18519782,31.71129465,-1.5775387164868313,-7.569382136693345,-2.569757266515597,-1.7358467300849456,-3.191232253648664,0.6639396678332674
akseki_cukurkoy,ÇUKURKÖY,Akseki,7.641549104704835,11.030927835023117,F - En Dusuk,5,Daglık / Yukari Yerlesim,40,12.171052631565601,142.0,0.1143936953973868,735.2804515278492,36.86503834,31.81968893,-1.1399071829335503,-6.93402105967793,-1.1424959805093562,-1.813495663220692,-3.0217598974503344,0.4487228192064739
akseki_cimikoy,ÇİMİKÖY,Akseki,2.7741906312114972,4.0206185566906685,F - En Dusuk,5,Daglık / Yukari Yerlesim,40,4.385964912275893,136.0,0.0,1995.9450412530057,37.00950691,31.94077091,-1.1711650834427414,-6.107473361093428,-3.2617936057139394,-0.9808318037402816,-2.283340354439615,1.0116382570320164
ibradi_urunlu,ÜRÜNLÜ,İbradı,18.0053128956048,24.948453608183122,F - En Dusuk,5,Daglık / Yukari Yerlesim,40,30.811403508738145,331.0,0.3041581460141596,923.6123615917963,37.02084672,31.59996718,-0.5573987148287844,-6.434630559321335,-0.756786396657846,-1.9347407774042784,-5.689130705030439,0.4726966598994191
aksu_alayli,ALAYLI,Aksu,28.84436619706827,31.098591549076772,E - Dusuk,4,Kirsal / Ovacik,48,56.249999999938325,1206.0,1.9157205561413404,65.18898816817592,37.06031956,30.88476363,0.2278199700709779,2.326360416642593,-4.066575890151476,-0.0832654293409145,-3.228959981051728,-0.1246380615738791
aksu_altintas,ALTINTAŞ,Aksu,60.51174999964158,53.039999999292796,B - Iyi,1,Sehir Siniri,78,85.41666666657301,10347.0,31.523218884464463,49.17389824572576,36.8941985,30.82635087,1.2916674623108657,8.677979476214666,2.335389026828953,2.7588151607068645,0.93163528408706,-10.798874003490074
aksu_ataturk,ATATÜRK,Aksu,45.93755263136822,29.119999999611732,B - Iyi,1,Sehir Siniri,78,76.53508771921432,3700.0,22.283945213328984,71.26115879539788,36.95564978,30.7784119,0.8169244452360513,5.598903214164305,0.8158957323161886,0.9938013040775728,0.8111248241497825,-2.8288126982918897
aksu_barbaros,BARBAROS,Aksu,51.861315788916635,58.799999998824006,D - Orta,3,Kucuk Kasaba,60,76.97368421044192,2194.0,10.394051018661802,20.51525608628784,36.95764871,30.86104584,0.5521541113362394,5.043955279994079,3.373785014598991,1.2513669831023702,1.0382190508148996,1.2646115358807908
aksu_boztepe,BOZTEPE,Aksu,39.89236842067203,39.599999999208,D - Orta,3,Kucuk Kasaba,60,66.88596491220736,1413.0,0.5653132621771817,6.892089419920515,36.92012478,30.90902728,0.3159542214366269,2.772012164531289,0.6328962591911103,0.8198678636778018,3.2230120541720613,-2.453493624431045
aksu_cumhuriyet,CUMHURİYET,Aksu,28.613684210331613,19.199999999616,D - Orta,3,Kucuk Kasaba,60,60.52631578940731,617.0,6.364081849365819,63.19084684712361,36.95745237,30.81590907,-0.1641165411459391,4.954044163721057,-2.0118951489053165,-0.2773861535018335,-0.0014514360061258,1.4913634256137729
aksu_cihadiye,CİHADİYE,Aksu,44.11019736822952,25.999999999653333,B - Iyi,1,Sehir Siniri,78,75.54824561395225,3043.0,17.89865941752881,57.27487295261634,36.94265586,30.80120663,0.7198281253152718,6.690067799710668,0.4950700572267159,1.0054385607115026,0.5429614579545881,-2.0663364299442954
aksu_dumanlar,DUMANLAR,Aksu,29.95229799839685,32.788732394135295,E - Dusuk,4,Kirsal / Ovacik,48,57.56578947362109,801.0,0.5967994540478594,12.988381056991264,36.99182959,30.90213158,-0.0077454532043663,3.0115675373238124,-1.677441386911011,-1.1359361629687408,8.075291317699662,-0.7816787414156728
aksu_fatih,FATİH,Aksu,33.83828947340212,28.799999999424003,D - Orta,3,Kucuk Kasaba,60,63.26754385957975,1193.0,6.993474576502472,82.14192716397724,36.97805176,30.82597242,0.2217285230429911,5.34273957960499,-3.4620494297352,0.8890100777438362,-0.046908958321044,1.3258457293756174
aksu_gokdere,GÖKDERE,Aksu,32.34922164553031,36.50704225326403,E - Dusuk,4,Kirsal / Ovacik,48,60.30701754379353,1666.0,1.2242864456875542,23.24668428790556,37.02848046,30.90162661,0.4058367806602217,3.618516176329568,-5.086093274225883,-0.2502796383571437,8.699119749224597,-0.3248907698620795
aksu_guloluk,GÜLOLUK,Aksu,23.239992587012765,23.661971830819283,E - Dusuk,4,Kirsal / Ovacik,48,47.69736842100033,775.0,0.3693749927114398,54.68127907014684,37.08981202,30.8700567,-0.0272481706250242,-0.5646895241270146,-4.0579974376948895,0.4960768955965807,7.355825089701072,-0.2483684245637074
aksu_hacialiler,HACIALİLER,Aksu,50.56421052578058,56.399999998872005,D - Orta,3,Kucuk Kasaba,60,76.31578947360053,4084.0,12.28439044706597,55.103297475620266,36.93259009,30.84072602,0.8651066661736929,7.050352663833813,-0.0130432811818805,1.0249805876777671,0.2194769627919823,-2.918602765516234
aksu_karacalli,KARAÇALLI,Aksu,31.58657894727652,10.399999999861334,B - Iyi,1,Sehir Siniri,78,62.71929824554526,1338.0,6.746105120876405,15.11214743307256,36.89444165,30.87171491,0.2857984441434965,5.448303075995121,-3.034605815458451,0.256305110405136,1.113871371973746,-3.409450099514518
aksu_karaoz,KARAÖZ,Aksu,31.328131949464787,34.81690140820552,E - Dusuk,4,Kirsal / Ovacik,48,59.32017543853145,1917.0,0.8199071712032859,139.31485698407724,37.17702191,30.77741436,0.4810276699768766,-1.6117643565813502,-3.53498358376314,0.6403691676823021,4.083016103284984,-0.25302334297865
aksu_kayadibi,KAYADİBİ,Aksu,9.953298739779168,6.422535211222377,E - Dusuk,4,Kirsal / Ovacik,48,26.754385964882943,207.0,0.3044023736688294,150.8657827071396,37.21567836,30.81904401,-0.8734479439164592,-4.004504124920136,-2.0027803696075277,-1.415245626354022,5.182057969404733,0.0021025282114234
aksu_kemeragzi,KEMERAĞZI,Aksu,53.15528947340258,40.5599999994592,B - Iyi,1,Sehir Siniri,78,81.3596491227178,7324.0,24.64645193911631,6.516466261715922,36.87159871,30.87374383,1.1386716121636402,9.682028194244763,-0.8648610702528268,2.879995287323569,10.12229688207183,-14.974043756293694
aksu_konak,KONAK,Aksu,30.836342105177813,9.3599999998752,B - Iyi,1,Sehir Siniri,78,62.06140350870388,489.0,26.538264617567425,47.388253409991705,36.9527343,30.83189734,-0.3075700566909891,5.53657949280679,0.2470503001801023,0.3515001941571767,0.3236421182963063,-3.096984957210951
aksu_kumkoy,KUMKÖY,Aksu,35.58373205698528,19.636363635471074,D - Orta,3,Turistik Sahil Kasabasi,72,67.54385964904874,1458.0,1.8164832070825307,4.347674549351763,36.87552923,30.94934014,0.3331994404718764,3.4664951073209567,-1.9350880739019976,2.2707495864354392,9.577973289135969,-0.8220391482739378
aksu_kundu,KUNDU,Aksu,46.07368420975719,35.999999998363634,D - Orta,3,Turistik Sahil Kasabasi,72,75.43859649114535,3245.0,4.530468082694317,3.5890959280829224,36.88141748,30.90722444,0.7520033764439342,6.691549348382319,0.4404057066506095,1.330084221076341,10.147337822514498,-2.2540315530090544
aksu_kursunlu,KURŞUNLU,Aksu,38.445700518743166,43.94366197152153,E - Dusuk,4,Kirsal / Ovacik,48,70.72368421044877,2380.0,1.763409956434957,121.2526014332362,37.06533106,30.83818949,0.594483665785865,3.064930511215038,-0.2409558738479701,0.4229786921922411,-0.0155369198010036,-1.8665720197539
aksu_macun,MACUN,Aksu,50.530657894480996,36.39999999951466,B - Iyi,1,Sehir Siniri,78,79.60526315780744,5117.0,34.49689206390228,61.869633101068985,36.95968615,30.83772802,0.9730090057476404,7.7321396027925,1.5421069069539644,1.5353593528003824,0.306594769421657,-4.094405938519731
aksu_mandirlar,MANDIRLAR,Aksu,35.38959210514991,13.519999999819733,B - Iyi,1,Sehir Siniri,78,68.31140350869703,1466.0,4.736183438513752,29.944538582828,36.90867658,30.85094505,0.3362028023686371,4.252236299268008,-0.5718618293119154,0.2782072653372706,0.2504291917728539,-6.166121242763824
aksu_murtuna,MURTUNA,Aksu,34.941401037660754,39.88732394338108,E - Dusuk,4,Kirsal / Ovacik,48,64.36403508764873,2186.0,1.8004310952214395,57.73299619909483,37.02753447,30.87079776,0.5502441571440436,3.178172122096077,-4.013458328401796,1.0286206153031547,0.0614638492549212,0.0849339234057483
aksu_pinarli,PINARLI,Aksu,57.045197368100794,46.79999999937599,B - Iyi,1,Sehir Siniri,78,83.88157894727645,6925.0,110.04179970126889,61.07897963462662,36.94819602,30.81015888,1.1132617113202166,7.559599357985085,7.581760063856496,1.0820788031009194,0.4045484792651779,-6.755300639889585
aksu_solak,SOLAK,Aksu,38.19723684174694,37.199999999256,D - Orta,3,Kucuk Kasaba,60,65.02192982449012,671.0,2.3459509952163926,9.995796054090349,36.95819721,30.90182329,-0.1133171090676983,0.9083591532947086,1.7338552197845534,2.2261991565653774,4.175497857107146,-0.259449110749124
aksu_sogucaksu,SOĞUCAKSU,Aksu,42.18636842087466,23.919999999681064,B - Iyi,1,Sehir Siniri,78,73.2456140350074,985.0,41.69561161133436,55.35932478412087,36.94444994,30.82211949,0.112732902425987,6.431445420573775,5.305184304231088,0.6156976638453208,0.5157366181108388,2.3454683703277457
aksu_topalli,TOPALLI,Aksu,39.27097850243207,44.619718309544936,E - Dusuk,4,Kirsal / Ovacik,48,72.69736842097292,2045.0,2.733146507585393,126.40657910364092,37.03911075,30.80187235,0.5152350264406342,2.9790445415142988,4.733417808158378,0.4837425808437532,0.6913806919823108,-1.493828261275048
aksu_yenidumanlar,YENİDUMANLAR,Aksu,17.13613787984975,15.88732394355009,E - Dusuk,4,Kirsal / Ovacik,48,37.82894736837957,245.0,1.2238306756830353,11.447195860504715,36.97830391,30.90458446,-0.7579773712853174,0.0410338721153847,-1.1415859436801372,-1.9483544382684608,2.22720084578081,-2.0705413584587293
aksu_yesilkaraman,YEŞİLKARAMAN,Aksu,26.013232023619494,27.380281689948028,E - Dusuk,4,Kirsal / Ovacik,48,51.86403508766243,754.0,0.7072152520870125,178.71227004804553,37.11089463,30.80074748,-0.0435428082015367,-2.580612757465912,-2.3124174454378563,1.0331957583869062,1.959358216384329,-1.3256883344493524
aksu_yurtpinar,YURTPINAR,Aksu,42.73986842062808,44.399999999112005,D - Orta,3,Kucuk Kasaba,60,68.96929824553841,2725.0,1.8056557363665788,53.43307834437473,36.9970944,30.84954349,0.6639882035862004,3.5517747830206337,-2.029489248816546,1.575431570232796,-0.0498541722563965,-2.5051031276218816
aksu_calkaya,ÇALKAYA,Aksu,49.58999999947606,55.199999998896004,D - Orta,3,Kucuk Kasaba,60,74.99999999991776,2202.0,11.861331202022482,14.609712096853707,36.92447843,30.87030464,0.5540562794889388,6.959718321582939,2.074145368187101,1.3454044631429365,0.8867750074637191,-4.809990399582038
aksu_camkoy,ÇAMKÖY,Aksu,46.02157894689944,49.199999999016,D - Orta,3,Kucuk Kasaba,60,72.36842105255222,4079.0,11.86004446708036,72.80100578855827,36.96658755,30.79422788,0.8645124128127821,6.4689888693465285,-2.029485029098941,0.3827230157165753,0.1358861747407348,-2.073449793773013
aksu_ihsaniye,İHSANİYE,Aksu,20.358339510672117,20.281690140702242,E - Dusuk,4,Kirsal / Ovacik,48,42.54385964907616,425.0,1.056427489722281,11.119217793531869,36.98561417,30.87843914,-0.3960489670829996,1.6994702077511727,-2.301898959157147,-1.3521912326729573,1.2669283126908826,-1.2728117527334577
alanya_akdam,AKDAM,Alanya,20.42197368410647,9.599999999808,D - Orta,3,Kucuk Kasaba,60,48.793859649069304,1408.0,0.2029170749950057,248.202380227399,36.65860369,31.82139047,0.3140001958064422,-2.894375039723816,-3.293910137665196,-0.2770374366088173,-3.9169955103102816,-0.1010370745323026
alanya_akcati,AKÇATI,Alanya,23.008116295848403,31.13402061847646,F - En Dusuk,5,Daglık / Yukari Yerlesim,40,40.8991228069727,541.0,0.8723907146529798,1098.1544178365575,36.60962009,32.16657256,-0.244732455190766,-4.8919570012483655,-2.4160024779328566,-0.3325984429715715,3.925538034952828,0.2768135749253842
alanya_alacami,ALACAMİ,Alanya,11.900253210321068,17.010309278306675,F - En Dusuk,5,Daglık / Yukari Yerlesim,40,19.29824561401393,267.0,0.0591922685189782,1350.960201327588,36.61123618,32.32795957,-0.6999279184464697,-6.264783899925751,-2.2118825516933844,-0.9722368416663884,-3.532573065313168,0.3647108785194223
alanya_alara,ALARA,Alanya,44.7931216259305,38.141025640536654,C - Ortanin Ustu,2,Sahil / Turistik,85,59.10087719291766,614.0,1.7517849228543116,62.28456271024046,36.67754146,31.72220025,-0.1670833047684216,-0.1485681719503093,0.4725934193681587,-0.4869996859292294,8.29074928842782,-0.493964076629215
alanya_aliefendi,ALİEFENDİ,Alanya,33.67988782034366,25.06410256378123,C - Ortanin Ustu,2,Sahil / Turistik,85,47.91666666661413,974.0,1.0350441362226763,172.03963553030005,36.44680652,32.19292405,0.1062658891697041,-1.2580510686650368,-4.129004976333716,-0.8712613781742619,-1.7936194491584665,-0.5684546794310263
alanya_asmaca,ASMACA,Alanya,21.286082474184163,28.969072164873793,F - En Dusuk,5,Daglık / Yukari Yerlesim,40,37.49999999995888,292.0,0.6351571003346124,675.3958753258006,36.59857675,32.04607982,-0.6401208747934068,-4.047758139066476,-1.3008008277469716,-0.1394816451804413,-2.916590215615788,-0.7532384193780123
alanya_avsallar,AVSALLAR,Alanya,62.32787081208757,62.18181817899173,D - Orta,3,Turistik Sahil Kasabasi,72,86.73245614025578,16946.0,11.940396336051275,196.9137076403849,36.6583148,31.77785318,1.4993368820509452,6.270387664309586,2.507449203556304,2.967704373452253,5.985792746773216,-3.798649372583818
alanya_bademagaci,BADEMAĞACI,Alanya,17.67315518173306,24.639175257668455,F - En Dusuk,5,Daglık / Yukari Yerlesim,40,29.934210526282968,495.0,0.3701803640364277,1001.0184199120212,36.62721459,32.09857792,-0.2999469625619996,-5.290368597060271,-4.994289375305454,-1.7611840658034543,-3.4628353537424794,0.5734015134593886
alanya_basirli,BASIRLI,Alanya,13.71571356273225,1.0897435897296186,C - Ortanin Ustu,2,Sahil / Turistik,85,28.289473684179505,394.0,0.0,47.31047330864417,36.54905476,32.06625286,-0.4444351402178204,1.6389567550866408,-2.3938180791764925,-1.8445646156993376,-1.0065819391266102,-4.134509535403591
alanya_baskoy,BAŞKÖY,Alanya,14.843303490655188,21.030927834997343,F - En Dusuk,5,Daglık / Yukari Yerlesim,40,24.451754385938102,200.0,0.2318815039138699,1059.9321134282022,36.46145809,32.36455382,-0.8972950244670655,-5.857549124088435,-1.7468722152387208,-0.8861518645844634,-3.138079629402948,0.2756843189624904
alanya_bektas,BEKTAŞ,Alanya,31.9373982636395,38.969072164848015,F - En Dusuk,5,Daglık / Yukari Yerlesim,40,65.46052631571769,1204.0,8.194782967026534,496.481368320352,36.57375569,32.01135859,0.2268876237421569,0.3105275799673589,-0.6756200370626052,0.1131152873301572,-2.929742533525161,-1.630737885935052
alanya_beldibi,BELDİBİ,Alanya,11.406651293158047,16.288659793772453,F - En Dusuk,5,Daglık / Yukari Yerlesim,40,18.530701754365648,285.0,0.1377538735011689,575.9573922290604,36.457184,32.32235526,-0.6562726830325133,-6.7510099970246085,-2.3318695588769938,-1.761317880951578,-8.152711345980858,0.5433945425946425
alanya_beyreli,BEYRELİ,Alanya,21.71063174756853,8.717948717836949,C - Ortanin Ustu,2,Sahil / Turistik,85,38.04824561399337,565.0,0.5521655657405562,232.5273627120623,36.43265329,32.22291638,-0.2179726257205227,-3.4525070670550457,-2.784434572903675,-1.341270987004077,-7.515200744039512,0.0097976514960201
alanya_bicakci,BIÇAKÇI,Alanya,12.038621200851928,9.126760563316008,E - Dusuk,4,Kirsal / Ovacik,48,30.043859649089868,326.0,0.5650336816577636,280.2387111686785,36.56258541,32.17164355,-0.5673775974671798,-4.051590159624413,-2.4651481930100725,-1.8798490931359988,4.99066865781333,0.0229216415509529
alanya_bucak,BUCAK,Alanya,11.970767769915785,17.113402061811563,F - En Dusuk,5,Daglık / Yukari Yerlesim,40,19.407894736820825,162.0,0.7044993378586848,469.43133137818216,36.5724782,32.26657507,-1.0454414018578613,-6.4174000819729065,-1.9282687792208897,-1.5036575243372925,-2.945620173390118,0.3377937164828614
alanya_buyukhasbahce,BÜYÜKHASBAHÇE,Alanya,68.97252445972237,74.10256410161406,C - Ortanin Ustu,2,Sahil / Turistik,85,76.20614035079363,3737.0,19.05281440152101,218.5914178681217,36.56098016,32.014955,0.8218057288909363,5.093852805717423,0.6834664533233601,0.9797232850299344,-2.0998595021631417,-0.8900271214948197
alanya_buyukpinar,BÜYÜKPINAR,Alanya,17.596132759741785,4.358974358918474,C - Ortanin Ustu,2,Sahil / Turistik,85,33.44298245610368,289.0,0.923187563555694,218.4746607175084,36.39560326,32.23601802,-0.6469895443857524,-2.6588512280210903,-2.0124929710186725,-1.419379557934033,-1.9800129291841708,-2.179959718950536
alanya_cumhuriyet,CUMHURİYET,Alanya,79.02872078838057,54.10596026454235,A - En Iyi,0,Sehir Merkezi,95,91.66666666656616,5916.0,325.6547192972625,6.684939126690053,36.5415137,32.02748864,1.0409036179067046,12.121297164712008,9.38206635893302,1.7364646404810793,8.367765005669897,11.201232504758098
alanya_cikcilli,CİKCİLLİ,Alanya,93.2322976696593,83.91025640918063,C - Ortanin Ustu,2,Sahil / Turistik,85,94.95614035077308,20829.0,119.09156950779456,74.24203832382491,36.55154897,32.03168365,1.5825836463644576,9.933160513243315,3.616022220456542,1.987503047160847,0.1050308596042398,7.467776680110314
alanya_demirtas,DEMİRTAŞ,Alanya,66.88623903464068,70.83333333242521,C - Ortanin Ustu,2,Sahil / Turistik,85,74.89035087711086,3634.0,4.65634137701571,111.69841158000143,36.41601274,32.19636434,0.8080799599855673,3.571367373384483,0.3732471451012171,1.6048683219357858,5.999384045772191,-1.0323829608874988
alanya_degirmendere,DEĞİRMENDERE,Alanya,55.01269399426561,52.307692307021696,C - Ortanin Ustu,2,Sahil / Turistik,85,67.32456140343496,1579.0,5.726299616734361,206.4219352846088,36.57626221,32.0666304,0.3767637260868006,0.0845577499825703,1.3028434649150102,-1.173066734265081,-2.3278595428153697,-3.022512160743596
alanya_dinek,DİNEK,Alanya,58.54109733431396,57.756410255669785,C - Ortanin Ustu,2,Sahil / Turistik,85,69.6271929823798,2445.0,29.083777899652656,60.14020571208852,36.56103278,31.95582494,0.6084087662898154,5.399573885952512,-2.5014983345703574,1.1574457194431762,6.758488364382983,-6.195751640118882
alanya_elikesik,ELİKESİK,Alanya,32.28732057380064,16.363636362892564,D - Orta,3,Turistik Sahil Kasabasi,72,62.93859649115906,2242.0,0.8727431830999682,266.56060655898585,36.58951553,31.93319005,0.5634524007437269,2.8205883193978485,-3.574941691426489,0.7938778153776472,4.135477753232925,-2.4126752865152628
alanya_emisbeleni,EMİŞBELENİ,Alanya,31.38881578923511,23.999999999520004,D - Orta,3,Kucuk Kasaba,60,62.39035087712457,1581.0,1.6648097871577685,217.61988573823777,36.6326604,31.88642695,0.3774520452625788,3.9614442098033447,-2.9213302833040693,-0.3797286220802505,-1.2747660823619251,0.3385485034751553
alanya_fakircali,FAKIRCALI,Alanya,8.020088954761672,4.056338028140448,E - Dusuk,4,Kirsal / Ovacik,48,23.464912280676025,328.0,0.3007974742637681,372.2787739807118,36.47421296,32.28759953,-0.5633656565714072,-6.2147169044648765,-2.6635737273231053,-1.7954574164793031,-7.553955701722652,-0.005737605861855
alanya_figla,FIĞLA,Alanya,65.37144729562768,42.78145695335906,A - En Iyi,0,Sehir Merkezi,95,88.26754385955235,5192.0,153.08800373243133,35.818477663230226,36.55052048,32.020662,0.9798715657027888,12.048643405219297,7.227612149740077,1.4024870106411575,0.1219126260451745,10.435527389088197
alanya_gozukucuklu,GÖZÜKÜÇÜKLÜ,Alanya,21.805661059822537,29.587628865903124,F - En Dusuk,5,Daglık / Yukari Yerlesim,40,38.59649122802786,466.0,0.3080203019261202,667.0164307989874,36.4957831,32.18611313,-0.337792661210318,-5.163813440011665,-1.5461303201227907,-0.8798891415179632,-3.1973911789715723,-0.3800616216644095
alanya_guller_pinari,GÜLLER PINARI,Alanya,93.17489242633818,84.93377483387462,A - En Iyi,0,Sehir Merkezi,95,98.13596491217311,16957.0,437.83038065542377,14.524428436393109,36.54595502,32.01177358,1.4996019777544958,13.464608853923664,9.052518108379587,2.1766084081671733,7.608917748490533,-7.598511172339375
alanya_gumuskavak,GÜMÜŞKAVAK,Alanya,21.900298426434773,29.690721649408015,F - En Dusuk,5,Daglık / Yukari Yerlesim,40,38.81578947364165,570.0,0.2681546508653261,674.2362383097628,36.54805397,32.24697627,-0.2125577478887739,-6.492439260962147,-1.750917114564385,-0.9534218927737924,3.1106120347363126,0.3189834562128433
alanya_hacet,HACET,Alanya,91.93260776193158,79.27152317828298,A - En Iyi,0,Sehir Merkezi,95,97.14912280691102,13133.0,365.1619549080797,27.89004942814879,36.55268363,32.00466921,1.393579627670965,12.096820793004342,8.37544650787018,1.4334153789133637,0.9525595625257308,14.3779006691881
alanya_hacikerimler,HACIKERİMLER,Alanya,20.861141255158024,28.45360824734935,F - En Dusuk,5,Daglık / Yukari Yerlesim,40,36.6228070175037,369.0,1.017297723572538,520.7654196738889,36.64511213,31.95736599,-0.486665586324866,-2.1616977379909272,-2.405645080757706,-1.080119959036807,-7.486267305318144,-0.0492201168811784
alanya_hacimehmetli,HACIMEHMETLİ,Alanya,26.734868420870193,17.99999999964,D - Orta,3,Kucuk Kasaba,60,56.46929824555211,2143.0,1.373710815328277,258.89680735463065,36.56748818,31.96687921,0.539842174985105,-1.034354757191236,-8.713572898167394,-0.0568811835804344,-2.553929164768983,-5.165832777224717
alanya_hocalar,HOCALAR,Alanya,17.585100074065387,16.563380281573497,E - Dusuk,4,Kirsal / Ovacik,48,38.37719298241406,472.0,0.4183626915865798,266.6670707178504,36.378451,32.25017544,-0.3297502325577872,-0.7178620069572508,-2.957881110704064,-0.5679305128830096,-2.1255254523947302,-0.5220220266621447
alanya_hisarici,HİSARİÇİ,Alanya,31.051956814971426,20.705128204862753,C - Ortanin Ustu,2,Sahil / Turistik,85,46.491228070124464,158.0,86.52246256239602,138.02581872281127,36.53182034,31.99218961,-1.063256436756978,0.8777550380421852,2.9856756731029077,0.0701949617938891,6.243793930099311,-32.732910865286655
alanya_kadipasa,KADIPAŞA,Alanya,91.78129208261124,78.64238410543946,A - En Iyi,0,Sehir Merkezi,95,97.03947368410412,12775.0,455.4370469264576,32.51960943856792,36.552061,31.99525306,1.3819161040329,11.857298188367828,8.237687789757848,1.6305125356997148,0.5067979037253144,16.147314502269445
alanya_karapinar,KARAPINAR,Alanya,16.424308193129995,22.989690721590232,F - En Dusuk,5,Daglık / Yukari Yerlesim,40,27.631578947338127,197.0,0.2296759708435742,1491.4692675706954,36.55964967,32.41728433,-0.9078017330799862,-6.338913377715419,0.2430842934223984,0.0230742095527737,1.6249073234035971,-0.0797325831950515
alanya_kargicak,KARGICAK,Alanya,53.48433014250212,49.09090908867769,D - Orta,3,Turistik Sahil Kasabasi,72,79.27631578938676,6389.0,5.058177684424425,181.48520030036968,36.46737287,32.15233706,1.0764174144781933,4.937407237394416,1.761394822548345,2.515016293464588,5.350146121221079,-0.5630191923856696
alanya_kayabasi,KAYABAŞI,Alanya,23.173268222055356,31.340206185486238,F - En Dusuk,5,Daglık / Yukari Yerlesim,40,41.22807017539339,629.0,0.7551632398617447,614.2649559614813,36.65316009,31.93138168,-0.1524088300122691,-1.4514887724723144,-3.4953792965904533,-1.1632733483875222,-2.8567487249010344,-0.1478432798562904
alanya_kestel,KESTEL,Alanya,64.45191387422088,65.45454545157025,D - Orta,3,Turistik Sahil Kasabasi,72,88.37719298235923,15145.0,28.25479039789203,37.95125061692104,36.52027815,32.08071318,1.4531199701889683,8.495124980146194,2.775867159288718,2.140219754772577,8.798529217008873,-1.9604264967306493
alanya_kesefli,KEŞEFLİ,Alanya,45.33476720622105,39.23076923026627,C - Ortanin Ustu,2,Sahil / Turistik,85,59.21052631572456,689.0,5.15761062975616,62.77284418603606,36.40084126,32.18404451,-0.0973939413653415,1.994634598854836,-1.845498933156713,0.0941488052540516,5.162229605533254,-3.601578792938754
alanya_kizilcasehir,KIZILCAŞEHİR,Alanya,30.631710526088256,22.799999999544003,D - Orta,3,Kucuk Kasaba,60,61.73245614028319,1328.0,1.7523896461409605,342.6954233584883,36.56154521,32.09330645,0.2816350309908958,-1.4840148763849808,-1.856169387033147,0.0550523570834541,-4.019540608697654,-0.2578878896403772
alanya_kizlar_pinari,KIZLAR PINARI,Alanya,92.36943474306494,81.15894039681352,A - En Iyi,0,Sehir Merkezi,95,97.47807017533171,11172.0,380.5515564819312,12.91414287891227,36.55368938,31.98036545,1.3247776705261352,12.248124565582437,8.422993719120457,2.42037000197332,8.293632748510616,4.155489450964341
alanya_kocaoglanli,KOCAOĞLANLI,Alanya,5.783209785013273,2.3661971830819284,E - Dusuk,4,Kirsal / Ovacik,48,17.872807017524263,272.0,0.0,312.26132059650166,36.46021995,32.21086304,-0.6874791914573133,-4.4507188493807535,-2.3601797516983787,-3.052783367892412,-7.639632860079501,1.2812769974907172
alanya_konakli,KONAKLI,Alanya,68.87368420901359,71.99999999672727,D - Orta,3,Turistik Sahil Kasabasi,72,92.10526315779374,18073.0,47.19143597906105,32.38342670012462,36.5858629,31.88659272,1.5255397306712917,13.204253701705357,2.6465390276454306,2.949574075277684,8.441861140957853,-21.651018540237477
alanya_kuzyaka,KUZYAKA,Alanya,16.09400434071609,22.577319587570678,F - En Dusuk,5,Daglık / Yukari Yerlesim,40,26.97368421049674,258.0,1.122901857878554,478.2688638922397,36.53879235,32.14703736,-0.7230057476488226,-4.095647805442406,-5.217741100059773,-0.5583827000259162,5.108771295875939,0.0614538338078413
alanya_kucukhasbahce,KÜÇÜKHASBAHÇE,Alanya,85.20196035687562,79.55128205026216,C - Ortanin Ustu,2,Sahil / Turistik,85,82.56578947359368,4473.0,76.84982541724443,96.39913199310878,36.55962428,32.00283397,0.908996902085522,9.237332357384762,4.08685450943495,1.0628011146290066,-1.3231988221738824,10.128279215072943
alanya_mahmutlar,MAHMUTLAR,Alanya,80.49074266753524,55.364238410229376,A - En Iyi,0,Sehir Merkezi,95,91.88596491217996,51222.0,31.985869735550224,409.6067906864432,36.50471996,32.12951381,1.6419212779358134,8.114057587400612,2.183051289151953,3.1024466823805628,4.126543421034786,0.7890273448605918
alanya_mahmutseydi,MAHMUTSEYDİ,Alanya,30.336001085128515,38.144329896808905,F - En Dusuk,5,Daglık / Yukari Yerlesim,40,59.868421052565935,1018.0,0.7568966053376475,763.3187214956056,36.63441919,32.01176315,0.13165918916756,-3.9376836295428905,-0.8865050384197138,0.7470229565925856,-3.0897736555383446,-0.2631064373596415
alanya_oba,OBA,Alanya,94.02467870105326,84.99999999891025,C - Ortanin Ustu,2,Sahil / Turistik,85,96.49122807006964,32496.0,91.6482202045216,40.392307418080094,36.54848915,32.0549021,1.6419212779358134,12.148984666693195,4.447814720529269,2.872071307515642,6.422142788203036,-0.0056401621115345
alanya_obaalacami,OBAALACAMİ,Alanya,21.970812986029486,29.793814432912903,F - En Dusuk,5,Daglık / Yukari Yerlesim,40,38.925438596448544,430.0,0.2554963893017994,1095.1258752830463,36.63537977,32.14355309,-0.3886153339785944,-5.527339842423699,-0.6617996146706904,-1.0035663551746057,-2.945967015285025,0.2802954499319313
alanya_okurcalar,OKURCALAR,Alanya,51.96818181721026,45.81818181609917,D - Orta,3,Turistik Sahil Kasabasi,72,79.16666666657987,5931.0,16.958841940443616,46.71729648576818,36.65838277,31.68737762,1.0420780641084209,6.232501485289667,1.0994501986405534,2.44008411228492,9.088667608313472,-25.730991442492385
alanya_payallar,PAYALLAR,Alanya,56.21626794147686,52.3636363612562,D - Orta,3,Turistik Sahil Kasabasi,72,82.45614035078678,11381.0,10.561457378079568,52.06669285946215,36.61046278,31.85196199,1.3327314571519877,9.544934370456128,0.0683924888541971,1.8769529731762784,7.197047032474219,-7.30686704465745
alanya_pasakoy,PAŞAKÖY,Alanya,12.442100741519125,17.731958762840897,F - En Dusuk,5,Daglık / Yukari Yerlesim,40,20.285087719276003,212.0,0.0924411260956122,518.544003703485,36.60868646,31.9851274,-0.8569585264898931,-4.810697932403311,-2.096788524129317,-0.5664155832622177,-3.0000566050523094,-1.2969944771678703
alanya_sapadere,SAPADERE,Alanya,24.260671007367137,32.577319587544906,F - En Dusuk,5,Daglık / Yukari Yerlesim,40,43.64035087714513,726.0,0.2763613852745345,1001.5738111828424,36.5082809,32.33182412,-0.0660772004255907,-6.069984402289715,-2.0133940352162814,-0.0337122777502882,-3.072071441825224,0.0526212070350183
alanya_saray,SARAY,Alanya,94.4804990483361,91.85430463515328,A - En Iyi,0,Sehir Merkezi,95,99.45175438585586,15730.0,561.7010401673922,13.350288428229316,36.54765019,31.98871067,1.4687789591457658,12.53281984383851,9.026649394150972,2.2860571718045883,7.92743188047137,3.5212540308175013
alanya_seki,SEKİ,Alanya,18.403947368349836,5.999999999880001,D - Orta,3,Kucuk Kasaba,60,47.587719298193434,586.0,5.115912627653647,94.92358031147462,36.43664435,32.15134797,-0.1955807836313519,1.367166787716291,-3.4139786930780907,-0.4875077331552504,6.287988198596245,-3.214519800100835
alanya_sogukpinar,SOĞUKPINAR,Alanya,28.424025809599197,16.34615384594428,C - Ortanin Ustu,2,Sahil / Turistik,85,45.0657894736348,376.0,0.9090566128641512,234.37781773179583,36.65379021,31.87377434,-0.4745259728506344,0.1663406014819105,-0.9551114967387704,-1.8025650351316247,-2.2586716316559388,0.1918427350457269
alanya_sugozu,SUGÖZÜ,Alanya,88.45228720148415,82.82051281945101,C - Ortanin Ustu,2,Sahil / Turistik,85,84.42982456131092,6852.0,32.449758712865574,173.04666122371148,36.56392644,31.9890677,1.1084353778047693,8.84904362707139,4.677621872143065,1.741589597307481,-1.596631933955589,0.5418639286805766
alanya_tasbasi,TAŞBAŞI,Alanya,8.699267498625598,12.577319587596453,F - En Dusuk,5,Daglık / Yukari Yerlesim,40,13.815789473669064,141.0,0.1840637054792231,1651.552913229987,36.62051191,32.28209969,-1.1450136007859868,-5.754010989146139,-1.8632104981794329,-2.907144908946357,-6.370173140555417,0.5316946226829277
alanya_tepe,TEPE,Alanya,27.771522879309003,35.87628865970135,F - En Dusuk,5,Daglık / Yukari Yerlesim,40,52.85087719292451,997.0,4.412114358735946,584.7521339331162,36.58311896,31.99580932,0.1196962398421484,-0.7508212018520152,-5.168457884581441,0.5691005909602685,-2.9569455393634767,-2.710184240344776
alanya_tirilar,TIRILAR,Alanya,11.647553743478332,8.4507042252926,E - Dusuk,4,Kirsal / Ovacik,48,29.71491228066917,240.0,1.7189979788881262,246.69656074118464,36.49175126,32.27244253,-0.771983330655379,-5.782493901176284,-1.5914576716398785,-1.4711380137512002,-7.183299391189907,-0.287724467553735
alanya_tophane,TOPHANE,Alanya,48.68035172036443,43.58974358918474,C - Ortanin Ustu,2,Sahil / Turistik,85,62.17105263151078,201.0,128.47048747412748,96.66219835533842,36.53388327,31.99669965,-0.8938317943906501,3.3114321545096344,2.167823202423988,-0.3840356596779971,5.43379455150952,-35.24649769327797
alanya_toslak,TOSLAK,Alanya,36.3239473680954,33.599999999328,D - Orta,3,Kucuk Kasaba,60,64.25438596484183,3722.0,1.0488900614520007,183.8199763303625,36.62108422,31.90521782,0.8198333850410338,4.083401675536449,-6.852418160401349,0.4158543688565365,-0.8328802989054523,-0.7742772001750615
alanya_tosmur,TOSMUR,Alanya,66.8799043047749,68.72727272414876,D - Orta,3,Turistik Sahil Kasabasi,72,90.78947368411097,11520.0,100.99651821717482,22.98043551034072,36.53017079,32.05508071,1.3379311930872873,12.50768294872348,5.545496812903177,1.4035821969045466,9.391803170106108,-0.3514631621181368
alanya_turkler,TÜRKLER,Alanya,50.4520334919184,42.54545454352066,D - Orta,3,Turistik Sahil Kasabasi,72,79.05701754377297,5476.0,9.002224260094158,63.82434332399295,36.6222621,31.8215524,1.004886367917142,7.3004144286017185,1.7247943932544945,2.3338675941016582,8.389467454491156,-12.07805535507834
alanya_turktas,TÜRKTAŞ,Alanya,22.60729788383978,30.618556700952016,F - En Dusuk,5,Daglık / Yukari Yerlesim,40,40.13157894732442,353.0,0.8667080118488616,592.4984894251601,36.66631447,31.97205205,-0.5154076745494014,-4.597032382339772,0.256917412625008,-1.8060562323838003,-3.021803430401909,0.0460880938589131
alanya_uzunoz,UZUNÖZ,Alanya,20.790626695563304,28.350515463844456,F - En Dusuk,5,Daglık / Yukari Yerlesim,40,36.51315789469681,487.0,0.407322873902614,701.1418364461631,36.53660537,32.20035821,-0.3101343623510726,-6.339128685274589,-1.9269344902149597,-1.374617424161939,3.934004476457453,0.0216047704388206
alanya_ugrak,UĞRAK,Alanya,24.719614541070246,11.987179487025806,C - Ortanin Ustu,2,Sahil / Turistik,85,41.337719298200284,458.0,1.1143713844286762,185.0558954870316,36.34572564,32.22983678,-0.3486979158412788,-0.0301844297779514,-5.261740182647594,0.8153769639137521,4.901545878924142,-0.5245257636468432
alanya_yalci,YALÇI,Alanya,13.78373123527659,19.5876288659289,F - En Dusuk,5,Daglık / Yukari Yerlesim,40,22.587719298220847,98.0,0.7964535214187402,1082.425871749819,36.56397872,32.33144131,-1.4134018815539102,-4.941723672527142,-1.343838796560229,-0.8950046824026917,-2.282784003550248,-0.1557779150109872
alanya_yasirali,YASİRALİ,Alanya,10.794289202365272,15.463917525733342,F - En Dusuk,5,Daglık / Yukari Yerlesim,40,17.434210526296674,125.0,0.5117194849304582,616.9222481179776,36.58364581,31.97073455,-1.2326702241032177,-4.248538856391479,-2.039917822934863,-1.3128514702374612,-3.03739874065162,-0.9059563715495392
alanya_yaylakonak,YAYLAKONAK,Alanya,17.84016096939785,24.742268041173347,F - En Dusuk,5,Daglık / Yukari Yerlesim,40,30.482456140317453,359.0,0.2523361066473321,682.1050253261884,36.50849069,32.24883577,-0.5044618710660318,-6.16766824408518,-1.5173791306989728,-1.4525134196331069,-3.101212276454015,-0.6374667314106959
alanya_yaylali,YAYLALI,Alanya,40.466767881030464,31.60256410215894,C - Ortanin Ustu,2,Sahil / Turistik,85,56.140350877131425,1294.0,5.142986904372884,138.2358677475034,36.51783551,32.10130842,0.2672122429402779,0.0845623778388348,-3.935899286332643,-0.6285902406648971,-1.9284631239197048,-1.486872263771588
alanya_yenikoy,YENİKÖY,Alanya,21.51679021489258,21.63380281674906,E - Dusuk,4,Kirsal / Ovacik,48,44.62719298240721,587.0,0.2773754549535327,307.4329871052036,36.62261363,31.94742522,-0.1945369927046004,-1.4368817425951146,-2.007218923719676,-0.8022709383902092,-7.135373366222369,-0.4599433123905111
alanya_yesiloz,YEŞİLÖZ,Alanya,46.2865005058094,40.32051281999589,C - Ortanin Ustu,2,Sahil / Turistik,85,60.19736842098663,1302.0,3.0995383356862005,58.65519104266836,36.38396819,32.20602952,0.2706437120050152,4.033981325429582,-3.763021143174467,0.5081355045292791,5.8592759418168345,-2.778650493663321
alanya_cakallar,ÇAKALLAR,Alanya,20.713083765674526,20.619718309713946,E - Dusuk,4,Kirsal / Ovacik,48,43.31140350872444,584.0,1.1213929344956073,259.2879434716086,36.69417847,31.74774281,-0.1976743573107652,-4.48471843403433,-2.2475796259342444,-1.4049515355752156,0.9016320217133216,0.0568878541409837
alanya_camlica,ÇAMLICA,Alanya,30.217240911498763,38.04123711330402,F - En Dusuk,5,Daglık / Yukari Yerlesim,40,59.539473684145236,1324.0,0.3608136267905128,408.234034202629,36.42586963,32.26717376,0.2799598244093016,-4.958002211701938,-0.3602485661162016,0.6784834099871024,-6.697733282442175,-0.0984848777627499
alanya_carsi,ÇARŞI,Alanya,52.07560706390581,22.01986754952305,A - En Iyi,0,Sehir Merkezi,95,80.70175438587643,2935.0,261.9169194725618,62.62662849838172,36.53926233,31.99399043,0.7016280316317876,9.377783663553668,2.289741071435474,2.1309600215733737,7.272156582237715,-25.911853782547222
alanya_ciplakli,ÇIPLAKLI,Alanya,86.66625852107414,80.64102563999178,C - Ortanin Ustu,2,Sahil / Turistik,85,83.55263157885575,10637.0,28.357316014621308,98.81743109846433,36.56164559,32.04970741,1.3036331907858485,5.826697170541671,2.574474178113907,1.5561166226143175,-0.3775242126097258,-1.631776304135882
alanya_otekoy,ÖTEKÖY,Alanya,6.25352685837017,9.072164948430228,F - En Dusuk,5,Daglık / Yukari Yerlesim,40,9.868421052620759,132.0,0.1723056069680387,1031.3749192255195,36.59793832,32.23928736,-1.1928685603904934,-6.484267799941539,-1.985913865651896,-2.368133958429516,-2.5175995382318583,0.0508984935019641
alanya_ozvadi,ÖZVADİ,Alanya,18.137778340032337,5.448717948648093,C - Ortanin Ustu,2,Sahil / Turistik,85,33.55263157891058,334.0,0.7744298744068351,141.41571309724733,36.366345,32.24696175,-0.551491900182169,0.3199570358522113,-3.0402060171595724,-1.2893689075206725,-1.4867867656728833,-1.420034474733346
alanya_uzumlu,ÜZÜMLÜ,Alanya,14.089912280672976,19.999999999948454,F - En Dusuk,5,Daglık / Yukari Yerlesim,40,23.135964912255332,248.0,0.1392362187935664,869.8750099369415,36.59295505,32.20722141,-0.7497260911018748,-6.544338456622677,-1.9574938076711192,-1.2599958163321008,3.623699717278592,0.2317561746049322
alanya_imamli,İMAMLI,Alanya,27.77985829948419,15.25641025621466,C - Ortanin Ustu,2,Sahil / Turistik,85,44.7368421052141,683.0,0.523778496169084,207.38594976032508,36.35088218,32.26295881,-0.1026494125759869,-0.4690627667326745,-4.060316535421398,0.3487463385940353,-1.6699271515879202,-1.0985439081649235
alanya_incekum,İNCEKUM,Alanya,44.123325358150026,32.72727272578513,D - Orta,3,Turistik Sahil Kasabasi,72,74.23245614026949,3279.0,6.694722201804869,136.1818646144391,36.65575509,31.735822,0.7571979277788852,2.584088948756537,1.660211031592295,1.4693209473295343,6.1443305877817975,-2.7066983774994964
alanya_isbatli,İSBATLI,Alanya,15.128795546530617,2.179487179459237,C - Ortanin Ustu,2,Sahil / Turistik,85,30.263157894703657,392.0,0.4200233532984434,124.18764498831769,36.44512243,32.17008157,-0.4477018777522025,-1.0197229313353948,-5.584282739357172,-0.9415561917273472,-1.6472764510600255,-2.1684321933745543
alanya_ishakli,İSHAKLI,Alanya,32.44281376502588,22.88461538432199,C - Ortanin Ustu,2,Sahil / Turistik,85,47.36842105257964,559.0,4.73480364769273,87.87146254884254,36.43271507,32.16121065,-0.2245416900700451,1.5269277263540126,-2.5201118621547147,-1.6948277504163682,5.363157994339623,-2.083278193602605
alanya_sekerhane,ŞEKERHANE,Alanya,89.58361689798019,71.09271523131727,A - En Iyi,0,Sehir Merkezi,95,95.39473684200065,11384.0,751.4800785521484,19.087769810309663,36.54705598,32.00092168,1.3328444316447792,12.387108524116432,9.399743198546942,1.9055786501719965,1.489175342749246,-6.313592704878257
alanya_sihlar,ŞIHLAR,Alanya,24.54458310720384,32.886597938059566,F - En Dusuk,5,Daglık / Yukari Yerlesim,40,44.298245613986516,608.0,0.2910363566982332,405.25546914304834,36.49228056,32.22281145,-0.1730657953155246,-5.916964866459558,-0.6672246878765704,-0.6541405802142016,-8.097395927182466,-0.0378700402784344
demre_alakent,ALAKENT,Demre,40.01341749442173,6.2913907284351565,A - En Iyi,0,Sehir Merkezi,95,71.16228070167637,1673.0,10.939921597228553,17.62233076139553,36.25412628,29.98731542,0.4081017138475598,6.371793638525454,0.2573754232361491,-0.0727552439024045,1.037056519856835,-3.1944930810646994
demre_beloren,BELÖREN,Demre,20.24877916436525,27.628865979310238,F - En Dusuk,5,Daglık / Yukari Yerlesim,40,35.52631578943473,483.0,0.0830925993586767,1026.2679613991827,36.33186411,29.95673718,-0.3152984949731514,-6.662121170192807,-1.499381064748786,0.4057640576091029,-7.771376252460606,0.5850734728625161
demre_buyukkum,BÜYÜKKUM,Demre,69.77047486457403,75.19230769134369,C - Ortanin Ustu,2,Sahil / Turistik,85,76.86403508763502,2901.0,11.96090971116439,20.375315759507707,36.2279619,29.97575876,0.6957426278735448,7.207947617100942,0.5992991686503193,1.8418964859007276,10.339043997785929,-1.6323323590536245
demre_davazlar,DAVAZLAR,Demre,10.322956230761934,14.845360824704008,F - En Dusuk,5,Daglık / Yukari Yerlesim,40,16.557017543841496,153.0,0.1340989444368064,632.4851450119339,36.27598383,29.87225701,-1.086245044271026,-6.046114790913729,-1.7759519631082772,-0.7286609408559882,-3.626746109839565,0.4393524439527421
demre_gokyazi,GÖKYAZI,Demre,67.70033112563782,46.55629139042016,A - En Iyi,0,Sehir Merkezi,95,89.4736842104282,8261.0,105.03474597688754,10.34289690341747,36.24267755,29.98333074,1.1927021849791677,11.97329938076202,3.9029927723282176,1.6528876827201304,1.6808841668148915,4.908934934249224
demre_gurses,GÜRSES,Demre,20.037235485581096,27.31958762879557,F - En Dusuk,5,Daglık / Yukari Yerlesim,40,35.19736842101403,419.0,0.5503192374380416,456.7752290915303,36.26693433,29.93770217,-0.4050994822385177,-2.000785246460059,-4.599089349212143,0.2286808002030081,-1.6014220089762627,-0.3978020297265829
demre_kaleucagiz,KALEÜÇAĞIZ,Demre,39.075910930976015,29.4230769226997,C - Ortanin Ustu,2,Sahil / Turistik,85,55.263157894676255,505.0,4.07692616075184,81.56156730849193,36.1995932,29.85824733,-0.2874686578353786,-4.014003107432292,-0.7159894707783173,0.3196501744811713,10.002061861335914,0.5225377266752174
demre_kapakli,KAPAKLI,Demre,24.014751667809797,24.676056337854398,E - Dusuk,4,Kirsal / Ovacik,48,48.903508771876204,517.0,0.6691205954832656,259.07457032632294,36.22873937,29.88387698,-0.2728545673996498,-2.4178402349120844,-1.8581710231677504,0.2491840212758207,8.07277946229679,0.1422795596123973
demre_karabucak,KARABUCAK,Demre,54.471048413975055,51.217948717292074,C - Ortanin Ustu,2,Sahil / Turistik,85,67.21491228062806,2739.0,2.2596463319455826,144.08545727806558,36.24723762,29.96029444,0.6665971730772824,4.288502833502779,-2.935033229617217,1.7095401319710497,5.561968394419027,-2.6401982223363967
demre_kayaalti,KAYAALTI,Demre,22.81614794189355,9.807692307566567,C - Ortanin Ustu,2,Sahil / Turistik,85,39.364035087676136,416.0,4.397645676410677,29.107333613394943,36.26154097,30.01044579,-0.4096792432284152,3.649882772552101,-6.973703237615345,-0.5227066524022402,-2.856194069388702,-28.64801092459747
demre_koskerler,KÖŞKERLER,Demre,56.99645748952284,55.576923076210555,C - Ortanin Ustu,2,Sahil / Turistik,85,68.42105263150393,2321.0,0.5826505882294676,176.7876100213276,36.28697872,29.96554107,0.5814699782443252,-1.168302763258089,0.9537059686285976,0.3162223195582475,-0.5050346834695768,0.1677818412951115
demre_kucukkum,KÜÇÜKKUM,Demre,41.40657894696575,41.99999999916,D - Orta,3,Kucuk Kasaba,60,68.20175438589014,1292.0,11.273584338436008,5.197411065483119,36.24046712,30.00554836,0.2663506626660647,7.889404148717817,-1.467459637619745,0.4933993578118723,8.292857723445099,-29.42472823740663
demre_yavu,YAVU,Demre,18.935728744884017,6.538461538377712,C - Ortanin Ustu,2,Sahil / Turistik,85,34.21052631575196,414.0,0.3393224768464156,489.1369232867222,36.2432261,29.85542506,-0.4127529807305276,-4.164897037366777,-2.718560856978151,-0.3218020320860721,4.307339296460959,0.1780302783480755
demre_yaylakaya,YAYLAKAYA,Demre,42.963141025409946,34.871794871347795,C - Ortanin Ustu,2,Sahil / Turistik,85,58.33333333326938,1230.0,4.091835998044102,28.34046880337369,36.26068425,29.99497743,0.238874906062692,4.689020972644469,-3.533121412585904,-0.041207329677229,-2.523931200246012,-28.78739260170481
demre_cagman,ÇAĞMAN,Demre,13.076731777871583,18.659793814384898,F - En Dusuk,5,Daglık / Yukari Yerlesim,40,21.27192982453808,235.0,0.0756610563236792,1045.046355555122,36.37750186,29.94393286,-0.786318821956127,-5.65523013416033,-1.9344911763038808,-2.019107822257473,-7.641303789254679,0.6723572058873306
demre_cevreli,ÇEVRELİ,Demre,47.1357118755733,41.410256409725505,C - Ortanin Ustu,2,Sahil / Turistik,85,60.964912280634906,790.0,0.7910973642361855,219.09600349346192,36.21360875,29.83075383,-0.0159088496670011,-0.3945704133976929,-0.9856806002779964,0.8936880599055512,-1.073739258395373,0.2412252409715316
dosemealti_ahirtas,AHIRTAŞ,Döşemealtı,22.937601736253683,31.03092783497157,F - En Dusuk,5,Daglık / Yukari Yerlesim,40,40.7894736841658,390.0,0.6109374770898447,472.1609311069156,37.20331048,30.72661377,-0.4509873013222614,-5.130605609501134,0.4237902380654259,-1.5173058567691826,3.8017244664238983,-0.171717369807022
dosemealti_akkoc,AKKOÇ,Döşemealtı,15.361028214835727,21.752577319531564,F - En Dusuk,5,Daglık / Yukari Yerlesim,40,25.32894736839328,305.0,0.0253981219104772,976.0072224159092,37.13163933,30.46795264,-0.6112411733750959,-6.266859761152389,-1.7727557604473794,-0.6087084235111527,-2.090495185987559,0.1933964994950429
dosemealti_altinkale,ALTINKALE,Döşemealtı,54.02960526258826,59.99999999880001,D - Orta,3,Kucuk Kasaba,60,81.9078947367523,9673.0,12.230642424234553,298.01956287383496,37.00890579,30.62609129,1.2623415038012125,4.543309676517704,2.4742850496347195,3.240799999408729,0.153116113484163,-14.236098114637516
dosemealti_ayanlar,AYANLAR,Döşemealtı,25.54105624881906,33.814432989603574,F - En Dusuk,5,Daglık / Yukari Yerlesim,40,46.92982456135205,742.0,0.7520867351548184,730.3183273612982,37.05890822,30.54025563,-0.0530837613487392,-3.819204969493069,-2.635955291867053,0.4511318773380113,-2.545251554270627,-1.2873104456936904
dosemealti_aydinlar,AYDINLAR,Döşemealtı,24.119641888177703,32.37113402053512,F - En Dusuk,5,Daglık / Yukari Yerlesim,40,43.42105263153134,711.0,1.266645760979964,514.0434952945137,37.02933312,30.51952198,-0.0785529980427121,-3.988384529330741,-6.000593948070072,0.6061328341570807,-2.275630743546549,-0.6615120851159306
dosemealti_asagioba,AŞAĞIOBA,Döşemealtı,21.68289473671625,11.999999999760002,D - Orta,3,Kucuk Kasaba,60,49.34210526310379,409.0,3.099170866642733,307.50204853524525,37.10825251,30.63342476,-0.4205105328835313,0.1871217528785639,-1.5880984702667695,0.2038747053870056,-5.4904771009412645,-1.1976515220748585
dosemealti_bademagaci,BADEMAĞACI,Döşemealtı,28.480376198171847,36.70103092774046,F - En Dusuk,5,Daglık / Yukari Yerlesim,40,54.38596491222106,1320.0,0.5628931632841426,896.5453846059994,37.21985617,30.47122227,0.278278940135429,-2.9722448598279327,-2.971553855105021,1.427883267440959,-4.797086609507224,-0.5270466515238755
dosemealti_bahceyaka,BAHÇEYAKA,Döşemealtı,63.04230263119486,57.199999999237335,B - Iyi,1,Sehir Siniri,78,86.95175438586958,13403.0,43.270093671021165,298.0836496481901,37.01226844,30.58986698,1.4021428734342858,6.991544633662814,3.6454906079689167,2.7614993010951547,0.011073753624073,-5.0068441544769176
dosemealti_biyikli,BIYIKLI,Döşemealtı,14.77278893106047,20.927835051492455,F - En Dusuk,5,Daglık / Yukari Yerlesim,40,24.342105263131202,175.0,1.6901277810968132,547.9791926351002,37.10518958,30.57260557,-0.9907581950125912,-3.223589330972637,-3.577241952791247,-0.0195020641125011,-3.190282997633884,-0.8463087159393701
dosemealti_camili,CAMİLİ,Döşemealtı,22.081541882792305,22.309859154772468,E - Dusuk,4,Kirsal / Ovacik,48,45.614035087669286,437.0,0.7453577627818422,381.2958094243895,37.1807474,30.66687125,-0.3783690573055004,-4.5396064562448695,1.8384420794733056,-1.9104600392305704,-1.441825732386993,-0.7035677742606129
dosemealti_dagbeli,DAĞBELİ,Döşemealtı,31.724000723397516,38.76288659783824,F - En Dusuk,5,Daglık / Yukari Yerlesim,40,64.91228070168322,1793.0,0.4220079448862565,892.0492454661613,37.19986401,30.53567681,0.4453566874379489,-3.266496920132131,-0.4015224076154902,1.026037450854616,-4.528676985557914,-0.0138654021608899
dosemealti_dereli,DERELİ,Döşemealtı,16.216641956947615,14.873239436514979,E - Dusuk,4,Kirsal / Ovacik,48,36.07456140346922,214.0,1.4529202971512591,315.5052914610737,37.13037492,30.65211166,-0.8504838499786904,-2.082308353802509,0.1194015307809988,-1.6050946608942285,0.1913977106792061,-1.4591672279331205
dosemealti_duzlercami,DÜZLERÇAMI,Döşemealtı,38.809605262788686,38.399999999232,D - Orta,3,Kucuk Kasaba,60,65.2412280701039,2092.0,4.86868754921322,299.8828421010134,36.99248844,30.57012502,0.5271975315347984,-0.4315824141269264,-2.412092576190993,1.9406803387733624,-3.620066670566428,-5.80895213918483
dosemealti_eksili,EKŞİLİ,Döşemealtı,30.2202001481362,33.126760563146995,E - Dusuk,4,Kirsal / Ovacik,48,58.00438596484868,939.0,0.7515757653122578,386.8675771225237,37.1596257,30.68327515,0.0851317203817848,-3.440415511476381,-0.1133564921361565,-0.9438801430746384,7.433544770355629,-0.719657320544599
dosemealti_ilicakoy,ILICAKÖY,Döşemealtı,31.089177168146456,34.47887323919382,E - Dusuk,4,Kirsal / Ovacik,48,58.99122807011076,767.0,2.472133038790303,397.07690850742233,37.17181211,30.62775536,-0.0333967104871412,-2.8699258567611845,0.5006277460303938,-0.5441119045070363,-1.7960803929341902,-3.8073630022361566
dosemealti_karaman,KARAMAN,Döşemealtı,21.616386326598068,29.38144329889335,F - En Dusuk,5,Daglık / Yukari Yerlesim,40,38.157894736800266,674.0,0.252417661621714,580.7673183284079,36.96500189,30.50862152,-0.1106302835629976,-5.384015882253501,-3.89441476715016,1.619907824923091,-5.302443121225502,-0.2130901988507592
dosemealti_karatas,KARATAŞ,Döşemealtı,33.543995552121956,38.197183098322554,E - Dusuk,4,Kirsal / Ovacik,48,61.95175438589698,942.0,3.4449271552928376,316.73765721980834,37.14580025,30.62243885,0.0869775167099056,-1.4748979964349138,-0.8192886614068275,0.2542702389402731,-0.9990634921851452,-2.096043910152568
dosemealti_karaveliler,KARAVELİLER,Döşemealtı,27.960797612533472,36.08247422671113,F - En Dusuk,5,Daglık / Yukari Yerlesim,40,53.2894736841521,1061.0,0.448120840265786,583.3395261440605,37.21489535,30.63566637,0.1553149779815759,-5.335523906881249,-1.1468732130149697,-0.7939569196369428,-1.6911920292311986,-0.3213893417289865
dosemealti_kevsirler,KEVŞİRLER,Döşemealtı,14.906078576671884,13.18309859145646,E - Dusuk,4,Kirsal / Ovacik,48,33.99122807013817,207.0,0.9876432658860772,329.91100785317343,37.13477168,30.66950409,-0.8734479439164592,-2.365849299342322,-0.0156609179453204,-1.7246271124530204,0.8663081637078648,-1.892483492415916
dosemealti_kovanlik,KOVANLIK,Döşemealtı,27.701008319714283,35.77319587619646,F - En Dusuk,5,Daglık / Yukari Yerlesim,40,52.74122807011761,1371.0,0.6044323020710872,567.5912162628464,37.14664947,30.57052943,0.2992944146828012,-3.515377779937288,-3.0869534617835344,0.3909181469006034,-4.205492333153576,-0.4950468307785314
dosemealti_killik,KİLLİK,Döşemealtı,26.398354132702682,34.43298969063291,F - En Dusuk,5,Daglık / Yukari Yerlesim,40,49.56140350871759,932.0,0.2334316625306466,768.9984743832036,37.22888607,30.68496183,0.0807990624826844,-5.676542721634402,0.0261893070322496,-1.5017330656751804,-1.8081951800586784,-0.0137621328775668
dosemealti_nebiler,NEBİLER,Döşemealtı,47.173947367930396,51.599999998968,D - Orta,3,Kucuk Kasaba,60,72.58771929816602,1900.0,4.103719998729019,270.825201547398,36.95439022,30.59074618,0.4762926565603204,1.5795232139795687,3.170110019073431,1.6597343695457774,-1.24648818834482,-0.5004800641109677
dosemealti_orta,ORTA,Döşemealtı,31.818638090009753,38.86597938134313,F - En Dusuk,5,Daglık / Yukari Yerlesim,40,65.13157894729702,1287.0,2.0690441139217928,640.0204226361353,37.0391699,30.53882313,0.2641901608030856,-2.496034898346265,-0.509340173760982,1.8869289166136416,-4.931867000321784,-1.0618070714492551
dosemealti_selimiye,SELİMİYE,Döşemealtı,8.789999999980154,1.199999999976,D - Orta,3,Kucuk Kasaba,60,24.999999999972587,69.0,1.3378561791228882,307.73829542869925,37.12313488,30.60858671,-1.6825664655975243,0.1875167657729063,-1.4374330650993732,-2.67679488657058,-0.8156866836537628,-1.9898351211090737
dosemealti_tomalar,TOMALAR,Döşemealtı,41.156289473518825,21.8399999997088,B - Iyi,1,Sehir Siniri,78,73.02631578939362,1626.0,32.03917175426618,297.1013098725581,37.0010719,30.58620097,0.3926864086894325,2.415432841290504,4.570319305309545,0.8876708245751151,-0.7989279383314449,-5.716872168741444
dosemealti_yalinli,YALINLI,Döşemealtı,46.59776315741492,50.399999998992,D - Orta,3,Kucuk Kasaba,60,72.47807017535912,1749.0,12.49112284524878,295.0104780841163,36.96628334,30.60399421,0.4320299356187325,1.9934886439181967,2.029178664598707,1.1665917542292488,-0.9259609031599816,-0.7788134005138321
dosemealti_yagca,YAĞCA,Döşemealtı,28.268832519387693,36.391752577225795,F - En Dusuk,5,Daglık / Yukari Yerlesim,40,54.05701754380038,1490.0,1.0632782399257577,554.2080705854814,37.07578126,30.56185593,0.3451039197944339,-2.4344948585694346,-4.571124921725723,0.951816908659334,-4.244341351262267,-2.745178626456999
dosemealti_yesilbayir,YEŞİLBAYIR,Döşemealtı,53.99960526286962,41.59999999944534,B - Iyi,1,Sehir Siniri,78,82.236842105173,8454.0,18.44664864057643,294.04421343384683,36.97873337,30.62264886,1.2029773837637698,5.98799849707978,3.0935048214502974,3.372551919881154,5.303558151195335,-8.649845066119097
dosemealti_ciglik,ÇIĞLIK,Döşemealtı,29.76605263136257,21.599999999568002,D - Orta,3,Kucuk Kasaba,60,60.74561403502111,837.0,4.193111860788687,308.8268058705876,37.03557538,30.56511945,0.01811892438528,-0.8648692661665917,-1.5237059225829956,0.5481882379101907,-0.9770441132683092,-1.7283488076452789
elmali_ahatli,AHATLI,Elmalı,19.89620636639166,27.11340206178579,F - En Dusuk,5,Daglık / Yukari Yerlesim,40,34.97807017540025,455.0,0.0,1595.617285075427,36.62047837,29.70029117,-0.3528424226217554,-5.296009848692135,-0.1480141792098522,-1.2483697757194534,-5.348565353679191,0.6925597490310011
elmali_akcaenis,AKÇAENİŞ,Elmalı,29.42860372575203,37.62886597928446,F - En Dusuk,5,Daglık / Yukari Yerlesim,40,56.79824561397281,682.0,2.262037277140489,1047.116383608533,36.62194089,29.83187521,-0.1035303465801605,-3.4311061603268667,0.8812784295459073,-2.067395364655468,-0.9233913126394588,0.4601309171624322
elmali_akcay,AKÇAY,Elmalı,32.197187556458694,39.27835051536269,F - En Dusuk,5,Daglık / Yukari Yerlesim,40,66.00877192975219,1297.0,1.9590961983962167,1093.2556705717725,36.59488572,29.74885296,0.2685018210109778,-1.3774661702143864,-0.0593730353777246,-0.309452193903253,-0.7305877774350154,0.7562733328712965
elmali_armutlu,ARMUTLU,Elmalı,16.94203291731053,23.711340206124454,F - En Dusuk,5,Daglık / Yukari Yerlesim,40,28.5087719297933,300.0,0.1834388978330638,1422.1577256455664,36.56069334,29.78876363,-0.6221830581777203,-5.049912248450094,-1.8566077250187776,-1.888173607107008,-5.708000022842497,0.3910105978140984
korkuteli_avdan,AVDAN,Korkuteli,17.934798336010083,24.845360824678234,F - En Dusuk,5,Daglık / Yukari Yerlesim,40,30.701754385931245,543.0,0.0263562110582451,1395.9443733551436,36.86479155,30.16958757,-0.2424521975029495,-6.380200891592623,-2.173483035603173,-0.357252311151091,-5.281616278967903,0.782732238881773
elmali_bayindir,BAYINDIR,Elmalı,18.714166214467642,25.773195876222236,F - En Dusuk,5,Daglık / Yukari Yerlesim,40,32.34649122803471,354.0,0.0949529349952207,1446.373874257583,36.78862459,29.95774946,-0.5135689985510572,-5.427938555153146,-0.8276926691026176,-1.1579285457097712,-1.9792595932109471,0.4427237273199937
elmali_bayralar,BAYRALAR,Elmalı,28.409861638577127,36.59793814423557,F - En Dusuk,5,Daglık / Yukari Yerlesim,40,54.27631578941418,895.0,0.5914393297099788,1034.2041332929227,36.63628481,29.89571454,0.0572758194107488,-3.15801517670742,-1.7559981443928403,-0.8119043951560423,-0.481465760903757,0.3469805811396391
elmali_beyler,BEYLER,Elmalı,19.612294266554954,26.804123711271124,F - En Dusuk,5,Daglık / Yukari Yerlesim,40,34.320175438558856,240.0,1.1709090000749385,1039.7137211491477,36.65125712,29.85625541,-0.771983330655379,-2.9461018050624754,-1.7907232194177718,-1.2589100574724967,-0.5733167683261471,0.212868974790574
elmali_bozhuyuk,BOZHÜYÜK,Elmalı,29.617878458976502,37.835051546294245,F - En Dusuk,5,Daglık / Yukari Yerlesim,40,57.2368421052004,3138.0,0.0603716272107561,1348.118498154838,36.75537945,30.03178575,0.7352489896411905,-4.881945860761497,-2.0591456305333558,-0.3548938121114538,-1.498665856568561,0.2428801030836597
elmali_buyuksogle,BÜYÜKSÖĞLE,Elmalı,15.785969433861865,22.26804123705601,F - En Dusuk,5,Daglık / Yukari Yerlesim,40,26.206140350848457,439.0,0.0252150028132063,1830.0343091985217,36.70421715,30.13006563,-0.3754752305385089,-5.965757475948733,-3.3518529043592733,0.0084117715923341,-5.537302723338144,0.7795245392254494
elmali_camiatik,CAMİATİK,Elmalı,34.361616997748555,2.5165562913740627,A - En Iyi,0,Sehir Merkezi,95,63.59649122800044,558.0,69.09139063696504,1186.751482979623,36.74379989,29.90799814,-0.2256442011231268,2.8619819408894425,2.574370261112014,-0.0681378603633765,-2.433287357512095,-23.91579569077337
elmali_camicedit,CAMİCEDİT,Elmalı,14.4833684210253,2.0799999999722667,B - Iyi,1,Sehir Siniri,78,31.57894736838643,240.0,0.6684839030190293,1488.181858755528,36.76126594,29.92263307,-0.771983330655379,-3.913704527295112,-0.5264612683243233,-2.2674196450511315,-3.057128617095944,-0.73364490510982
elmali_derekoy,DEREKÖY,Elmalı,0.7051455959471744,1.0309278350488895,F - En Dusuk,5,Daglık / Yukari Yerlesim,40,1.0964912280689731,64.0,0.0,1681.5421649353732,36.84204183,29.84932532,-1.7415904430348474,-7.412198410496951,-2.2913232954453484,-3.0958928436473245,-2.8254689419628387,0.8288157519682078
elmali_duden,DÜDEN,Elmalı,22.77244981004673,30.824742267961792,F - En Dusuk,5,Daglık / Yukari Yerlesim,40,40.46052631574511,558.0,0.596856686399514,1130.1226709485827,36.68400021,29.92396822,-0.2256442011231268,-2.4827021143911523,-2.925214039961877,-0.2601102933613314,-1.218194141155066,-1.2360168232939597
elmali_eskihisar,ESKİHİSAR,Elmalı,28.88119461018047,37.216494845264904,F - En Dusuk,5,Daglık / Yukari Yerlesim,40,55.153508771869355,866.0,0.4387468582434348,1261.723388599205,36.79021539,29.82255084,0.0380644226330799,-2.568819872334581,-0.6322031554494405,-1.0837259057118256,-2.458733940176236,-0.0640662217628402
elmali_eymir,EYMİR,Elmalı,22.512660517227545,30.51546391744713,F - En Dusuk,5,Daglık / Yukari Yerlesim,40,39.91228070171062,625.0,0.4716745572906825,1030.6751126308277,36.68609362,29.88525124,-0.1562834251962971,-3.3099384526984466,-2.653053337842614,-1.5053229306167382,-0.3164110419986791,-0.2448150980487797
elmali_gecmen,GEÇMEN,Elmalı,10.723774642770556,15.360824742228452,F - En Dusuk,5,Daglık / Yukari Yerlesim,40,17.324561403489778,306.0,0.0,1737.7721756552787,36.64183763,30.02456292,-0.6090768449936619,-6.824482877720114,-2.2385133074074712,-0.9067739417780656,-6.479221160513252,0.7008687296284128
elmali_gecit,GEÇİT,Elmalı,6.912280701740143,9.999999999974227,F - En Dusuk,5,Daglık / Yukari Yerlesim,40,10.964912280689731,207.0,0.0,1099.5632879227862,36.73028924,29.81158875,-0.8734479439164592,-5.769008478590472,-2.341642134854561,-3.050525762665933,-2.0542809318423547,0.5324375400695248
elmali_gokpinar,GÖKPINAR,Elmalı,26.866445916083766,0.6291390728435157,A - En Iyi,0,Sehir Merkezi,95,50.87719298240035,1219.0,1.4063062015399053,1180.7883950876144,36.74807399,29.95615891,0.2338383243423154,-1.3456844123481864,-6.958087758093874,0.171206870221506,-0.5208181127165209,-1.961792144149793
elmali_muren,MÜREN,Elmalı,20.4139310905722,27.835051546320013,F - En Dusuk,5,Daglık / Yukari Yerlesim,40,35.85526315785542,733.0,0.0349656193554563,1410.8761300761412,36.79940816,30.0578282,-0.0603535248154468,-5.179590658352796,-2.5426611911845427,-0.2450389743612908,-6.267652083295735,0.2090443437562255
elmali_goltarla,GÖLTARLA,Elmalı,7.194338940119014,10.412371133993783,F - En Dusuk,5,Daglık / Yukari Yerlesim,40,11.403508771917322,154.0,0.0744025475432278,1629.711164373884,36.57599873,29.99357666,-1.081581016625877,-5.962085001283725,-3.151896997816867,0.2344734933866124,4.6852235948635,0.4822398716342022
elmali_gumusyaka,GÜMÜŞYAKA,Elmalı,1.1987475131101966,1.752577319583112,F - En Dusuk,5,Daglık / Yukari Yerlesim,40,1.8640350877172542,110.0,0.0,1678.5177573091796,36.85653866,29.96462666,-1.3270039768067463,-7.210111979311834,-2.4896011634108905,-3.017603635542271,-2.2502050071578195,0.7978748042010069
elmali_gundogan,GÜNDOĞAN,Elmalı,43.54877207498397,9.437086092652736,A - En Iyi,0,Sehir Merkezi,95,75.21929824553156,2299.0,45.26414275732785,1161.0094099044177,36.74247843,29.92647873,0.5765222680970621,5.193058421559583,4.038404765347052,0.4957094463809852,-2.2526735027234515,-8.847283402207399
elmali_hacimusalar,HACIMUSALAR,Elmalı,16.871518357715814,23.60824742261957,F - En Dusuk,5,Daglık / Yukari Yerlesim,40,28.399122806986405,174.0,1.4614578846200923,1057.7976121180657,36.65048643,29.82911327,-0.9948014081096248,-3.3781960431767,-1.8487632676457864,-1.084415504314979,-0.8155856307615775,-1.1034195356480423
elmali_kapmescit,KAPMESCİT,Elmalı,24.119791666640218,0.0,A - En Iyi,0,Sehir Merkezi,95,46.162280701703764,304.0,4.682831802047334,1187.07444252497,36.74782432,29.92101351,-0.6134134436111829,1.428137396132704,-0.636873989104583,-0.6545367941379735,-2.228578277120818,-24.77840553159381
elmali_karakoy,KARAKÖY,Elmalı,1.8333785494626533,2.680412371127112,F - En Dusuk,5,Daglık / Yukari Yerlesim,40,2.8508771929793304,72.0,0.0,1380.90669001245,36.8370257,30.08022176,-1.6493772438605632,-6.349265346531261,-2.330280917045941,-1.2906504538096828,-6.853137625882551,0.6820034282300268
elmali_karamik,KARAMIK,Elmalı,13.336521070690768,18.969072164899565,F - En Dusuk,5,Daglık / Yukari Yerlesim,40,21.820175438572566,314.0,0.0640929460521341,1271.2495789452294,36.5849619,29.91277816,-0.5920416675926563,-5.723691067289294,-2.8937508067771613,-1.448540580093748,5.183376873425966,0.4444864272863986
elmali_karyagdi,KARYAĞDI,Elmalı,40.411113410534504,6.920529801278672,A - En Iyi,0,Sehir Merkezi,95,71.38157894729015,5013.0,10.58430523642047,1077.1296613397317,36.72692977,29.89921995,0.9633040955065778,2.5884671592751194,-2.242927254299484,1.4316073760242598,-0.1377575521781115,-4.363300383620288
elmali_kizilca,KIZILCA,Elmalı,7.853092783488988,11.340206185537783,F - En Dusuk,5,Daglık / Yukari Yerlesim,40,12.499999999986294,168.0,0.0543816993835127,1285.7785552971686,36.65891898,29.7957217,-1.019617548667084,-5.450433701324763,-2.1319021832780862,-2.24659931944934,-2.085950709631853,0.3221809651794719
elmali_kisla,KIŞLA,Elmalı,20.107750045175813,27.42268041230046,F - En Dusuk,5,Daglık / Yukari Yerlesim,40,35.30701754382093,370.0,0.3060530405221877,1094.2758319137704,36.73510449,29.8464422,-0.4849156692689969,-4.757283506491389,-1.4916373075273903,-1.238885175249624,-4.748673763198975,-0.4729943406887706
elmali_kocapinar,KOCAPINAR,Elmalı,12.794673539492713,18.247422680365343,F - En Dusuk,5,Daglık / Yukari Yerlesim,40,20.833333333310488,340.0,0.0427320861860027,1248.715516578003,36.70952858,29.95989503,-0.5398541384544475,-3.756831633933816,-4.621093688283578,-1.1422834913759767,-1.556680254400002,-0.2830769732490595
elmali_kuzkoy,KUZKÖY,Elmalı,1.269262072704914,1.855670103088001,F - En Dusuk,5,Daglık / Yukari Yerlesim,40,1.9736842105241519,127.0,0.0,1243.128952621454,36.69074076,29.7879653,-1.2210502067720892,-6.900536567333805,-2.4463085779057194,-3.433688388301057,-2.5090893491622643,0.5840678036582676
elmali_kucuksogle,KÜÇÜKSÖĞLE,Elmalı,5.830439500801865,8.453608247400894,F - En Dusuk,5,Daglık / Yukari Yerlesim,40,9.210526315779374,220.0,0.0231317420136706,1843.0572257385688,36.64918756,30.09279168,-0.831457565983393,-6.801089469662099,-3.0952152151026318,-1.0156727704454522,-6.960171776575952,0.75954531102772
elmali_macun,MACUN,Elmalı,7.923607343083705,11.443298969042672,F - En Dusuk,5,Daglık / Yukari Yerlesim,40,12.60964912279319,278.0,0.0,1745.3052050542074,36.82687184,29.89170756,-0.6728737696790535,-6.658841501989118,-2.515158083594774,-2.4128134218719857,-2.7152290989034373,0.8708922014065503
elmali_mursal,MURSAL,Elmalı,13.501672996897721,19.175257731909344,F - En Dusuk,5,Daglık / Yukari Yerlesim,40,22.149122806993258,351.0,0.0,1051.9394391717874,36.68967096,29.82107134,-0.5191025534594478,-5.634990320390338,-2.2528389503315367,-2.0882215655929453,-5.554404959836805,0.4235359669507467
elmali_pirhasanlar,PİRHASANLAR,Elmalı,13.407035630285487,19.072164948404453,F - En Dusuk,5,Daglık / Yukari Yerlesim,40,21.929824561379462,329.0,0.0,1030.9787810564435,36.68403882,29.86290129,-0.5613699237384049,-4.550726465897525,-2.3188342358561638,-1.7956701202370056,-5.01233111011712,-0.1142556006883973
elmali_salur,SALUR,Elmalı,22.442145957632825,30.412371133942237,F - En Dusuk,5,Daglık / Yukari Yerlesim,40,39.80263157890372,706.0,0.1098170694711017,1277.5903597746913,36.76716418,29.77705566,-0.082777184715823,-5.0606415727997724,-1.7056975266885814,-2.34590102535272,-2.054793758897105,-0.5762203929127145
elmali_sarilar,SARILAR,Elmalı,9.0759631036167,13.092783505120895,F - En Dusuk,5,Daglık / Yukari Yerlesim,40,14.473684210510445,222.0,0.0,1048.7798111150912,36.63386775,29.82295321,-0.8252438221320773,-4.05475482628276,-2.347416044471303,-3.363360241349815,-5.5732469546243175,0.6003606348102377
elmali_tahtamescit,TAHTAMESCİT,Elmalı,7.66503947367008,1.0399999999861333,B - Iyi,1,Sehir Siniri,78,16.77631578945529,268.0,0.1528553454966446,1757.2714290880665,36.76977184,29.88842657,-0.697417459553712,-5.313339097611904,-3.526361056494536,-1.9158222310951167,-3.063843689940392,0.2506185761811017
elmali_tavullar,TAVULLAR,Elmalı,13.642702116087156,19.38144329891912,F - En Dusuk,5,Daglık / Yukari Yerlesim,40,22.36842105260705,259.0,0.0808597526403135,1039.4581264429726,36.68252727,29.84372394,-0.7203975014616288,-5.012194021276375,-2.0814422509461563,-1.7772896332456216,-5.372029171173665,-0.1240899800059238
elmali_tekke,TEKKE,Elmalı,26.51711430633243,34.53608247413779,F - En Dusuk,5,Daglık / Yukari Yerlesim,40,49.89035087713828,1018.0,0.1586026360568748,1727.9468284435147,36.56175138,29.87975231,0.13165918916756,-5.273774888986369,-1.072990601160726,-1.6568613776460153,-1.7813460496803857,0.8331521398801065
elmali_toklular,TOKLULAR,Elmalı,27.37872516552977,1.2582781456870313,A - En Iyi,0,Sehir Merkezi,95,51.31578947362795,291.0,42.5663236530419,1180.0108326061445,36.74685694,29.91021383,-0.6424016388363055,2.791770580812209,1.6286384362982955,-0.9703481987621962,-2.723847942616574,-25.62913549406124
elmali_yakaciftlikkoyu,YAKAÇİFTLİKKÖYÜ,Elmalı,18.57313709527821,25.56701030921246,F - En Dusuk,5,Daglık / Yukari Yerlesim,40,32.127192982420915,440.0,0.0766252659503345,1310.3910150902425,36.63482669,29.96232777,-0.3740338404347452,-5.964787885794308,-1.8270653412496416,-0.9194469029505546,-2.0353086349452894,0.5664350391766332
elmali_yalnizdam,YALNIZDAM,Elmalı,15.715454874267149,22.16494845355112,F - En Dusuk,5,Daglık / Yukari Yerlesim,40,26.096491228041565,292.0,0.0851498710107179,1211.8034965344557,36.76712703,29.83073202,-0.6401208747934068,-4.860652153600585,-1.9645108781513212,-1.971374940177442,-1.9460849069945,-0.1238336527119385
elmali_yaprakli,YAPRAKLI,Elmalı,5.759924941207148,8.350515463896004,F - En Dusuk,5,Daglık / Yukari Yerlesim,40,9.100877192972478,218.0,0.0,1844.6552423009628,36.86107259,29.79972302,-0.8377346571383434,-6.850105808515534,-2.271979468718724,-3.097158617095661,-2.939968451261291,0.7896398556931417
elmali_yeni,YENİ,Elmalı,47.872826986664926,15.099337748244377,A - En Iyi,0,Sehir Merkezi,95,78.61842105254537,7317.0,24.553232184376743,1090.2237028394609,36.72492819,29.92808961,1.138239312332863,6.2601331359917145,-0.6120667703271978,1.8325405668713035,-0.3087512063380512,-10.204780215940792
elmali_yilmazli,YILMAZLI,Elmalı,10.39347079035665,14.948453608208895,F - En Dusuk,5,Daglık / Yukari Yerlesim,40,16.666666666648393,336.0,0.0,1279.5375803885925,36.79240515,29.78243531,-0.5475868652756839,-5.11440921999324,-3.279802274898309,-3.0043298454809446,-2.3922669865051844,0.4812966519627613
elmali_yuva,YUVA,Elmalı,30.76650388852816,38.35051546381869,F - En Dusuk,5,Daglık / Yukari Yerlesim,40,61.40350877186249,2101.0,0.2525807357746293,1611.635920202123,36.72452062,29.72474457,0.5294538680471041,-4.431787208248408,-1.3827182570408616,-0.2312936900134611,-7.698637282062885,0.6579137504256553
elmali_yorenler,YÖRENLER,Elmalı,0.4230873575683046,0.6185567010293337,F - En Dusuk,5,Daglık / Yukari Yerlesim,40,0.6578947368413839,60.0,0.0,1673.2500327310065,36.81894627,29.83859002,-1.7925984311871392,-7.920715004182316,-2.3364136747835857,-2.482873478647584,-6.768270452169067,0.802664597053108
elmali_zumrutova,ZÜMRÜTOVA,Elmalı,26.088465364390622,34.226804123623126,F - En Dusuk,5,Daglık / Yukari Yerlesim,40,48.57456140345551,733.0,0.1980767682169043,1580.982843351651,36.56776755,29.83090218,-0.0603535248154468,-4.888259626423834,-0.7599196494049618,-1.1664274560161656,-1.9797173084119488,0.8098779071918125
elmali_ilyagi,İLYAĞI,Elmalı,17.413365888913873,24.32989690715379,F - En Dusuk,5,Daglık / Yukari Yerlesim,40,29.38596491224848,416.0,0.1051348933248804,1552.0013264622537,36.90477525,29.99949019,-0.4096792432284152,-6.088834258698872,-2.0675631917569968,-1.6957684333132694,-2.04833131115678,0.6482196596107832
elmali_caybasi,ÇAYBAŞI,Elmalı,24.025004521565467,32.26804123703024,F - En Dusuk,5,Daglık / Yukari Yerlesim,40,43.20175438591754,419.0,0.7020701943821748,1055.4973444731793,36.61780452,29.79728173,-0.4050994822385177,-2.4476217473295816,-1.6039478475484183,-1.7134708579658844,-0.9438910323371236,0.3818906362395264
elmali_cobanisa,ÇOBANİSA,Elmalı,15.29051365524101,21.649484536026677,F - En Dusuk,5,Daglık / Yukari Yerlesim,40,25.21929824558638,154.0,0.4475131114628962,1209.1159148890183,36.85449367,30.01902291,-1.081581016625877,-5.018264093041041,-1.476295118147389,-0.9916922732266236,-1.2065806926892362,0.2836736379224207
elmali_cukurelma,ÇUKURELMA,Elmalı,20.955778621770257,28.556701030854235,F - En Dusuk,5,Daglık / Yukari Yerlesim,40,36.842105263117496,376.0,0.2644295223926852,1356.4489460078107,36.82619776,29.99641333,-0.4745259728506344,-5.300258724404513,-0.9937360412665164,-1.3028835008380577,-1.6534573463199935,0.3316752956340288
elmali_ozdemir,ÖZDEMİR,Elmalı,25.303535901559552,33.60824742259379,F - En Dusuk,5,Daglık / Yukari Yerlesim,40,46.271929824510664,444.0,0.5087901370305093,1320.7751985338214,36.88686461,30.04925254,-0.3683046913327242,-4.678845793142767,-0.966609217117366,0.293780548991627,-0.0804189027142038,0.3811139571935077
elmali_imircik,İMİRCİK,Elmalı,3.056248869590367,4.432989690710224,F - En Dusuk,5,Daglık / Yukari Yerlesim,40,4.824561403503482,118.0,0.0,1263.6098017454342,36.7391758,29.77952263,-1.2750310817278248,-6.068485212585139,-2.3026394248957267,-1.9779050690551911,-2.2701109303269944,0.551581296903946
elmali_iplik_pazari,İPLİK PAZARI,Elmalı,37.337437913858516,3.1456953642175782,A - En Iyi,0,Sehir Merkezi,95,68.74999999992461,603.0,179.2821542543655,1122.6897605619529,36.74326486,29.91568051,-0.1781018883427772,4.612479976795344,5.559884367177784,0.1573630633112564,-1.6314688256511385,-26.86280368582213
elmali_islamlar,İSLAMLAR,Elmalı,22.677812443434497,30.721649484456904,F - En Dusuk,5,Daglık / Yukari Yerlesim,40,40.241228070131314,510.0,0.1629635951007602,1439.7880622687098,36.64534128,29.74186186,-0.2813327347111,-4.713677167481041,-1.4240325564945728,-1.7654968500226418,9.092788128167973,0.3348407454915342
finike_alacadag,ALACADAĞ,Finike,4.138090070528646,5.9793814432835575,F - En Dusuk,5,Daglık / Yukari Yerlesim,40,6.578947368413838,183.0,0.0545472853507046,1211.6012847481309,36.39083558,30.05756236,-0.9593113767843476,-6.118324969149326,-5.769102135541885,-0.401223440488957,-3.0581019569733736,0.1770099336973763
finike_arif,ARİF,Finike,26.893809911323537,35.05154639166224,F - En Dusuk,5,Daglık / Yukari Yerlesim,40,50.54824561397966,998.0,0.1132270414481738,1466.7044488100596,36.51953322,30.04888532,0.1202722775896574,-5.717259199922303,-0.9466530002485792,-0.2831994627908848,0.3737504103381739,0.5559511829036279
finike_asaronu,ASARÖNÜ,Finike,5.4073521432335605,7.8350515463715595,F - En Dusuk,5,Daglık / Yukari Yerlesim,40,8.55263157893799,199.0,0.0,899.6571512539532,36.35381634,30.07632023,-0.9007776197836682,-6.895507059912944,-2.2925861861034864,-0.8160783255809617,-3.5352621620901195,0.2389698619301733
demre_beymelek,BEYMELEK,Demre,47.96723684160352,52.799999998944,D - Orta,3,Kucuk Kasaba,60,73.35526315781429,3726.0,1.805853290600584,601.6554582873115,36.29145011,30.04767154,0.8203602130797413,3.363225992469405,-1.0940319388226414,2.324471230428192,10.945741544626207,-3.0880662576042166
finike_boldag,BOLDAĞ,Finike,15.67044112682117,3.269230769188856,C - Ortanin Ustu,2,Sahil / Turistik,85,30.372807017510556,148.0,1.0584631538391516,594.7205419217191,36.28615129,30.10732554,-1.11008583392757,-4.609688920863323,-0.7340606039604258,0.4223736400729579,4.480929088747815,-0.0328137467680442
finike_dagbag,DAĞBAĞ,Finike,4.420148308907516,6.391752577303115,F - En Dusuk,5,Daglık / Yukari Yerlesim,40,7.017543859641428,185.0,0.0,1007.1255877417834,36.42149591,29.93650571,-0.9516888271686236,-6.357606295602521,-2.308850585597968,-2.0401634956528887,-8.201704410495775,0.3917827729277502
finike_ernez,ERNEZ,Finike,21.73514650022782,29.484536082398236,F - En Dusuk,5,Daglık / Yukari Yerlesim,40,38.48684210522096,736.0,0.0540571961894577,1184.8603454560812,36.46124241,29.88295616,-0.057919221406477,-5.795984795237695,-2.0435324400712,-0.9603297975453498,-2.4584471252558324,0.4969562492235202
finike_eski,ESKİ,Finike,40.35901315773595,20.79999999972267,B - Iyi,1,Sehir Siniri,78,72.25877192974534,1582.0,56.83363955174098,300.229575090925,36.29926043,30.13140389,0.3777958392097721,3.2597130324103154,1.7655025483867617,0.3425971230418112,-1.001915893998968,-3.5996709124700588
finike_gokbuk,GÖKBÜK,Finike,23.102753662460636,31.237113401981347,F - En Dusuk,5,Daglık / Yukari Yerlesim,40,41.1184210525865,402.0,1.1415076048992805,458.1981149718273,36.4490601,30.10722033,-0.4315510953606675,-5.835721641573999,0.4261231182963223,-1.6113666289527346,-2.369708754292702,0.2092131380408393
finike_gokceyaka,GÖKÇEYAKA,Finike,5.618895822017713,8.144329896886227,F - En Dusuk,5,Daglık / Yukari Yerlesim,40,8.881578947358683,176.0,0.0314922442475479,1078.936399004014,36.42593979,30.07316729,-0.9867406479588776,-6.657266408842664,-2.249458091638528,-1.265140427329695,-3.136844439489014,0.3238716346355533
finike_hasyurt,HASYURT,Finike,79.30160978457354,78.46153846053254,C - Ortanin Ustu,2,Sahil / Turistik,85,78.07017543851089,5773.0,12.150878651478015,11.113796137035626,36.33410116,30.2312042,1.029536833844546,5.231070831897023,0.1397868612969199,1.0503143963537709,9.728656945338098,-2.5202009756538035
finike_kale,KALE,Finike,66.24207152452567,69.74358974269559,C - Ortanin Ustu,2,Sahil / Turistik,85,74.56140350869018,1577.0,99.29894941711515,52.47664847346396,36.29138702,30.14749499,0.376074429686234,7.138752940740009,-0.3700766344098851,0.7298920135342447,6.467933465928367,11.200016709686636
finike_karsiyaka,KARŞIYAKA,Finike,57.896929824198956,56.66666666594016,C - Ortanin Ustu,2,Sahil / Turistik,85,69.29824561395911,1408.0,20.14044604374505,121.1440176078064,36.29026896,30.14104817,0.3140001958064422,2.994515729139675,-1.0197902575790114,-0.2273847823131667,-1.6684490042568727,2.8725300935934777
finike_kizilca,KIZILCA,Finike,53.9294028336845,50.12820512756246,C - Ortanin Ustu,2,Sahil / Turistik,85,67.10526315782116,910.0,26.192866809272275,102.91374285324504,36.29337546,30.13733356,0.0669411903216462,2.4683082163433454,4.327646970438785,-0.3805288301381748,-1.503313350486582,-9.64149710239808
finike_kum,KUM,Finike,53.94950331113654,25.165562913740626,A - En Iyi,0,Sehir Merkezi,95,81.5789473683316,8829.0,17.63866310073905,3.218346457642084,36.32193784,30.16457327,1.2222108896872337,6.606288454710813,-0.0656260166440452,2.5844416477162726,8.780473646582513,-6.468670776394092
finike_sahilkent,SAHİLKENT,Finike,39.71256486269755,44.957746478556636,E - Dusuk,4,Kirsal / Ovacik,48,73.79385964904189,3465.0,3.256003385290544,317.0785343619113,36.35990776,30.19777411,0.7845865202434477,0.5378838530152501,2.7473834167888693,0.9989153145616286,5.944385726452258,-2.913031744890528
finike_saklisu,SAKLISU,Finike,17.824054855383714,16.9014084505852,E - Dusuk,4,Kirsal / Ovacik,48,38.70614035083475,584.0,0.8942667307915529,215.81217371344067,36.34606006,30.1825107,-0.1976743573107652,-2.1089649326942843,-5.55871569975581,-0.8972105266139162,-0.6069409872967918,-0.3201871616181075
finike_turuncova,TURUNÇOVA,Finike,33.540649303608326,39.69072164938224,F - En Dusuk,5,Daglık / Yukari Yerlesim,40,71.27192982448327,7813.0,7.174880312652232,200.58158741854115,36.36060534,30.14451798,1.167776159855027,2.071532044196505,-2.7380384235946886,1.152235734889372,-0.868814448333206,-1.6657134883638274
finike_yalniz,YALNIZ,Finike,22.37163139803811,30.309278350437346,F - En Dusuk,5,Daglık / Yukari Yerlesim,40,39.69298245609683,719.0,0.0644976541696411,1372.381691585545,36.48630093,30.14207521,-0.0718629798191309,-5.751262559737406,-1.8474871863537656,-0.7979603781888821,-6.726873688971673,0.3321333313428287
finike_yazir,YAZIR,Finike,15.125361729034058,21.443298969016897,F - En Dusuk,5,Daglık / Yukari Yerlesim,40,24.89035087716569,341.0,0.0477973533697289,1428.5099698879703,36.47468729,29.97133752,-0.5379368360724308,-6.135008787779963,-1.9648869860036136,-1.6681396983148111,-2.774320492112045,0.0077290091553052
finike_yeni,YENİ,Finike,63.38296771506374,39.63576158914149,A - En Iyi,0,Sehir Merkezi,95,87.17105263148338,6554.0,259.39298838335725,3.492182986795004,36.30338567,30.14487119,1.0881175912831935,11.088550442158242,7.77077633171749,1.4637551279131944,7.790313459586576,-9.066596442381847
finike_yesilkoy,YEŞİLKÖY,Finike,10.252441671167215,14.742268041199118,F - En Dusuk,5,Daglık / Yukari Yerlesim,40,16.447368421034597,298.0,0.0286855692711461,1210.425025330435,36.46345181,30.02334757,-0.6266169824265299,-7.095359972508405,-2.099433894269418,-2.07454853038942,-3.2004960984679958,0.4536814250857806
finike_yesilyurt,YEŞİLYURT,Finike,40.83039473645027,40.799999999184,D - Orta,3,Kucuk Kasaba,60,68.09210526308324,3504.0,4.621723130900064,360.7428603055851,36.3338447,30.1140576,0.7901203539305109,-0.3751223864995258,-2.053158544749053,0.1485529800147102,-1.173060900155562,-0.964207698372208
finike_yuvali,YUVALI,Finike,36.93250555952029,42.253521126463006,E - Dusuk,4,Kirsal / Ovacik,48,67.87280701746944,2678.0,3.155161992918633,379.2362081496303,36.35364625,30.16684907,0.6551184134483986,-0.8370332306024277,-0.1522494008997876,-1.1095020346162334,-1.310484801579864,-0.9704315476395996
finike_camlibel,ÇAMLIBEL,Finike,3.8319090251322585,5.567010309264003,F - En Dusuk,5,Daglık / Yukari Yerlesim,40,6.030701754379352,166.0,0.0,1527.7608231607946,36.47813168,29.93279667,-1.0281097493733349,-6.646133639238442,-2.3176785800479456,-1.9788240226923728,-3.007022033689848,0.318347544517774
finike_iskele,İSKELE,Finike,35.747763157579925,32.399999999352,D - Orta,3,Kucuk Kasaba,60,64.14473684203493,3125.0,4.207601242023778,373.72361212025993,36.31516129,30.12464454,0.7331698884505518,1.592934094320699,-4.173509631954463,-0.0698365853542127,-0.8226938476407304,-1.7809834398102713
gazipasa_akoluk,AKOLUK,Gazipaşa,1.4808057514890662,2.1649484536026677,F - En Dusuk,5,Daglık / Yukari Yerlesim,40,2.3026315789448435,78.0,0.0319122255512701,1720.2928621447472,36.31445989,32.58684562,-1.5873603149858848,-7.832400190478955,-2.3765776150566817,-0.8587351059477687,-3.1369684325740423,0.7963240891299582
gazipasa_aydin,AYDIN,Gazipaşa,44.85978890720898,10.695364238339765,A - En Iyi,0,Sehir Merkezi,95,76.64473684202122,2470.0,37.494610149790965,29.184274595889026,36.27466654,32.32769478,0.6136545002132323,7.835613643418014,2.0084208958909,0.8074374951749753,0.5855987492285584,-3.098862550423453
gazipasa_aydincik,AYDINCIK,Gazipaşa,35.91879169740493,40.901408450416184,E - Dusuk,4,Kirsal / Ovacik,48,66.33771929817289,879.0,2.5878869949738528,85.8290030086468,36.30456429,32.32009215,0.0467641355303284,3.112803697667653,3.7993373437336846,-0.0182034565998518,1.6605959692796273,-2.200708086948639
gazipasa_bakilar,BAKILAR,Gazipaşa,24.968381578897088,4.159999999944533,B - Iyi,1,Sehir Siniri,78,53.837719298186585,1213.0,1.928631939398527,45.40953387278679,36.25590487,32.31385143,0.2310695989896244,3.6883246256757296,-7.281016515188378,-0.2295209604039919,-2.2596359965984307,-11.086668290777387
gazipasa_beyobasi,BEYOBASI,Gazipaşa,30.698109710772858,33.8028169011704,E - Dusuk,4,Kirsal / Ovacik,48,58.662280701690065,2353.0,0.95163369335222,87.96145923326132,36.29302542,32.32870446,0.5885736326304948,0.4391521320106982,-4.647541380709077,-0.4125860901344941,-0.0053823343196617,-3.6747136282801054
gazipasa_beyrebucak,BEYREBUCAK,Gazipaşa,37.64199406952511,42.929577464486414,E - Dusuk,4,Kirsal / Ovacik,48,69.407894736766,1590.0,1.3535500572514076,230.13030117835856,36.21632249,32.38812549,0.3805374583568696,1.627748072728894,0.6651870778415712,0.9653461234330728,4.527457577231667,-0.3070757013472409
gazipasa_cumhuriyet,CUMHURİYET,Gazipaşa,50.656698399454456,19.503311258148987,A - En Iyi,0,Sehir Merkezi,95,80.15350877184194,3196.0,27.40660140197817,43.42461448431539,36.2759595,32.29147335,0.7444088468814359,8.723887794251773,5.896018970795316,1.9946805926040687,6.806887479836301,-8.959178447971066
gazipasa_doganca,DOĞANCA,Gazipaşa,17.107184843517484,23.91752577313423,F - En Dusuk,5,Daglık / Yukari Yerlesim,40,28.837719298213994,296.0,0.2758639714756654,772.2212935095542,36.24354229,32.52365393,-0.6310842727031942,-6.970990941182161,-1.7890295647834638,0.3278486326521226,-4.262878481340852,0.301036408364188
gazipasa_ekmel,EKMEL,Gazipaşa,28.21434395837634,30.08450704204166,E - Dusuk,4,Kirsal / Ovacik,48,55.59210526309693,1091.0,2.878113464652057,91.2316096572603,36.24786113,32.33287949,0.1711919575968084,3.1614226808749843,-7.54310414882228,0.783369404009901,-0.7220957763032932,-3.744823065314113
gazipasa_esenpinar,ESENPINAR,Gazipaşa,0.9872038343260441,1.443298969068445,F - En Dusuk,5,Daglık / Yukari Yerlesim,40,1.5350877192965624,58.0,0.0,967.3386774979174,36.28394222,32.53664416,-1.8195281137263368,-7.507047693628785,-2.309898704911254,-1.112201078424122,-3.3812566781041427,0.6406429190803493
gazipasa_esentepe,ESENTEPE,Gazipaşa,30.812879414972564,1.8874172185305471,A - En Iyi,0,Sehir Merkezi,95,57.3464912280073,1046.0,4.167548797828874,75.63328657234041,36.28380224,32.32592127,0.1471868626800204,4.041927930137555,-3.910464064394671,0.2130438099547728,-1.2296044658474434,-6.107642810460829
gazipasa_gazi,GAZİ,Gazipaşa,49.6354856511159,17.61589403961844,A - En Iyi,0,Sehir Merkezi,95,79.82456140342124,4539.0,37.85010448305741,30.723200608914865,36.28562131,32.30890892,0.9160179859785328,9.356201844090265,1.203745552567696,1.8345022347464872,1.702546926526839,-9.14399997305481
gazipasa_gokcebelen,GÖKÇEBELEN,Gazipaşa,8.769782058220315,12.68041237110134,F - En Dusuk,5,Daglık / Yukari Yerlesim,40,13.925438596475958,187.0,0.2206202252267755,611.5796261241179,36.15325294,32.50774018,-0.944157591976745,-7.306718252014235,-2.0689485529876714,-1.4529493201936132,-2.6215987319469884,0.3871985541598188
gazipasa_gokcesaray,GÖKÇESARAY,Gazipaşa,4.631691987691668,6.701030927817781,F - En Dusuk,5,Daglık / Yukari Yerlesim,40,7.34649122806212,143.0,0.0438000330515049,1016.9737547748882,36.25950405,32.57824093,-1.1348406316082245,-7.626604247398027,-2.02321974386224,-0.558943482730066,-3.4832638456182208,0.4374393696934708
gazipasa_gocuk,GÖÇÜK,Gazipaşa,20.17826460477053,27.525773195805346,F - En Dusuk,5,Daglık / Yukari Yerlesim,40,35.41666666662783,556.0,0.2443514099076351,472.86261865733576,36.18669725,32.46300132,-0.2278558698673702,-4.7188498363465134,-3.309749328328833,0.0961760222362981,-7.969769021067567,0.2396150109851974
gazipasa_guneykoy,GÜNEYKÖY,Gazipaşa,26.96905114889281,28.732394365994843,E - Dusuk,4,Kirsal / Ovacik,48,53.1798245613452,514.0,1.2252081992464203,271.8896860666494,36.16514934,32.43594902,-0.276472247981009,-1.7331569530264557,-0.9347297454725096,0.1619407656596737,5.631660990783483,-0.3250599776963736
gazipasa_gurcam,GÜRÇAM,Gazipaşa,8.276180141057292,11.958762886567115,F - En Dusuk,5,Daglık / Yukari Yerlesim,40,13.157894736827677,154.0,0.1221878504404826,935.263724168922,36.20851307,32.50138869,-1.081581016625877,-7.0122138040509165,-2.231704970905148,0.4233202980901829,-4.486182653901276,0.6255538937921314
gazipasa_hasdere,HASDERE,Gazipaşa,22.5520756114788,22.647887323784172,E - Dusuk,4,Kirsal / Ovacik,48,46.82017543854515,652.0,0.385002904846917,130.2962172829505,36.26157248,32.37360415,-0.1306520311466916,1.4173801205560437,-2.7079535484049693,0.0580193193197583,-1.3627211751351496,-0.5232184836493767
gazipasa_ilica,ILICA,Gazipaşa,20.343416530977482,27.731958762815125,F - En Dusuk,5,Daglık / Yukari Yerlesim,40,35.745614035048526,428.0,0.3278235662308507,632.7518473453509,36.40192485,32.36404682,-0.3915771306930578,-6.6654137685595245,-1.7305850117495898,-0.3845627513298784,-8.460535765472832,0.5710780583767963
gazipasa_kahyalar,KAHYALAR,Gazipaşa,35.708784284507615,40.563380281404484,E - Dusuk,4,Kirsal / Ovacik,48,66.11842105255909,1435.0,2.394602565816649,157.43897039230387,36.31673479,32.27275524,0.3244608863996829,1.8153330891795565,-1.732738886694914,0.7878661346877049,5.809010304672249,-2.806616145149475
gazipasa_karalar,KARALAR,Gazipaşa,25.050037064396015,25.69014084488951,E - Dusuk,4,Kirsal / Ovacik,48,51.09649122801415,1502.0,0.2013066107530844,270.3130709297324,36.34462241,32.31409475,0.3494944581114149,-2.966935329790068,-3.163215100662648,0.2412061479885776,-5.792378326196667,0.0167711024948624
gazipasa_karatepe,KARATEPE,Gazipaşa,16.188641707328323,22.680412371075565,F - En Dusuk,5,Daglık / Yukari Yerlesim,40,27.19298245611053,437.0,0.1277546946337023,1012.7620106673432,36.42860892,32.40663575,-0.3783690573055004,-6.811026057280262,-2.690422560103012,0.071074875916901,-8.502660201356905,0.3065138127301752
gazipasa_karacukur,KARAÇUKUR,Gazipaşa,1.9038931090573707,2.7835051546320013,F - En Dusuk,5,Daglık / Yukari Yerlesim,40,2.9605263157862276,144.0,0.0,494.7067074423945,36.27764008,32.40543452,-1.1298133619376554,-6.877587618191963,-3.7073436227515657,-0.2162054917433555,-2.9065427412372014,0.3499851959249063
gazipasa_kirahmetler,KIRAHMETLER,Gazipaşa,15.948739807208264,14.535211267503275,E - Dusuk,4,Kirsal / Ovacik,48,35.63596491224163,248.0,1.268452012874788,259.00779241135086,36.19571153,32.42066502,-0.7497260911018748,0.1713547024454934,-2.352487657232458,-0.2121953541761053,-2.054410755564508,0.0899707670534921
gazipasa_kizilguney,KIZILGÜNEY,Gazipaşa,13.566567827975131,11.492957746397938,E - Dusuk,4,Kirsal / Ovacik,48,31.79824561400022,462.0,0.1726410691178015,363.52818308065866,36.36736267,32.29562352,-0.3432188897817412,-3.9924168557214617,-2.9057462049700598,-0.6291273119254508,-2.6126987727057323,-0.3043739567027759
gazipasa_koru,KORU,Gazipaşa,28.912513157822946,7.279999999902933,B - Iyi,1,Sehir Siniri,78,59.758771929759035,1237.0,3.765169219647501,82.05758142707431,36.24482285,32.30516427,0.2420538110055777,3.67736241440866,-5.778221513995706,1.688831222991976,6.241831016730805,-6.341424512859303
gazipasa_korubasi,KORUBAŞI,Gazipaşa,28.03328391390005,29.746478873029957,E - Dusuk,4,Kirsal / Ovacik,48,55.48245614029004,1536.0,0.426965747633569,124.40398738879703,36.27558626,32.35015852,0.3617240673908855,3.0982539458828438,-5.843889787107801,0.5816318244309507,-3.326640368961582,-1.1213588309453564
gazipasa_kucuklu,KÜÇÜKLÜ,Gazipaşa,15.565048183784828,14.197183098491571,E - Dusuk,4,Kirsal / Ovacik,48,34.75877192978645,603.0,0.1832525047257766,287.1824658829169,36.31062652,32.36051772,-0.1781018883427772,-4.581650664154681,-4.711238405475089,0.2286985249569366,-1.3612492354371724,-0.441093801639517
gazipasa_macar,MACAR,Gazipaşa,25.832171979143205,27.04225352093632,E - Dusuk,4,Kirsal / Ovacik,48,51.75438596485553,927.0,0.4877315993499513,139.6141360824423,36.22767523,32.34458933,0.0776819406705929,2.082317547334111,-3.5345955791473056,0.6450720912891784,4.985000825652748,-1.78650089986556
gazipasa_muzkent,MUZKENT,Gazipaşa,32.64607116369068,36.84507042227574,E - Dusuk,4,Kirsal / Ovacik,48,60.85526315782801,931.0,0.7199427748342975,217.32210572638067,36.17950453,32.39747005,0.0801771382426917,-1.540891443142595,-1.0413126274016826,0.2155853610314615,5.662564774827263,0.4588515717272177
gazipasa_pazarci,PAZARCI,Gazipaşa,63.04256346561755,39.00662251629797,A - En Iyi,0,Sehir Merkezi,95,87.06140350867648,10615.0,52.09224106813988,10.494507090727543,36.263669,32.30388319,1.30273833204711,9.634947597787765,4.450302336510548,2.029933083095879,6.89074151251984,-16.8310899565563
gazipasa_sariagac,SARIAĞAÇ,Gazipaşa,34.78047368410367,12.479999999833598,B - Iyi,1,Sehir Siniri,78,67.98245614027634,1193.0,7.741089016402827,22.643363928709903,36.30029619,32.29136334,0.2217285230429911,6.423960371698981,-0.7606764115093814,0.7766533769449424,7.426283925387149,-7.868867791766135
gazipasa_sugozu,SUGÖZÜ,Gazipaşa,17.342851329319153,24.2268041236489,F - En Dusuk,5,Daglık / Yukari Yerlesim,40,29.276315789441583,294.0,0.3168895013834801,1242.454002607027,36.42652575,32.46948823,-0.6355854073312804,-6.164456674662748,-2.0658252141645304,0.1487620789021784,-3.205538465509189,0.2787369536807282
gazipasa_yakacik,YAKACIK,Gazipaşa,11.082802075578611,7.774647887269193,E - Dusuk,4,Kirsal / Ovacik,48,28.728070175407094,337.0,0.6077518927564483,225.3076882058483,36.11445394,32.55504621,-0.5456440763712869,-3.268530722641473,-5.724670996505976,-0.8631140111426504,4.198489562538334,-0.1762834221961846
gazipasa_yeni,YENİ,Gazipaşa,48.32781456944433,15.728476821087892,A - En Iyi,0,Sehir Merkezi,95,78.94736842096607,2825.0,97.38869118542904,22.330052595214266,36.2665218,32.32488647,0.6823027812672853,7.12177838855679,4.171359516190013,1.4657154366994152,0.0475645931718221,-0.0621812799839666
gazipasa_yeniguney,YENİGÜNEY,Gazipaşa,5.5483812624229945,8.041237113381337,F - En Dusuk,5,Daglık / Yukari Yerlesim,40,8.771929824551785,179.0,0.0492201606959494,652.5019931318886,36.2786024,32.44814224,-0.97483896414034,-7.985098707742229,-2.193989338886076,-0.5908743984919932,-7.893237228235108,0.3570656669292488
gazipasa_yenikoy,YENİKÖY,Gazipaşa,24.19015644777242,32.474226804040015,F - En Dusuk,5,Daglık / Yukari Yerlesim,40,43.53070175433824,570.0,0.205932243055472,599.0559141408548,36.41929992,32.33749852,-0.2125577478887739,-5.705247858258441,-0.7767620304650296,0.1481275655769179,-6.782244152144785,-0.0013320767113691
gazipasa_yesilyurt,YEŞİLYURT,Gazipaşa,9.216992222806136,13.298969072130673,F - En Dusuk,5,Daglık / Yukari Yerlesim,40,14.69298245612424,252.0,0.0301874699238463,1064.153430877032,36.35638615,32.49112829,-0.7388960643282514,-7.485975382531408,-2.444068830085616,0.2271335104339307,-3.071733078009962,0.678934563994814
gazipasa_zeytinada,ZEYTİNADA,Gazipaşa,19.30830244618557,18.591549295643723,E - Dusuk,4,Kirsal / Ovacik,48,41.447368421007184,579.0,0.7379742722748309,388.1542193838226,36.12949857,32.4891434,-0.2029435837812183,-3.827188140209698,-2.905737632255749,-0.5104363087905442,5.155692758301847,0.090028274742123
gazipasa_cakmak,ÇAKMAK,Gazipaşa,4.190548554477495,1.014084507035112,E - Dusuk,4,Kirsal / Ovacik,48,14.144736842089753,218.0,0.0832948684572037,398.67894047736297,36.31402517,32.40222887,-0.8377346571383434,-6.588518333883698,-3.037566736770564,0.269428028828916,-1.208028047002694,0.4248991298376497
gazipasa_calipinar,ÇALIPINAR,Gazipaşa,21.24888806515323,21.295774647737353,E - Dusuk,4,Kirsal / Ovacik,48,44.18859649117962,493.0,0.4979182039891215,127.77843799759212,36.31911301,32.31788992,-0.3024764568345615,-0.278527127796757,-2.0470744444010505,-1.1777288842382565,-1.271875670204602,-0.936938641384248
gazipasa_camlica,ÇAMLICA,Gazipaşa,5.195808464449407,7.5257731958568925,F - En Dusuk,5,Daglık / Yukari Yerlesim,40,8.223684210517298,132.0,0.0830843463619756,1672.2403822748615,36.40467013,32.52332213,-1.1928685603904934,-7.752065494734468,-2.2396713954151624,0.4769187035722888,-4.910122012165116,0.7496802087376546
gazipasa_ciglik,ÇIĞLIK,Gazipaşa,9.82935431359891,14.123711340169784,F - En Dusuk,5,Daglık / Yukari Yerlesim,40,15.789473684193215,342.0,0.0274327928807952,1773.263896355797,36.35309726,32.57974954,-0.5360258067216134,-7.506795647014071,-4.2467551479570425,0.3808363733147027,-4.211540330646759,0.9786539305025465
gazipasa_cobanlar,ÇOBANLAR,Gazipaşa,33.03713862106427,37.521126760299154,E - Dusuk,4,Kirsal / Ovacik,48,61.184210526248705,1314.0,1.0625155459305815,193.5859904350673,36.24619506,32.37910803,0.2757468880631472,2.8776556852781567,-2.318254447318017,0.3003416685357812,-1.776518776613771,-1.167016359225097
gazipasa_corus,ÇÖRÜŞ,Gazipaşa,7.994121902678422,11.54639175254756,F - En Dusuk,5,Daglık / Yukari Yerlesim,40,12.719298245600088,249.0,0.0410506351785306,579.5041471467956,36.3266713,32.44840969,-0.7470003982893596,-6.906628993111088,-3.2824471050106685,0.3628699909686302,-7.028588830564948,0.2022633723257521
gazipasa_cile,ÇİLE,Gazipaşa,6.676614215938473,9.69072164945956,F - En Dusuk,5,Daglık / Yukari Yerlesim,40,10.526315789462142,149.0,0.0738135341691338,547.8343465709577,36.23941742,32.45696383,-1.105246626249324,-7.338771999207101,-2.1673117705001186,0.6207134601284537,-8.061005151193893,0.4608620280605484
gazipasa_cimenbag,ÇİMENBAĞ,Gazipaşa,5.336837583638843,7.731958762866671,F - En Dusuk,5,Daglık / Yukari Yerlesim,40,8.442982456131093,131.0,0.2965797386509685,664.8510969768436,36.26868741,32.48168873,-1.198408849660996,-7.441192437491551,-1.9668604763830533,-2.405693491699458,-8.204606882727546,0.1709159788197823
gazipasa_oznurtepe,ÖZNURTEPE,Gazipaşa,3.690879905942824,5.360824742254224,F - En Dusuk,5,Daglık / Yukari Yerlesim,40,5.811403508765558,122.0,0.0491113473585191,577.5152510358524,36.35699009,32.40796481,-1.2504935865983715,-7.505914800047667,-2.1943269668799745,-0.4315425153590908,-6.496750765588902,0.4454620820958612
gazipasa_uckonak,ÜÇKONAK,Gazipaşa,6.3945559775596035,9.278350515440005,F - En Dusuk,5,Daglık / Yukari Yerlesim,40,10.087719298234553,108.0,0.2528203053133853,806.8351893079786,36.26914852,32.51007769,-1.3406548319354838,-7.285387545331384,-2.057410899012849,-0.8267327973400956,-3.048778231415069,0.468210508051295
gazipasa_inal,İNAL,Gazipaşa,9.287506782400854,13.402061855635562,F - En Dusuk,5,Daglık / Yukari Yerlesim,40,14.80263157893114,231.0,0.0244031132711011,715.855675767808,36.1593258,32.55014636,-0.7980345148471,-6.650753680252434,-2.434138512719612,0.580365677327704,-3.041267491537657,0.3560277215522657
gazipasa_incegiz,İNCEĞİZ,Gazipaşa,14.466607885664082,20.5154639174729,F - En Dusuk,5,Daglık / Yukari Yerlesim,40,23.793859649096717,247.0,0.1059024631959817,427.1377787245364,36.35104445,32.35565079,-0.7524640803878512,-5.340400107265356,-2.168623882428128,-0.9474793306747654,-3.675467942725911,0.5378353523022782
gazipasa_istiklal,İSTİKLAL,Gazipaşa,54.630311810028914,26.42384105942766,A - En Iyi,0,Sehir Merkezi,95,81.7982456139454,4210.0,162.01337816852492,25.76039201111089,36.27475673,32.31898064,0.8798184152179364,9.649929036985773,2.821254430941997,1.0698599481048323,1.0874010841587884,-3.933510439048668
gundogmus_akyar,AKYAR,Gündoğmuş,14.984332609844625,21.23711340200712,F - En Dusuk,5,Daglık / Yukari Yerlesim,40,24.671052631551895,289.0,0.0972800119537678,1567.9953240735613,36.78889211,32.23138672,-0.6469895443857524,-6.75936082195818,-1.540372521069455,-1.5298972646008515,-6.4768090709503685,0.5589803457918335
alanya_bayir,BAYIR,Alanya,9.899868873193629,14.226804123674675,F - En Dusuk,5,Daglık / Yukari Yerlesim,40,15.89912280700011,282.0,0.0876380664705521,746.5452973085758,36.75179451,31.95541957,-0.6633310496511164,-8.14514568681971,-2.177955193282377,-1.4953322322952718,-5.522401259792216,0.3842463105603533
alanya_bayirkozagaci,BAYIRKOZAĞACI,Alanya,1.5513203110837839,2.268041237107557,F - En Dusuk,5,Daglık / Yukari Yerlesim,40,2.412280701751741,132.0,0.0308344422940504,1163.2168740106442,36.71824777,31.9984519,-1.1928685603904934,-7.562101849598857,-2.3776471365935112,-2.847244685956249,-3.1350082696983987,0.5390434165206994
gundogmus_bedan,BEDAN,Gündoğmuş,12.935702658682146,18.45360824737512,F - En Dusuk,5,Daglık / Yukari Yerlesim,40,21.052631578924284,330.0,0.0527642059446053,1975.289580881408,36.83353359,32.27934725,-0.5593809575849893,-6.720369806393672,-2.5327435145025765,-0.3693566604882243,-6.482517703068787,0.6686960077774051
alanya_burcaklar,BURÇAKLAR,Alanya,19.2560137456657,26.494845360756457,F - En Dusuk,5,Daglık / Yukari Yerlesim,40,33.333333333296785,324.0,0.3437163158010515,401.88596954450713,36.67112841,31.8988377,-0.5714171348503321,-4.552778809412645,-1.3561875945540418,-1.8595128613663356,-2.72158137202242,-0.1725089432629315
gundogmus_eskibag,ESKİBAĞ,Gündoğmuş,8.205665581462576,11.855670103062227,F - En Dusuk,5,Daglık / Yukari Yerlesim,40,13.048245614020782,201.0,0.1011181084280376,1024.777500867603,36.7390894,32.13637914,-0.8938317943906501,-6.944666275369893,-2.163299522041534,-1.6789941361865748,-3.3100853174914766,0.5861758587568275
gundogmus_fatih,FATİH,Gündoğmuş,26.658143425521867,34.742268041147575,F - En Dusuk,5,Daglık / Yukari Yerlesim,40,50.109649122752074,673.0,0.741403129518215,938.7711510571648,36.7965913,32.00108211,-0.1115244024411245,-4.223676066789917,-1.6839001560248634,-0.3409713005477934,-1.447294601108572,0.2878424457877637
alanya_gozubuyuk,GÖZÜBÜYÜK,Alanya,19.18549918607098,26.39175257725157,F - En Dusuk,5,Daglık / Yukari Yerlesim,40,33.223684210489886,366.0,0.1697353113607578,522.6678534782178,36.68397993,31.86916446,-0.4919473128990005,-3.150612343627581,-2.22146883915411,-1.4122542698108682,-2.3348087829237945,0.9941118506777497
alanya_gumusgoze,GÜMÜŞGÖZE,Alanya,13.217760897061016,18.865979381394673,F - En Dusuk,5,Daglık / Yukari Yerlesim,40,21.491228070151873,204.0,0.2349651112054626,442.09826445792993,36.68557935,31.94033339,-0.883556283548714,-5.982499771903823,-2.0605528346103066,-1.3720098572727384,-2.865234988242699,0.5121920407568225
alanya_guney,GÜNEY,Alanya,15.383988139308542,13.859154929479866,E - Dusuk,4,Kirsal / Ovacik,48,34.649122806979555,420.0,0.604906609224735,374.4191212989411,36.67559994,31.87836035,-0.4035810376150293,-3.3039375816736567,-2.631797732575832,-2.1800256194699337,-2.421905942700147,0.466208179800216
gundogmus_guneycik,GÜNEYCİK,Gündoğmuş,6.817643335127909,9.896907216469339,F - En Dusuk,5,Daglık / Yukari Yerlesim,40,10.745614035075937,151.0,0.1110328000884413,436.3896235067118,36.77255711,31.79019113,-1.0956757783032018,-6.805011059387357,-2.1402887165659807,-0.7258841032604418,-6.075803969978788,0.3251837728336341
gundogmus_guneyyaka,GÜNEYYAKA,Gündoğmuş,3.3383071079692366,4.84536082472978,F - En Dusuk,5,Daglık / Yukari Yerlesim,40,5.263157894731071,96.0,0.0756236331264636,1309.630017071757,36.87596655,31.94175387,-1.4289396869948847,-7.879360071423388,-1.8513904395418816,-2.1981435640160694,-7.645024500518972,0.6720758347495557
alanya_guzelbag,GÜZELBAĞ,Alanya,17.465921052571595,4.799999999904,D - Orta,3,Kucuk Kasaba,60,46.381578947317564,747.0,0.1254564366533023,717.8420398761308,36.74072419,31.88321864,-0.0490875238725036,-5.397216725609444,-1.2966175926214127,0.0601596460308427,-6.119509629926093,0.1883951017784162
gundogmus_kalecik,KALECİK,Gündoğmuş,8.487723819841445,12.268041237081784,F - En Dusuk,5,Daglık / Yukari Yerlesim,40,13.48684210524837,80.0,0.2681044213100118,535.7840633086211,36.78790167,31.85443203,-1.5678537632177254,-7.278295624613434,0.9821607090520597,-2.853972398951855,-2.848701230401184,0.4443194439380767
gundogmus_karabul,KARABUL,Gündoğmuş,3.126763429185085,4.536082474215114,F - En Dusuk,5,Daglık / Yukari Yerlesim,40,4.9342105263103795,139.0,0.1269075956607247,759.9296597952566,36.80033526,31.88104611,-1.155348440465683,-8.052757692165633,-2.3767706873392,-2.541314428550836,-3.119772529057784,0.4858619873764428
gundogmus_karadere,KARADERE,Gündoğmuş,8.558238379436162,12.371134020586673,F - En Dusuk,5,Daglık / Yukari Yerlesim,40,13.596491228055266,176.0,0.0409709970613757,1160.8517572351875,36.8487397,31.94913983,-0.9867406479588776,-8.07508109025938,-1.3572695127548862,-0.5222555658903685,-3.163841833022526,0.6343240966649373
alanya_karakocali,KARAKOCALI,Alanya,18.218710435846788,25.154639175192905,F - En Dusuk,5,Daglık / Yukari Yerlesim,40,31.35964912277263,559.0,0.2438381192863394,1994.1106915831847,36.68025346,32.30275173,-0.2245416900700451,-5.297345830091798,-3.2003086341104474,-0.7024666613535979,-2.463935788159364,-2.397948868611504
gundogmus_karakoy,KARAKÖY,Gündoğmuş,9.42853590159029,13.608247422645341,F - En Dusuk,5,Daglık / Yukari Yerlesim,40,15.021929824544934,117.0,0.4170845332333999,1046.2251448383204,36.74619173,32.25898149,-1.2813100529596673,-6.70475323870177,-0.5039429946709716,-2.904433670274105,-2.7480043335001194,0.3781798196277317
alanya_karamanlar,KARAMANLAR,Alanya,21.215567914589442,28.865979381368906,F - En Dusuk,5,Daglık / Yukari Yerlesim,40,37.39035087715198,444.0,0.1383713863101715,528.2779985128699,36.7176041,31.8142936,-0.3683046913327242,-6.176992415927879,-0.4066749419506418,-0.5525263780479465,-6.389763529025244,0.1441331838413257
gundogmus_karaisa,KARAİSA,Gündoğmuş,7.500519985515401,10.824742268013338,F - En Dusuk,5,Daglık / Yukari Yerlesim,40,11.951754385951807,93.0,0.3816198158379092,727.9925419082247,36.79458441,31.9117769,-1.4529326421963753,-7.727521476472238,-0.7248583371516377,-2.916250796177087,-2.830039788321321,0.4347201659782382
gundogmus_kayabuku,KAYABÜKÜ,Gündoğmuş,16.56533731231943,23.19587628860001,F - En Dusuk,5,Daglık / Yukari Yerlesim,40,27.850877192951916,237.0,0.4204348578756751,1718.945259310247,36.79936672,32.18944038,-0.7805441445046519,-6.716522822815885,-0.1416618731125025,-1.7497900959484585,-4.998157116033331,0.9017437191358988
gundogmus_kozagaci,KOZAĞACI,Gündoğmuş,2.538524145409828,3.711340206176002,F - En Dusuk,5,Daglık / Yukari Yerlesim,40,3.9473684210483038,70.0,0.0762598741285021,1847.8792025686848,36.89746052,32.01883477,-1.671329100120435,-7.442332084021285,-2.2212290182259067,-1.2692980239838505,-4.9289471433936685,0.8625476524250426
gundogmus_koprulu,KÖPRÜLÜ,Gündoğmuş,18.50262253568349,25.463917525707565,F - En Dusuk,5,Daglık / Yukari Yerlesim,40,32.017543859614015,383.0,0.3094348671373322,1286.1474598174102,36.71648837,32.22873801,-0.462636401061606,-6.326680588599331,-1.773787321239748,-0.610502087865595,-4.733132703179221,-0.1615065059849891
gundogmus_naragaci,NARAĞACI,Gündoğmuş,6.606099656343757,9.587628865954672,F - En Dusuk,5,Daglık / Yukari Yerlesim,40,10.416666666655244,188.0,0.1095176575866915,1174.7309069897617,36.80448538,32.09549404,-0.9404255746300848,-7.635042077026298,-2.2870132314610903,-1.2984935452360442,-6.237610525544106,0.6192812476775886
alanya_orhan,ORHAN,Alanya,11.618194971942199,16.59793814428712,F - En Dusuk,5,Daglık / Yukari Yerlesim,40,18.859649122786337,203.0,0.1626005684515873,604.2927277730837,36.69543829,31.84584526,-0.8869626220534642,-5.990086028759788,-2.1108325948742324,-1.4501456369498236,-2.362178178696008,0.5300550367705903
gundogmus_ortakonus,ORTAKONUŞ,Gündoğmuş,11.265622173968612,16.082474226762674,F - En Dusuk,5,Daglık / Yukari Yerlesim,40,18.31140350875185,195.0,0.1906636582483577,745.9579549486701,36.74766858,32.04818862,-0.9149058209575186,-7.210417892370304,-1.7099659933932134,-0.9807149854588476,-4.186215423036309,0.5581494170925152
gundogmus_ortakoy,ORTAKÖY,Gündoğmuş,18.289224995441504,25.25773195869779,F - En Dusuk,5,Daglık / Yukari Yerlesim,40,31.46929824557953,389.0,0.1192379674934537,1797.228838298384,36.84096138,32.16047062,-0.4526370837719494,-6.815750508180833,-1.3536351352186142,-0.7537531304846554,6.191944641691322,0.8835723673706926
gundogmus_pembelik,PEMBELİK,Gündoğmuş,4.913750226070539,7.113402061837338,F - En Dusuk,5,Daglık / Yukari Yerlesim,40,7.78508771928971,109.0,0.0403596340440229,2075.999959754044,36.93883614,32.10163657,-1.333794631850965,-6.429456597885544,-2.4315498202161505,0.0805809333558466,7.0929487034030805,0.989756820648156
akseki_pinarbasi,PINARBAŞI,Akseki,2.397495026220393,3.505154639166224,F - En Dusuk,5,Daglık / Yukari Yerlesim,40,3.7280701754345085,146.0,0.1000841006697928,1427.7062230523352,36.89542972,31.91942449,-1.1198743904174755,-7.103933317128459,-3.253924305837094,-2.780117940727055,-7.598961142860249,0.6799905000373647
gundogmus_rasih_kaplan,RASİH KAPLAN,Gündoğmuş,33.26210526288665,27.599999999448002,D - Orta,3,Kucuk Kasaba,60,63.15789473677286,704.0,7.408683666436939,988.1152756518842,36.81991246,31.99728789,-0.0844762435476151,-1.799532207904601,3.001039522132228,-0.4730668315907197,-2.8225820398571666,0.3700946094761916
alanya_saburlar,SABURLAR,Alanya,13.1472463374663,18.76288659788979,F - En Dusuk,5,Daglık / Yukari Yerlesim,40,21.381578947344977,328.0,0.0373317950642737,406.8636817229713,36.72690396,31.77450451,-0.5633656565714072,-6.380961271499011,-2.110457756560295,-1.6461129929409697,-4.510514708372553,0.2251764695899115
gundogmus_senir,SENİR,Gündoğmuş,14.230941399862413,20.20618556695823,F - En Dusuk,5,Daglık / Yukari Yerlesim,40,23.35526315786913,289.0,0.0866851782864897,758.9378365597288,36.79645545,31.95428186,-0.6469895443857524,-6.264226768764942,-2.1631229122048365,-0.8382891262366153,-5.988946180717743,0.5356494912680985
gundogmus_serinyaka,SERİNYAKA,Gündoğmuş,4.84323566647582,7.010309278332448,F - En Dusuk,5,Daglık / Yukari Yerlesim,40,7.675438596482811,156.0,0.1789013204766098,602.9167607616279,36.80329672,31.81188271,-1.072353317506269,-6.653358229902898,-3.3986518008477278,-1.2005864310063012,-2.5530846897106687,0.3900858971068713
alanya_suleymanlar,SÜLEYMANLAR,Alanya,16.77688099110358,23.505154639114675,F - En Dusuk,5,Daglık / Yukari Yerlesim,40,28.179824561372612,492.0,0.2374975829673067,981.2539797049824,36.69255995,32.01698524,-0.3037455117760837,-5.738014926504871,-3.3517423688940005,-1.855067359031264,-3.225709511007172,0.1932746388887192
gundogmus_umutlu,UMUTLU,Gündoğmuş,15.431542774430444,21.855670103036452,F - En Dusuk,5,Daglık / Yukari Yerlesim,40,25.438596491200176,406.0,0.1025016764149177,768.933830051421,36.77615591,32.01703053,-0.4252161328885522,-6.349143976719536,-2.418136237014953,-2.0836592026041587,-7.096510416136371,0.6086841715581435
alanya_yenice,YENİCE,Alanya,19.682808826149675,26.907216494776016,F - En Dusuk,5,Daglık / Yukari Yerlesim,40,34.429824561365756,401.0,0.3753770192937531,484.1390967177616,36.68615184,31.91115541,-0.4331458507506543,-4.686908770118923,-1.874566230663404,-2.7791128519913912,-2.5164195387108954,0.0492049669257657
gundogmus_yenikoy,YENİKÖY,Gündoğmuş,4.067575510933928,5.876288659778669,F - En Dusuk,5,Daglık / Yukari Yerlesim,40,6.469298245606941,74.0,0.3072682774693999,987.1724623722006,36.73535946,32.23601227,-1.6280893363082818,-7.156419241070586,-2.0397531521925742,-2.867288004828661,-3.1449604294913382,0.2849668674305831
gundogmus_camlialan,ÇAMLIALAN,Gündoğmuş,10.181927111572499,14.63917525769423,F - En Dusuk,5,Daglık / Yukari Yerlesim,40,16.3377192982277,174.0,0.2107079460389592,1149.6839725919087,36.73474085,32.27936964,-0.9948014081096248,-6.221965294178445,-1.96423359224828,-1.6427814919051085,-2.801777177530014,0.2607258939020438
gundogmus_cayirozu,ÇAYIRÖZÜ,Gündoğmuş,7.288976306731248,10.515463917498671,F - En Dusuk,5,Daglık / Yukari Yerlesim,40,11.622807017531116,164.0,0.1658392944267715,1087.3520047868062,36.80440257,32.0602866,-1.0367167103162378,-8.104325235378324,-1.933118963252022,-1.9458297856596145,-3.309736156493267,0.607000914422706
gundogmus_cicekoluk,ÇİÇEKOLUK,Gündoğmuş,6.324041417964887,9.175257731935115,F - En Dusuk,5,Daglık / Yukari Yerlesim,40,9.978070175427655,158.0,0.1404132436648118,793.6399278884928,36.82590961,31.84978949,-1.063256436756978,-7.534108726187923,-1.9679242027382435,-2.402024076890132,-4.681431785088611,0.550105662301406
gundogmus_ozugur,ÖZÜGÜR,Gündoğmuş,21.106710526200775,10.799999999784001,D - Orta,3,Kucuk Kasaba,60,49.23245614029689,373.0,1.0524532158234237,1011.3746135863342,36.80925032,31.99509423,-0.4796974692647738,-3.017170762703719,1.8461520166879843,-0.4188471961097165,-3.048934442810472,0.5918297989439152
kas_ahatli,AHATLI,Kaş,12.041282329510505,17.216494845316454,F - En Dusuk,5,Daglık / Yukari Yerlesim,40,19.51754385962772,264.0,0.1193262600703905,522.3986505683266,36.24333088,29.73098147,-0.7075227563162965,-5.297103299937846,-2.5813989300309346,-0.8272595271294941,-7.425290886523839,-0.5160442066588941
kas_aklar,AKLAR,Kaş,23.813460842781318,31.958762886515572,F - En Dusuk,5,Daglık / Yukari Yerlesim,40,42.872807017496854,385.0,0.2715995733417611,932.8757425495638,36.42350299,29.41538123,-0.4592839538144395,-5.378593583199112,2.8413610080597023,-1.062579352493295,1.8368132683666347,0.32784373965721
kas_akoru,AKÖRÜ,Kaş,14.396093326069366,20.41237113396801,F - En Dusuk,5,Daglık / Yukari Yerlesim,40,23.68421052628982,418.0,0.1365066245709358,1059.7210689456494,36.35769201,29.65104211,-0.4066219843132818,-6.703005329871475,-3.1291511543248243,-2.1974552091844584,-2.722727547752927,0.5398291435453944
kas_andifli,ANDİFLİ,Kaş,87.47123612790381,81.7307692297214,C - Ortanin Ustu,2,Sahil / Turistik,85,83.77192982446955,8981.0,37.6843547336642,194.5266214826388,36.20023421,29.63911795,1.229747629687035,6.795753824501568,1.751303194702183,2.543195388840138,10.93869398242629,-3.6025977507083904
kas_agullu,AĞULLU,Kaş,32.45883071073572,39.484536082372465,F - En Dusuk,5,Daglık / Yukari Yerlesim,40,66.77631578940047,1244.0,10.634416571365934,508.4617877004787,36.21549437,29.68825266,0.2452126339672692,-0.4782742270537472,2.0924947842185064,-0.4790336095153161,-1.885418683043816,-4.69396276810013
kas_bayindir,BAYINDIR,Kaş,50.07120867041888,45.76923076864398,C - Ortanin Ustu,2,Sahil / Turistik,85,63.04824561396596,940.0,1.3909171611466336,179.77543445710594,36.17350993,29.66674014,0.0857477185289967,-2.503125189195021,1.219166947120086,0.2347351105819399,6.071618463405788,-1.0943169157190014
kas_beldibi,BELDİBİ,Kaş,8.934933984427266,12.886597938111118,F - En Dusuk,5,Daglık / Yukari Yerlesim,40,14.25438596489665,263.0,0.1597855167052162,1130.5149734985189,36.39865756,29.65097344,-0.7100758051126743,-6.071722872980779,-4.885365773102343,-1.7032522234423808,-3.1641276265272738,0.5193589111965422
kas_belenli,BELENLİ,Kaş,32.98445934531644,23.97435897405161,C - Ortanin Ustu,2,Sahil / Turistik,85,47.47807017538654,841.0,0.512070151855135,450.533045369731,36.18206417,29.70517796,0.020915638318367,-4.262987172426342,-2.4374709052689028,-0.1504317820941473,4.9448585419223,-0.1799471861687916
kas_belkonak,BELKONAK,Kaş,1.3397766322996314,1.9587628865928899,F - En Dusuk,5,Daglık / Yukari Yerlesim,40,2.083333333331049,70.0,0.0,420.8787441300407,36.31556267,29.79899185,-1.671329100120435,-6.362170855138396,-2.404166814607632,-1.8647306065716036,-2.6459231045980287,0.5153585735294026
kas_bezirgan,BEZİRGAN,Kaş,44.21789473639552,46.799999999064006,D - Orta,3,Kucuk Kasaba,60,70.17543859641428,2371.0,1.9680410718666228,593.2587130710305,36.26528965,29.44463725,0.5925220370437692,-0.7158165386184896,-0.1735859850952102,1.3609609220941046,4.098219414214629,-2.439174848326493
kas_sahil_barak,SAHİL BARAK,Kaş,12.219681245328218,9.464788732327714,E - Dusuk,4,Kirsal / Ovacik,48,30.153508771896764,205.0,0.3495151060428831,278.53997036038555,36.17775309,29.7481324,-0.8801685176725114,-4.688108149405998,-1.4417621951008344,-0.2823461985952666,4.895560339847909,0.3906981618049564
kas_cemre,CEMRE,Kaş,17.55439500810331,24.536082474163567,F - En Dusuk,5,Daglık / Yukari Yerlesim,40,29.60526315786228,276.0,0.1817626615870061,1904.8838639390108,36.542961,29.6248464,-0.6777028038260704,-5.7544558900016645,-1.0896242456073777,-2.41353866585748,6.508385390345453,1.160545621486674
kas_dere,DERE,Kaş,9.970383432788346,14.329896907179563,F - En Dusuk,5,Daglık / Yukari Yerlesim,40,16.008771929807008,186.0,0.101627045612691,698.3251018109182,36.26412133,29.651678,-0.9479119248744172,-6.582274027551821,-2.067691655965097,0.079319189159159,-3.0131826152140087,0.2239674275376942
kas_dogantas,DOĞANTAŞ,Kaş,19.96672092598638,27.216494845290683,F - En Dusuk,5,Daglık / Yukari Yerlesim,40,35.08771929820714,599.0,0.0518001564468324,1277.1379784706496,36.46409608,29.82446376,-0.1821645222254174,-5.861520749847417,-1.833022397100518,-2.073284130231573,-2.8982304920920576,0.6226146201353884
kas_dirgenler,DİRGENLER,Kaş,27.866160245921236,35.979381443206236,F - En Dusuk,5,Daglık / Yukari Yerlesim,40,53.0701754385383,1088.0,0.2215485914217493,207.76228387259675,36.35905209,29.80191047,0.1696263914875658,-1.2380681813373955,-1.8872872102176768,-1.2067323386503557,-1.2922242555000023,-0.6289195901031157
kas_gelemis,GELEMİŞ,Kaş,41.16219635605769,32.69230769188856,C - Ortanin Ustu,2,Sahil / Turistik,85,56.57894736835901,887.0,3.599665537076622,114.05224130644169,36.26460328,29.32894376,0.052046512416523,-1.2050535741790571,-2.689535835546293,1.4939323289936512,8.8583464163554,-3.3947697812975366
kas_gokceyazi,GÖKÇEYAZI,Kaş,7.123824380524296,10.309278350488892,F - En Dusuk,5,Daglık / Yukari Yerlesim,40,11.293859649110424,154.0,0.0507554903990406,581.8632272324937,36.2848721,29.81814436,-1.081581016625877,-5.941389007927329,-2.1644221474583483,-1.1734380382913767,-1.959623180628406,0.2522892184891599
kas_gokceoren,GÖKÇEÖREN,Kaş,56.19850708467116,54.48717948648093,C - Ortanin Ustu,2,Sahil / Turistik,85,67.76315789466254,1683.0,1.0139058924204305,720.0270723865614,36.23841542,29.56665441,0.4113189850174185,-2.643428636924688,2.0986534466984663,0.6974984716138225,3.5266902534879154,-0.5371980387146854
kas_gursu,GÜRSU,Kaş,8.840296617815032,12.78350515460623,F - En Dusuk,5,Daglık / Yukari Yerlesim,40,14.035087719282856,202.0,0.0960520955829771,1046.2615740403137,36.42627709,29.74782791,-0.8903877268010825,-6.72195243808989,-1.91813677174626,-2.9816905545640457,-3.124061129803956,0.6180734258781967
kas_hacioglan,HACIOĞLAN,Kaş,11.477165852752764,16.39175257727734,F - En Dusuk,5,Daglık / Yukari Yerlesim,40,18.640350877172544,305.0,0.0254341080850909,1050.603825311074,36.29912668,29.57130036,-0.6112411733750959,-6.30807804366603,-2.2911859530348586,-1.10146330774544,-2.8027403110835896,0.0497261762569371
kas_kalkan,KALKAN,Kaş,52.41601131335199,22.649006622366564,A - En Iyi,0,Sehir Merkezi,95,80.81140350868333,3797.0,76.63520663320807,121.93587735063797,36.26590861,29.408844,0.8296073400116382,9.29719076054232,1.7079489113985176,2.296814384685697,6.63669310087069,-18.527737035286197
kas_karadag,KARADAĞ,Kaş,28.125949538740425,36.28865979372091,F - En Dusuk,5,Daglık / Yukari Yerlesim,40,53.618421052572785,1233.0,0.1598825592254163,428.9728589821551,36.36489376,29.85991978,0.2402397683983228,-3.7123545635839927,-1.1208677760279853,-1.2089916606430156,-1.714003773005613,0.1254224067921568
kas_kasaba,KASABA,Kaş,32.139214232632995,36.16901408425233,E - Dusuk,4,Kirsal / Ovacik,48,60.087719298179735,1691.0,1.306777427905849,247.2328455706925,36.32495846,29.7442838,0.4138774230926946,-1.0898365258474825,-2.648488456461628,-0.0955691865441733,-3.688121512332559,-0.2863976035596608
kas_kemer,KEMER,Kaş,23.742946283186598,31.85567010301068,F - En Dusuk,5,Daglık / Yukari Yerlesim,40,42.763157894689954,599.0,0.1893307133069577,1140.961634890877,36.42796612,29.67463361,-0.1821645222254174,-5.392464029402511,-1.6256299294372074,-0.7568893487404459,-4.220549837476511,1.0355567816750302
kas_kinik,KINIK,Kaş,61.37407219933509,62.11538461458826,C - Ortanin Ustu,2,Sahil / Turistik,85,71.49122807009705,5907.0,4.60793729324913,40.71887333224877,36.35328963,29.3314332,1.0401973473333648,6.7777312465262645,-3.2630431961386464,1.5237143422009294,3.6199716237155286,-0.3543938534015687
kas_kizilagac,KIZILAĞAÇ,Kaş,5.900954060396582,8.556701030905781,F - En Dusuk,5,Daglık / Yukari Yerlesim,40,9.320175438586272,220.0,0.0,413.3118278450525,36.32610741,29.69426267,-0.831457565983393,-6.095746804385663,-2.408124705920828,-3.3550668227590674,-2.310618956358978,-0.0213396602078179
kas_ova,OVA,Kaş,76.51131633968696,77.37179487080292,C - Ortanin Ustu,2,Sahil / Turistik,85,77.5219298244764,5490.0,3.719662969688581,4.711141381317377,36.30176208,29.31407923,1.0060816684491054,5.912207246755627,1.150420668464346,0.3144243849535637,8.516657789630024,0.0496028931639114
kas_palamut,PALAMUT,Kaş,30.30526737503198,19.615384615133134,C - Ortanin Ustu,2,Sahil / Turistik,85,45.94298245608998,1228.0,0.4206572379278638,175.2763164925275,36.41560805,29.34928068,0.2379629250881557,-3.819270679700441,-4.228851371758612,-1.2684862681341802,1.777970401099474,-0.1221460272002871
kas_pinarbasi,PINARBAŞI,Kaş,19.06673901244123,26.288659793746678,F - En Dusuk,5,Daglık / Yukari Yerlesim,40,32.89473684206919,215.0,1.5447245051426777,616.3568513007431,36.23886382,29.68515155,-0.8472717774918629,-4.221463811130297,-1.4273412793604847,-0.2382754899438433,-2.6092588796073737,-2.042564806328272
kas_sahilkilincli,SAHİLKILINÇLI,Kaş,9.2653817642452,5.408450704187265,E - Dusuk,4,Kirsal / Ovacik,48,25.877192982427765,269.0,0.1485794062950172,293.2907987614386,36.18621352,29.78712644,-0.6949174387589961,-4.40089998488434,-3.916632576633208,0.2213101736855863,7.787425379336746,0.4538539363379553
kas_saribelen,SARIBELEN,Kaş,32.61355263131861,26.399999999472,D - Orta,3,Kucuk Kasaba,60,62.82894736835216,1132.0,0.4245446035127154,890.1732014516106,36.26096125,29.50214295,0.1921171765473791,-3.28844671662191,1.9238162497972893,0.662322235515269,3.8584000367179088,-0.6755837736082391
kas_sarilar,SARILAR,Kaş,11.195107614373894,15.979381443257786,F - En Dusuk,5,Daglık / Yukari Yerlesim,40,18.201754385944955,203.0,0.4461580880876682,506.1036505985309,36.24931575,29.77300342,-0.8869626220534642,-4.774811963827444,-4.187211500999357,-0.5017555014033549,-2.470694291322361,0.0977695165466181
kas_sutlegen,SÜTLEĞEN,Kaş,29.118714957439973,37.42268041227469,F - En Dusuk,5,Daglık / Yukari Yerlesim,40,55.81140350871073,902.0,0.5822209907999455,1440.0505770319094,36.43781264,29.60706072,0.0618087158899901,-4.434963049358653,-0.8960669289213054,-0.4116884197181211,-3.5187102318499885,0.5860653922249658
kas_sinneli,SİNNELİ,Kaş,5.477866702828278,7.938144329876449,F - En Dusuk,5,Daglık / Yukari Yerlesim,40,8.662280701744889,142.0,0.0887980307438317,1095.657492353968,36.3163918,29.61820707,-1.1399071829335503,-7.233353616581979,-1.860917511393331,-1.800171588796463,-2.748206123292138,0.4382979803521684
kas_ugrar,UĞRAR,Kaş,30.430207561033512,33.4647887321587,E - Dusuk,4,Kirsal / Ovacik,48,58.22368421046248,978.0,0.4519724529820589,276.3253811831024,36.29249167,29.70622414,0.1086269489684068,-3.58346343306964,0.3319950802556222,-0.4417607043150982,-1.2823575482375498,-0.3789004264259847
kas_yaylapalamut,YAYLAPALAMUT,Kaş,11.124593054779176,15.876288659752898,F - En Dusuk,5,Daglık / Yukari Yerlesim,40,18.092105263138055,232.0,0.0570047206977323,1658.5318184566174,36.4673653,29.54511704,-0.795084484641004,-5.902025589747162,-2.188029934339215,-1.2383062917656436,-3.9368731908080616,0.7114299182798071
kas_yenikoy,YENİKÖY,Kaş,7.782578223894271,11.237113402032895,F - En Dusuk,5,Daglık / Yukari Yerlesim,40,12.390350877179397,155.0,0.1948855407986058,986.0074379546606,36.23700623,29.59764505,-1.0769505927728558,-5.034899949498723,-3.1047862462081404,-0.6710622597113497,-2.541390994727261,-0.4528628801280736
kas_yesilbarak,YEŞİLBARAK,Kaş,19.37477391929545,26.597938144261345,F - En Dusuk,5,Daglık / Yukari Yerlesim,40,33.66228070171748,520.0,0.0365786429667298,1732.7636484912653,36.58688174,29.65797216,-0.2692602935160774,-4.7643215808266985,-2.3482621464766997,-0.5401240463019125,-2.7937238005288547,1.1057502364457197
kas_yesilkoy,YEŞİLKÖY,Kaş,55.55433957455615,53.39743589675132,C - Ortanin Ustu,2,Sahil / Turistik,85,67.43421052624184,4102.0,4.295277948836704,119.81029614714268,36.27803762,29.36539367,0.8672392480281252,2.805981017624279,-4.540393698277525,1.2988713020369993,6.096635900111644,-2.314908790116189
kas_yuvacik,YUVACIK,Kaş,10.582745523581119,15.154639175218673,F - En Dusuk,5,Daglık / Yukari Yerlesim,40,17.10526315787598,292.0,0.0465945021888815,1387.3463833690114,36.40001165,29.56756903,-0.6401208747934068,-7.116065515132062,-2.142763207329736,-1.428771620461578,-8.300062787002485,0.5480416580450436
kas_camlikoy,ÇAMLIKÖY,Kaş,9.005448544021984,12.989690721616007,F - En Dusuk,5,Daglık / Yukari Yerlesim,40,14.364035087703547,191.0,0.0707820582205079,1255.3844480105724,36.46576351,29.48558456,-0.9293609395886776,-6.499957417973044,-1.8424323554982447,-1.4559134267138518,-4.806013710161332,0.3986422920895468
kas_camliova,ÇAMLIOVA,Kaş,9.499050461185007,13.71134020615023,F - En Dusuk,5,Daglık / Yukari Yerlesim,40,15.131578947351828,189.0,0.0291765519255969,1338.572954637451,36.35969221,29.51063885,-0.9367156231680868,-6.334026608875126,-1.1941265370853489,-1.476054503810888,-6.988640791744957,0.4641021864143797
kas_cataloluk,ÇATALOLUK,Kaş,4.702206547286385,6.804123711322671,F - En Dusuk,5,Daglık / Yukari Yerlesim,40,7.456140350869017,157.0,0.0515425605993616,890.6980185046602,36.32344814,29.65126545,-1.067788744636758,-7.298263845405308,-2.0582135180946386,-1.7601902604414092,-2.4715300009381047,0.2809115639230677
kas_cavdir,ÇAVDIR,Kaş,35.17157894706445,31.199999999376,D - Orta,3,Kucuk Kasaba,60,64.03508771922803,3892.0,1.9889121933624223,251.58101947269745,36.36430919,29.36550093,0.8416816433153979,2.0942968544490395,-6.32207473926303,0.2815812141196074,-3.995397285183474,-2.0375970847572584
kas_caykoy,ÇAYKÖY,Kaş,49.324519230479424,44.679487178914364,C - Ortanin Ustu,2,Sahil / Turistik,85,62.49999999993147,1566.0,0.8748180676652688,222.929722375884,36.34060188,29.38530681,0.3722657135991006,0.1030885072649743,-1.23113368354431,-1.0159733288267725,-5.063814729835512,-1.8905904676675545
kas_cerler,ÇERLER,Kaş,3.7613944655375415,5.463917525759113,F - En Dusuk,5,Daglık / Yukari Yerlesim,40,5.921052631572455,125.0,0.0,509.7894788142723,36.28702052,29.77326477,-1.2326702241032177,-5.882608056562283,-2.1626260029738638,-2.0375155539734444,-1.8214966404244888,0.2313151072992504
kas_cukurbag,ÇUKURBAĞ,Kaş,26.255471152055406,34.32989690712802,F - En Dusuk,5,Daglık / Yukari Yerlesim,40,49.12280701749,693.0,0.6318813676049703,579.722695322851,36.22458466,29.64456634,-0.0939186693984262,-4.282443130526411,-1.8300851488946188,0.2835477021008122,-7.2314924152176285,-0.6383831498076658
kas_uzumlu,ÜZÜMLÜ,Kaş,31.389989148067944,38.556701030828464,F - En Dusuk,5,Daglık / Yukari Yerlesim,40,63.81578947361424,1463.0,0.974382984155071,708.8233037689689,36.33827532,29.41133681,0.3350786976572598,-3.127508948710055,0.0435769783497617,0.4160827574424908,-6.647835929125831,-1.518247416409933
kas_ikizce,İKİZCE,Kaş,14.537122445258799,20.618556700977784,F - En Dusuk,5,Daglık / Yukari Yerlesim,40,23.903508771903613,207.0,0.1847980674557297,1135.2033057978588,36.33028782,29.47337852,-0.8734479439164592,-5.399562751852164,-1.7398465719068348,-1.304773480763881,-2.8788451876130514,-0.1355829453494208
kas_islamlar,İSLAMLAR,Kaş,61.91571777962564,63.20512820431788,C - Ortanin Ustu,2,Sahil / Turistik,85,71.60087719290395,2885.0,2.735134156263112,839.4545073681992,36.31258642,29.43042111,0.6929462259876827,-1.2068153275008664,1.3825105413641894,1.2222550500212803,3.279818931871896,-2.455466781951136
kemer_beycik,BEYCİK,Kemer,25.446418882206824,33.71134020609868,F - En Dusuk,5,Daglık / Yukari Yerlesim,40,46.71052631573826,591.0,0.4800354458173191,1165.114014246935,36.51366266,30.42700433,-0.1903816344673283,-5.67205276552606,-1.9377255673349647,1.7929471728092758,-2.872689149793818,0.0558760084309985
kemer_kuzdere,KUZDERE,Kemer,34.38123982630577,39.89690721639202,F - En Dusuk,5,Daglık / Yukari Yerlesim,40,74.67105263149708,7042.0,1.4322582793764609,812.9785935185738,36.5825154,30.45919726,1.1208793708016604,-2.3170586850936443,1.5285035477453128,2.1873901491914816,-2.4592380219258185,-0.1744436488796613
kemer_kiris,KİRİŞ,Kemer,39.673013244975536,5.662251655591641,A - En Iyi,0,Sehir Merkezi,95,71.05263157886947,1445.0,16.789056695327673,60.56807778295299,36.57793747,30.56874092,0.3282793937938343,3.610816483027434,0.8613716505011426,1.3120458054750457,6.791705582300218,-9.401815623312574
kemer_ovacik,OVACIK,Kemer,8.628752939030878,12.474226804091561,F - En Dusuk,5,Daglık / Yukari Yerlesim,40,13.706140350862164,145.0,0.2332196594799732,852.8723090348586,36.65970713,30.47127377,-1.1248248015892282,-5.949245284739607,-3.2376366608519493,1.8090018072166891,-3.513669550992086,-0.098550927767913
kemer_tekirova,TEKİROVA,Kemer,52.82388663935947,49.03846153783284,C - Ortanin Ustu,2,Sahil / Turistik,85,65.78947368413839,3176.0,3.246688727356795,540.1955947831146,36.51464502,30.49047075,0.7412714647405187,-0.4433067076586198,-4.898298333164576,2.6959774463783983,4.836319485786466,-1.4634595367920635
kemer_ulupinar,ULUPINAR,Kemer,32.291824923070926,39.38144329886757,F - En Dusuk,5,Daglık / Yukari Yerlesim,40,66.22807017536599,1190.0,3.3656096467066963,444.1871549490513,36.45040195,30.44383989,0.2203122463107852,-3.821275017647273,1.2489259745362582,1.7246592492438584,4.943639430912298,-0.3474580278221353
kemer_camyuva,ÇAMYUVA,Kemer,48.7622009561004,39.27272727094215,D - Orta,3,Turistik Sahil Kasabasi,72,78.50877192973847,6023.0,14.080291599228689,95.80776508473416,36.55050865,30.54481592,1.0492092838692837,4.786427112101583,0.141441133901403,2.666458867416623,8.182281235328812,-8.112206555330852
kepez_ahatli,AHATLI,Kepez,84.28105431743593,72.79999999902932,B - Iyi,1,Sehir Siniri,78,92.65350877182823,16928.0,55.60067539606492,80.72470743360618,36.92137614,30.65412507,1.4989026728202115,8.409273487022867,5.761017807013429,2.274118775086602,-0.0817946077679635,8.898670131441856
kepez_aktoprak,AKTOPRAK,Kepez,57.7013552628312,47.83999999936213,B - Iyi,1,Sehir Siniri,78,84.32017543850404,14319.0,13.65069198271853,207.83130851085863,36.99699546,30.69409154,1.4298160511147375,4.604260689234622,1.6610761414682234,2.408291798994759,-0.6940865513267725,-2.5950504380996957
kepez_altiayak,ALTIAYAK,Kepez,47.15578947346071,31.199999999583998,B - Iyi,1,Sehir Siniri,78,77.19298245605572,3333.0,17.348039388986283,95.84413018735954,36.99259443,30.75365121,0.7653252957972491,6.255282002038042,0.6240315265021419,1.6543318182052296,-4.052797864106252,0.3688408958515745
kepez_altinova_duden,ALTINOVA DÜDEN,Kepez,48.60922368397397,33.27999999955627,B - Iyi,1,Sehir Siniri,78,78.39912280693157,3044.0,40.10183099429033,61.96481969240361,36.93879324,30.75944559,0.7199932459698674,7.836049903818026,4.81699080798462,1.1175565371655938,0.2623955601104835,-3.8462626260815713
kepez_altinova_orta,ALTINOVA ORTA,Kepez,61.07382894700366,54.07999999927893,B - Iyi,1,Sehir Siniri,78,85.63596491218681,7710.0,77.70012599852431,58.954357914645456,36.92990054,30.7766023,1.161818687445674,9.44790779682643,7.545634941517713,1.5696806403181007,0.2630206391626796,-16.285666505157813
kepez_altinova_sinan,ALTINOVA SİNAN,Kepez,58.310473683877426,48.879999999348264,B - Iyi,1,Sehir Siniri,78,84.64912280692472,5920.0,82.50395962881076,53.90943991416538,36.92129038,30.77848308,1.041217129560633,10.072442641966266,1.3978001404077085,2.2413576020417927,-3.84315086381464,3.784504496281085
kepez_ataturk,ATATÜRK,Kepez,69.51693570620196,49.70198675463774,A - En Iyi,0,Sehir Merkezi,95,90.2412280700765,8016.0,188.91888323902563,94.83896798865584,36.92088947,30.68808127,1.1792640677381767,10.18917835540436,8.95184953367436,1.057262567401548,-0.1010414883760525,15.559105045222363
kepez_avni_tolunay,AVNİ TOLUNAY,Kepez,53.60909906169036,24.53642384089711,A - En Iyi,0,Sehir Merkezi,95,81.4692982455247,3070.0,56.89681120903888,40.02400703502859,36.90515878,30.63157728,0.7242651772463079,6.949360397041735,5.792091145893823,1.1523629724111684,0.6060384254045283,1.959407499039573
kepez_ayanoglu,AYANOĞLU,Kepez,88.85434926713724,74.8799999990016,B - Iyi,1,Sehir Siniri,78,94.51754385954548,13566.0,92.49741189507604,97.19468817576887,36.96264683,30.71549649,1.4072194724668448,10.518467167364472,7.266924153958962,2.6822716035771204,0.397814201352498,5.038064845516601
kepez_aydogmus,AYDOĞMUŞ,Kepez,69.18052631534138,67.59999999909866,B - Iyi,1,Sehir Siniri,78,90.35087719288339,15128.0,39.50498905013076,144.68534152131218,36.97608305,30.69602984,1.4526548353652786,6.717011070765119,4.485758302622022,2.7777151754592717,-0.0054324856126809,2.635450675003
kepez_baraj,BARAJ,Kepez,66.04085526274187,62.399999999167996,B - Iyi,1,Sehir Siniri,78,88.48684210516613,9152.0,45.79774138173365,63.68387096774194,36.94061929,30.74740464,1.2380574420407822,8.327960966190762,4.413149101937663,2.7298712405843784,0.0646844007994392,1.3385960621744757
kepez_baris,BARIŞ,Kepez,67.21205263115019,64.47999999914026,B - Iyi,1,Sehir Siniri,78,89.03508771920062,7442.0,102.1101400814975,115.46534797748158,36.92460033,30.68363339,1.1458900372539005,10.772109213718991,7.851288997056647,1.5511258101844807,-0.6037932739595793,4.22087156253383
kepez_beskonaklilar,BEŞKONAKLILAR,Kepez,49.26538157870437,34.3199999995424,B - Iyi,1,Sehir Siniri,78,78.83771929815917,3063.0,57.14553481934582,59.18407035758452,36.92779445,30.74914318,0.723119040961732,8.180696382591464,5.372139507094797,1.3934890497980306,0.0529013719766515,-4.050415660183914
kepez_demirel,DEMİREL,Kepez,54.51464473654754,42.63999999943147,B - Iyi,1,Sehir Siniri,78,82.34649122797988,5073.0,42.91961717745269,99.88238711950696,36.9817373,30.72215147,0.9689303037400708,8.264043494233588,6.478964354560993,2.004279162290634,0.2734741538545492,-0.718404280402726
kepez_duaci,DUACI,Kepez,48.724342104750384,53.99999999892,D - Orta,3,Kucuk Kasaba,60,74.01315789465569,3015.0,6.019750725932408,288.9224672340196,36.97727831,30.66142081,0.7151799030490231,2.320389544794399,1.4858423811608317,2.296373063173674,-0.7010255412359827,-2.380393759894597
kepez_dudenbasi,DÜDENBAŞI,Kepez,90.94781287198478,75.49668874122189,A - En Iyi,0,Sehir Merkezi,95,96.38157894726274,16205.0,139.34184585337093,60.77746559298169,36.91553123,30.7345869,1.4810208387409751,10.352910676082534,8.227651071057178,1.8343902195801367,0.1467658022990089,25.583058627560984
kepez_emek,EMEK,Kepez,85.16573547091542,61.026490065821015,A - En Iyi,0,Sehir Merkezi,95,93.31140350866961,9684.0,260.1666861044076,61.718497540994,36.91534866,30.71082709,1.262838303128571,10.628907039702195,9.662034181146,1.1902448062260145,0.4270971824809966,10.082932661638749
kepez_erenkoy,ERENKÖY,Kepez,87.40056602577164,65.43046357572562,A - En Iyi,0,Sehir Merkezi,95,94.1885964911248,12929.0,217.2095489686187,118.74015454576548,36.9299128,30.67146814,1.3869777102810992,9.04791744032026,8.798709637821872,2.04229721007167,-0.6057447219565024,7.847915191387225
kepez_esentepe,ESENTEPE,Kepez,56.48311842073872,45.75999999938986,B - Iyi,1,Sehir Siniri,78,83.66228070166265,7284.0,128.4961665310318,146.25583725981969,36.94003589,30.66723249,1.136195065775485,6.083601047460227,8.007047556199378,1.4669792626486342,-1.2276458942804884,-7.80104346827664
kepez_fabrikalar,FABRİKALAR,Kepez,81.90686466994745,56.62251655591641,A - En Iyi,0,Sehir Merkezi,95,92.32456140340753,9000.0,162.94224916894575,68.35580597449868,36.91013686,30.67124111,1.230679661094087,12.087569413902973,6.4147027161042764,2.11236259875738,0.8877492219632452,8.800828013519219
kepez_fatih,FATİH,Kepez,59.340552631233265,50.95999999932053,B - Iyi,1,Sehir Siniri,78,84.86842105253852,5518.0,100.89953105183068,143.09434523416132,36.94384356,30.64999494,1.0084620554541637,6.1842443504267735,6.362217651428306,1.965068896639516,-1.2168834646465003,10.278405132051292
aksu_fettahli,FETTAHLI,Aksu,42.09131578906005,43.199999999136004,D - Orta,3,Kucuk Kasaba,60,68.64035087711771,1310.0,7.2572321584213135,78.614845478401,36.99170403,30.80865305,0.2740516490113266,4.954275496248822,-0.4428674712988282,0.4311865439429724,1.4840417160456183,-2.3805961854499733
kepez_fevzi_cakmak,FEVZİ ÇAKMAK,Kepez,69.6955657890193,68.6399999990848,B - Iyi,1,Sehir Siniri,78,90.46052631569029,13384.0,49.4387330500677,145.15661502740534,36.95093045,30.69630081,1.401546623436059,8.467900477053563,4.559890537917884,2.863645468031768,-0.1467477324621694,4.036477192951699
kepez_gazi,GAZİ,Kepez,81.54352547736241,71.7599999990432,B - Iyi,1,Sehir Siniri,78,91.99561403498684,14192.0,94.4230868414684,85.55467665927054,36.94235229,30.71512328,1.4260996402877693,10.65817226011201,8.501059829901902,2.1964869483345124,0.0626154518404049,-4.072654141842198
kepez_gaziler,GAZİLER,Kepez,51.248947367874884,57.599999998848006,D - Orta,3,Kucuk Kasaba,60,76.75438596482812,3704.0,9.380001574265998,95.83001510391948,37.00152798,30.77719485,0.81745478254552,6.250931349032789,0.3709693750409786,1.052471852668253,0.7422002929689397,0.1124249877446228
kepez_goksu,GÖKSU,Kepez,66.56453504396605,44.66887417188961,A - En Iyi,0,Sehir Merkezi,95,88.92543859639372,8943.0,56.24544254884931,54.80176479341704,36.9133294,30.75250196,1.2278769199246695,10.6483548009685,4.95242203891166,2.383151294588012,-3.912012963569477,2.0160942646703552
kepez_gocerler,GÖÇERLER,Kepez,55.217842104962095,43.6799999994176,B - Iyi,1,Sehir Siniri,78,82.89473684201437,8874.0,32.222944970943495,208.8201006472253,36.95179919,30.65381367,1.2244572212991869,4.664323426705163,4.926027838832937,2.056296582845286,-0.5033689317325591,-2.0094651072917595
kepez_gulveren,GÜLVEREN,Kepez,64.23565121395592,40.89403973482852,A - En Iyi,0,Sehir Merkezi,95,87.71929824551785,6035.0,240.69193011253336,42.90034855214663,36.90333073,30.64536021,1.050130436270893,8.039295564147732,8.428888111708027,1.166956031047759,0.6842621301880443,22.114202566287567
kepez_gundogdu,GÜNDOĞDU,Kepez,90.56925129374015,74.23841059553484,A - En Iyi,0,Sehir Merkezi,95,96.05263157884205,14882.0,221.1150092868304,81.26905811014271,36.92850017,30.70834153,1.4458577386162812,9.743665451164803,8.423449683705691,1.8581479042545328,0.3269964751444138,10.102999784424194
kepez_gunes,GÜNEŞ,Kepez,94.03798862474122,89.33774834377923,A - En Iyi,0,Sehir Merkezi,95,99.01315789462828,18949.0,204.83932915119703,64.263627361262,36.92411062,30.73541185,1.544672347826364,12.464339837815164,8.137355262985661,2.79057849806558,0.3767872689639743,23.77239891299168
kepez_habibler,HABİBLER,Kepez,90.81364093205407,75.91999999898773,B - Iyi,1,Sehir Siniri,78,95.72368421042135,19995.0,67.67370082913133,78.91860048116197,36.94921415,30.72808824,1.566259501574439,10.123522433585396,5.862055930919792,3.210431103432836,0.1222792815874741,4.833525305141043
kepez_husnu_karakas,HÜSNÜ KARAKAŞ,Kepez,94.1993942430001,77.99999999895999,B - Iyi,1,Sehir Siniri,78,98.57456140340068,20082.0,112.43427835297122,67.78845962882947,36.93599451,30.73391825,1.5679977078224487,11.634394205383504,8.493646799234167,2.7300214776340024,0.1103750716028898,8.789027484518014
kepez_kanal,KANAL,Kepez,86.18121991060853,62.913907284351566,A - En Iyi,0,Sehir Merkezi,95,93.6403508770903,11867.0,197.2819711287229,95.1270738703093,36.92476021,30.66992328,1.3506108271617574,9.834293392056264,8.109560793991887,2.051651179815821,0.322973144701415,15.335110798728468
kepez_karsiyaka,KARŞIYAKA,Kepez,92.78272738345848,83.04635761534408,A - En Iyi,0,Sehir Merkezi,95,97.80701754375241,15565.0,171.7444026937849,67.24407993870048,36.91547886,30.70114479,1.4644292675877773,10.948611952720643,9.135382017371995,1.8504261369774928,0.3055229983931145,8.59556725484017
kepez_kazim_karabekir,KAZIM KARABEKİR,Kepez,47.670828947138624,32.23999999957013,B - Iyi,1,Sehir Siniri,78,77.30263157886262,1969.0,43.86465123215805,187.0312718882617,36.93101443,30.6767831,0.4952243596373918,4.869705314880595,5.87640070654307,0.7816159434867752,-2.832358868670352,2.2879810695786227
kepez_kepez,KEPEZ,Kepez,61.824065789102384,55.11999999926506,B - Iyi,1,Sehir Siniri,78,86.29385964902819,11905.0,53.91596027716194,145.08187154052987,36.94055017,30.64062159,1.3519740797949495,7.348546895762344,4.018124631253248,2.1814945141130933,-1.1704328632916956,-26.953509906734656
kepez_kizilli,KIZILLI,Kepez,28.395404002852626,30.422535211053365,E - Dusuk,4,Kirsal / Ovacik,48,55.70175438590383,1403.0,0.1980761124694785,297.4611464257564,37.09921548,30.72714988,0.31203838303531,-3.300397613939809,-2.23301043262065,1.78938718739357,-3.535242602217216,-0.6845543740409964
kepez_kuzeyyaka,KUZEYYAKA,Kepez,92.50968696993843,81.78807946965703,A - En Iyi,0,Sehir Merkezi,95,97.58771929813861,23166.0,199.1280404362674,89.11949773738735,36.93589355,30.70669603,1.6246880143005868,11.53613094232955,9.13218249295021,1.9765029132973375,0.8655320144527869,-1.6698795532796766
kepez_kultur,KÜLTÜR,Kepez,93.42562565079479,86.19205297956165,A - En Iyi,0,Sehir Merkezi,95,98.3552631577869,15984.0,328.45792935794344,55.02629734006154,36.90481474,30.65713979,1.4753758781747477,10.931770212181124,9.285064107595066,2.0751531932590046,0.0392506389445527,5.959279971566387
kepez_kutukcu,KÜTÜKÇÜ,Kepez,62.43318421014861,56.1599999992512,B - Iyi,1,Sehir Siniri,78,86.62280701744888,9148.0,73.16283682618136,117.51728379900123,36.93247886,30.69543367,1.237865054048724,8.348811946746265,7.622364338824182,1.38789806821501,-0.4918724671820237,-3.1508273562487688
kepez_kirisciler,KİRİŞÇİLER,Kepez,34.22453669370576,38.87323943634597,E - Dusuk,4,Kirsal / Ovacik,48,63.377192982386646,1429.0,1.5506517820176426,287.40774572728094,37.04097711,30.7009494,0.3221554486557622,-1.3060953115672405,-1.9998423414868245,1.5628855846366776,-0.6466467317547295,-2.273496346935287
kepez_mehmet_akif_ersoy,MEHMET AKİF ERSOY,Kepez,90.77554145539251,74.86754966837836,A - En Iyi,0,Sehir Merkezi,95,96.27192982445585,13729.0,187.3722461957756,68.2837939023142,36.9245944,30.71980943,1.4122281674773256,10.584592922073153,8.855185914953454,1.861032834597495,0.7417055862768306,19.52358553687702
kepez_menderes,MENDERES,Kepez,46.640749999782784,30.15999999959787,B - Iyi,1,Sehir Siniri,78,77.08333333324882,2659.0,33.262666203371786,64.29913185507434,36.94060575,30.77466312,0.6514831278919914,6.7553936199887925,4.790405288562566,0.8056053719943895,0.000371966829993,-5.829079743879879
kepez_odabasi,ODABAŞI,Kepez,32.00118421027686,25.199999999496,D - Orta,3,Kucuk Kasaba,60,62.60964912273836,1598.0,3.49569624179286,299.8684946638156,37.0253267,30.66719041,0.3832636700811971,0.2865653357294204,-3.0559680560051534,1.8865221928526423,-0.1901130876017495,-8.83561596763002
kepez_santral,SANTRAL,Kepez,38.39053947354477,17.679999999764267,B - Iyi,1,Sehir Siniri,78,70.94298245606257,1573.0,14.266058047114395,145.48513417428163,36.94114405,30.62718009,0.3746928946859451,2.637057574992121,1.713786722019138,0.8630487808470367,-1.4207833382447044,-3.885764324935276
kepez_sutculer,SÜTÇÜLER,Kepez,89.16543050681017,69.83443708563024,A - En Iyi,0,Sehir Merkezi,95,95.17543859638687,11323.0,203.6510561343772,74.1145325252484,36.93226536,30.71961165,1.3305407003360834,10.99699194528655,8.754846070990109,2.013672238142878,0.3145098135701812,8.606452661361672
kepez_teomanpasa,TEOMANPAŞA,Kepez,93.92325536096534,88.70860927093571,A - En Iyi,0,Sehir Merkezi,95,98.90350877182138,21632.0,279.81560151859924,62.159587376932485,36.91702413,30.72165177,1.5976231499999685,11.79979186756177,7.188555843316935,2.2503867885507125,0.6035313855690341,20.017833247378142
kepez_ulus,ULUS,Kepez,89.98018536681931,72.3509933770043,A - En Iyi,0,Sehir Merkezi,95,95.61403508761445,13238.0,447.3949728650289,74.4773325802701,36.90960263,30.68545732,1.3969330224819871,9.788789312609094,9.855313923479931,0.7596620072159158,-0.1165041119145405,12.063112644078748
kepez_varsak_esentepe,VARSAK ESENTEPE,Kepez,45.422513157690304,28.0799999996256,B - Iyi,1,Sehir Siniri,78,76.42543859640742,2317.0,38.22295128962645,100.80564306423166,36.98602402,30.73465987,0.5805743127244559,5.962104754145075,3.600400717492562,1.4268920573941,-0.1791219964876708,-5.152288712755976
kepez_varsak_karsiyaka,VARSAK KARŞIYAKA,Kepez,64.26053947328732,59.2799999992096,B - Iyi,1,Sehir Siniri,78,87.60964912271095,14274.0,44.65625925924719,142.80563729044417,36.96531424,30.69807318,1.4285034532591685,7.053598436263774,4.390382336376904,2.2684346501468498,-0.6889893243604394,-2.2018160335599557
kepez_varsak_menderes,VARSAK MENDERES,Kepez,43.316052631143556,45.599999999088006,D - Orta,3,Kucuk Kasaba,60,69.07894736834531,2183.0,3.414060695171039,194.06354139924787,37.00697037,30.73271806,0.5495259046521075,0.5943650310191121,-1.3632353874032734,1.251289701903533,-0.9460461666799044,-1.3006228984406298
kepez_yavuz_selim,YAVUZ SELİM,Kepez,43.54811842086744,24.959999999667197,B - Iyi,1,Sehir Siniri,78,75.32894736833846,1900.0,51.39274334463973,183.4564675130964,36.93369458,30.68777003,0.4762926565603204,4.929308832638296,6.0531404642640165,0.7022080691953896,-2.011911415086998,-2.9480116773416096
kepez_yeni,YENİ,Kepez,93.30128312922247,85.56291390671812,A - En Iyi,0,Sehir Merkezi,95,98.24561403498,12860.0,215.5073969400292,71.61395688492956,36.92193124,30.70847938,1.384718248837132,11.297262893517722,9.60043216761045,2.894456027031431,0.6265699060978519,15.97012749685494
kepez_yeni_dogan,YENİ DOĞAN,Kepez,82.44123820451853,57.25165562875992,A - En Iyi,0,Sehir Merkezi,95,92.43421052621443,8991.0,285.7720823152034,75.14722473604833,36.91613863,30.663442,1.2302384476791817,9.368826878270506,8.918758199597782,2.027048458267306,0.8459184893454472,13.418450578515136
kepez_yeni_emek,YENİ EMEK,Kepez,91.14429859911303,76.12582781406539,A - En Iyi,0,Sehir Merkezi,95,96.60087719287654,13034.0,190.8658749709228,84.6320289290085,36.92337239,30.6979951,1.390390219723567,11.037963057733895,9.280257115625078,1.792496035088421,0.4097435256102566,17.07298981922298
kepez_yesiltepe,YEŞİLTEPE,Kepez,84.79500716473824,60.39735099297751,A - En Iyi,0,Sehir Merkezi,95,93.20175438586273,9944.0,369.72867933775575,87.35310121673372,36.91715439,30.6792634,1.2744000956012935,10.567892126671833,9.572028432501066,0.8427035178668454,0.146427149374871,16.088256372335174
kepez_yesilyurt,YEŞİLYURT,Kepez,89.37737222718678,70.46357615847376,A - En Iyi,0,Sehir Merkezi,95,95.28508771919377,10349.0,270.55575116283376,49.95934322465417,36.90779275,30.64328386,1.2917512662541617,10.858198667968644,9.311228592954391,1.671570855440992,0.300655368810222,19.34622434386322
kepez_yukselis,YÜKSELİŞ,Kepez,85.51937462122419,61.65562913866454,A - En Iyi,0,Sehir Merkezi,95,93.42105263147651,8890.0,392.501726510759,70.33083043505646,36.9124083,30.69318849,1.2252528422580733,10.6343872632361,9.91622062396209,1.2520327687925223,0.3267124879847811,16.66625426215256
kepez_zafer,ZAFER,Kepez,76.12738068859755,52.2185430460118,A - En Iyi,0,Sehir Merkezi,95,91.33771929814546,7341.0,368.3563357289745,84.61864602846455,36.91673636,30.68951937,1.1397195583975035,11.1190926275413,10.047682105927995,0.7738463348009228,-0.2311407569532239,15.106860872856794
kepez_zeytinlik,ZEYTİNLİK,Kepez,50.01561842080308,35.35999999952853,B - Iyi,1,Sehir Siniri,78,79.49561403500056,5196.0,26.356239365257416,76.4516006480257,36.9636289,30.75856532,0.9802344437189968,7.468331641120274,2.4953595230067505,1.5267327719109829,-4.18713322992132,-1.9508667920379292
kepez_camlibel,ÇAMLIBEL,Kepez,67.7270921048281,65.5199999991264,B - Iyi,1,Sehir Siniri,78,89.14473684200752,9145.0,105.00161631701522,117.40777402301364,36.93659028,30.66094356,1.237720701177584,6.513105837387943,8.33460588886617,1.84219038511,-0.4316459521152422,6.010300416025398
kepez_camlica,ÇAMLICA,Kepez,19.72831727198019,19.26760563366713,E - Dusuk,4,Kirsal / Ovacik,48,41.885964912234776,445.0,1.5222558149447247,249.96889698271107,37.03880198,30.7362017,-0.3668814201437033,-0.9959910686518058,-3.262907901337719,0.6810249294126137,-0.9013561650293724,-1.2355495110369898
kepez_cankaya,ÇANKAYA,Kepez,65.43173684169564,61.359999999181866,B - Iyi,1,Sehir Siniri,78,88.15789473674545,14310.0,39.04928895508816,240.01640690074453,36.94632109,30.67930507,1.4295539017193075,6.735063810605026,4.924222810999031,2.3030088752809017,-0.6834711557165597,-1.1531172470091875
kepez_ozgurluk,ÖZGÜRLÜK,Kepez,83.56147213696461,58.509933774446964,A - En Iyi,0,Sehir Merkezi,95,92.87280701744203,11955.0,401.2728985871638,81.40987244277107,36.91333071,30.68260744,1.353760422051272,9.663583999186486,9.13113521029943,0.379399989480767,0.3244552528582157,20.428989984779435
kepez_unsal,ÜNSAL,Kepez,58.82551315755534,49.919999999334394,B - Iyi,1,Sehir Siniri,78,84.75877192973162,13279.0,31.79825628745624,97.07695776158332,36.93051693,30.62001596,1.398234359305948,5.973968695313704,0.983460506715384,1.9636326712166323,-0.4241462834113551,-0.584069717093213
kepez_safak,ŞAFAK,Kepez,93.0463849348011,84.30463576103111,A - En Iyi,0,Sehir Merkezi,95,98.02631578936621,16891.0,248.7226291416165,71.42047122540089,36.91891377,30.63724701,1.498008504363439,10.700128714542467,7.628741826097057,2.4557342330410328,0.7800289435417873,6.103608166971648
kepez_selale,ŞELALE,Kepez,68.47732894692683,66.55999999911253,B - Iyi,1,Sehir Siniri,78,89.8026315788489,14549.0,51.72702823789028,81.8105028870842,36.96449551,30.73375374,1.4364534626680912,9.476241553663405,5.027254698782111,2.7199676401958643,0.6362536572594824,-4.018919397470388
konyaalti_akdamlar,AKDAMLAR,Konyaaltı,19.16105263149669,7.199999999856001,D - Orta,3,Kucuk Kasaba,60,48.24561403503482,494.0,9.218949901206235,175.1511643748444,36.87221486,30.51720959,-0.3012102778658508,-1.4962725567529758,-2.541407921354362,0.786466824084621,-1.304558113218116,-1.0301831519705638
konyaalti_akkuyu,AKKUYU,Konyaaltı,58.38145005504383,32.0860927150193,A - En Iyi,0,Sehir Merkezi,95,84.10087719289024,4583.0,80.1721493572285,18.134494266840044,36.88299329,30.63712065,0.9206354517081892,7.526978957566904,7.375556494869572,1.131269078393483,0.4474282447758683,5.169826083287585
konyaalti_altinkum,ALTINKUM,Konyaaltı,88.94746803761004,69.20529801278673,A - En Iyi,0,Sehir Merkezi,95,95.06578947357997,8441.0,451.84246835085565,15.57287630515389,36.8672292,30.63490665,1.2022935660190237,11.703041355753047,9.23301613639122,2.049510419262234,6.815384216705426,8.671909507942951
konyaalti_arapsuyu,ARAPSUYU,Konyaaltı,74.85161409567739,51.58940397316828,A - En Iyi,0,Sehir Merkezi,95,91.22807017533857,6454.0,290.79428381522104,9.63319502421804,36.8773516,30.65454068,1.081066558943884,11.847503629771092,8.415030455331243,2.012503321006689,8.129459630122849,10.786765335885743
konyaalti_aydinlik,AYDINLIK,Konyaaltı,36.97249999966343,34.799999999304,D - Orta,3,Kucuk Kasaba,60,64.58333333326252,997.0,28.304270912307302,46.09172609580489,36.875547,30.55552463,0.1196962398421484,2.71957814447063,-1.4050224110144356,-0.5174784027018996,0.4686553734353836,-5.054077387841256
konyaalti_asagikaraman,AŞAĞIKARAMAN,Konyaaltı,32.85607857658799,37.18309859128745,E - Dusuk,4,Kirsal / Ovacik,48,61.074561403441805,1663.0,2.4227194429385275,112.3800732640928,36.92462542,30.58120992,0.4048628297133693,-0.1172393307455339,-4.423368254129018,1.986231336754945,-2.984902360340525,-1.4915353226621242
konyaalti_bahtili,BAHTILI,Konyaaltı,35.95167105251199,14.559999999805866,B - Iyi,1,Sehir Siniri,78,68.53070175431083,1405.0,18.843325263135338,33.487417901328875,36.89019911,30.58160285,0.3128240463576384,1.8353680011507505,0.1642817722802136,0.2883689447149344,-0.8645359992623886,-2.910710726073781
konyaalti_demircilik,DEMİRCİLİK,Konyaaltı,19.73723684201217,8.399999999832,D - Orta,3,Kucuk Kasaba,60,48.35526315784172,254.0,12.129314666767296,56.23315347494017,36.86904842,30.55002549,-0.7335527832836922,1.839817168796504,0.8076234623206822,-0.1032643768801374,-0.1279348095985173,-6.91326621285484
konyaalti_doyran,DOYRAN,Konyaaltı,28.57501356478408,36.80412371124535,F - En Dusuk,5,Daglık / Yukari Yerlesim,40,54.60526315783486,738.0,0.2212883117837243,1104.123248940946,36.88884636,30.41630011,-0.0563025142507752,-3.626249528955888,-0.8685170132593507,1.0758875284879643,4.098293514864974,-0.0046274222185962
konyaalti_doyran_dag,DOYRAN DAĞ,Konyaaltı,39.925122300739915,30.51282051242932,C - Ortanin Ustu,2,Sahil / Turistik,85,56.03070175432453,548.0,8.248193645591616,82.96983684067743,36.90385352,30.53651946,-0.2367924171297733,1.0423776147512025,-1.0020228849360555,-0.988974279765268,-0.9651972606025688,-1.4360921780729046
konyaalti_doyran_camlibel,DOYRAN ÇAMLIBEL,Konyaaltı,43.55604757061272,35.96153846107741,C - Ortanin Ustu,2,Sahil / Turistik,85,58.552631578883165,504.0,20.941499919973552,64.82706112452948,36.90092773,30.54785309,-0.2887039967222977,2.4089050110138155,-0.905984885404966,-1.0650518867922902,-0.5779587565176598,0.3234124473523104
konyaalti_geyikbayiri,GEYİKBAYIRI,Konyaaltı,25.92145957672583,34.123711340118234,F - En Dusuk,5,Daglık / Yukari Yerlesim,40,48.02631578942103,700.0,0.9282341443813548,1281.6150365375454,36.8624939,30.41592133,-0.0878906264124513,-3.209663223601723,-3.254098814451077,2.207003029680428,-2.847226911096999,-0.9421368918764066
konyaalti_gokdere,GÖKDERE,Konyaaltı,4.93914473683669,0.0,B - Iyi,1,Sehir Siniri,78,11.513157894724218,102.0,1.6038769626776048,193.092889294991,36.83332079,30.55919175,-1.3833554995620387,-5.093215748452376,-7.058952486052878,-0.2899159203422172,-1.6205263963998515,-1.4134347117642396
konyaalti_gokcam,GÖKÇAM,Konyaaltı,16.527894736793357,3.5999999999280003,D - Orta,3,Kucuk Kasaba,60,45.175438596441694,493.0,1.8298986136355395,98.98611434144888,36.88653519,30.53481396,-0.3024764568345615,-1.6533647021866351,-2.4198057371789448,0.1917872833095132,-1.168685680764727,-0.943774380509089
konyaalti_gursu,GÜRSU,Konyaaltı,91.30857270442772,76.75496688690892,A - En Iyi,0,Sehir Merkezi,95,96.71052631568344,14297.0,141.92455558565229,8.376933690083193,36.86275593,30.62612879,1.4291749150930078,10.93785709630492,8.17859855596023,2.124346984021669,10.097050352291376,9.717442835841776
konyaalti_hacisekililer,HACISEKİLİLER,Konyaaltı,29.809007053658803,37.93814432979913,F - En Dusuk,5,Daglık / Yukari Yerlesim,40,57.89473684204178,655.0,2.572539951923768,807.9196297216088,36.831219,30.47395266,-0.1278776341432917,-3.654764010260057,1.1364053514303,0.1098664503283537,-7.183218172252531,-0.246558081755195
konyaalti_hurma,HURMA,Konyaaltı,92.64742158550365,82.41721854250055,A - En Iyi,0,Sehir Merkezi,95,97.69736842094551,28545.0,73.59458602640994,26.1060781939272,36.85966845,30.60424398,1.6419212779358134,10.48292485631796,6.776212608956934,2.602695573138705,0.5138712942210292,12.612211324584608
konyaalti_karatepe,KARATEPE,Konyaaltı,29.18986842084709,20.399999999592,D - Orta,3,Kucuk Kasaba,60,60.63596491221421,953.0,11.17700220027272,47.43010680111866,36.88575743,30.55669488,0.0936895634157274,2.596702362463947,-2.2506592554730998,-0.425612585322849,0.0610602773281653,-1.319716830799339
konyaalti_kir,KIR,Konyaaltı,34.59539473654898,29.999999999400004,D - Orta,3,Kucuk Kasaba,60,63.92543859642114,634.0,22.983191175536152,58.10919877685171,36.89231474,30.55116984,-0.1476041789246968,3.6132350197154777,1.3737218091809584,-0.9471725475836024,-0.3676191295850413,-0.6118123247026996
konyaalti_kurucay,KURUÇAY,Konyaaltı,14.8661842104896,2.399999999952,D - Orta,3,Kucuk Kasaba,60,41.776315789427876,164.0,32.802950625408755,38.98095766957045,36.87799828,30.56504875,-1.0367167103162378,2.033701491206195,0.5292389494267606,-0.4535098161068842,0.5019770968212518,-8.353940696076304
konyaalti_kuskavagi,KUŞKAVAĞI,Konyaaltı,61.39448813449978,36.49006622492391,A - En Iyi,0,Sehir Merkezi,95,86.07456140341439,3136.0,232.69603755265192,7.630827070172926,36.86952789,30.64539332,0.7349297567257401,9.882433411728003,9.76050743571134,1.0840050384605728,7.756762669530037,4.761242015113909
konyaalti_molla_yusuf,MOLLA YUSUF,Konyaaltı,69.17653145675577,49.07284768179422,A - En Iyi,0,Sehir Merkezi,95,90.1315789472696,12084.0,56.10878612582744,21.401206628615352,36.89301449,30.6173209,1.3583307866740926,8.90682038444485,6.284383833641132,1.280039056471438,-1.2920870505064177,12.379957872685226
konyaalti_pinarbasi,PINARBAŞI,Konyaaltı,92.91568854128711,83.67549668818758,A - En Iyi,0,Sehir Merkezi,95,97.91666666655931,20401.0,96.662614184148,29.30735890958409,36.89280326,30.6517722,1.574299682030624,10.65604050839729,7.299423047428874,2.8482823006058644,1.6479850278191353,4.872208106545681
konyaalti_sarisu,SARISU,Konyaaltı,50.31629415000827,18.874172185305472,A - En Iyi,0,Sehir Merkezi,95,80.04385964903504,8008.0,29.74206025326402,74.27093643149125,36.84347376,30.58611127,1.1788175408129784,6.286231775643615,0.7029088776515426,1.632615911954869,-3.354555001746375,-8.929094598798978
konyaalti_suicecek,SUİÇECEK,Konyaaltı,25.72447368403941,16.799999999664,D - Orta,3,Kucuk Kasaba,60,55.043859649062455,446.0,4.563255081395795,200.2229630762968,36.84829805,30.5410366,-0.3654617211171543,-1.0188318865891572,1.232663288276913,-0.2992997369938258,-5.6709504458857,-0.8622842827635244
konyaalti_siteler,SİTELER,Konyaaltı,93.5479853160633,86.82119205240517,A - En Iyi,0,Sehir Merkezi,95,98.46491228059378,16702.0,196.21318040711864,27.979427264884,36.89340858,30.63221349,1.4934064878373277,10.521788661368056,9.926219496471322,2.367153588644493,1.1071750459559773,6.223742903036273
konyaalti_toros,TOROS,Konyaaltı,84.40545384188746,59.768211920133986,A - En Iyi,0,Sehir Merkezi,95,93.09210526305583,9611.0,247.07917122586565,14.865572008598026,36.88292085,30.64508292,1.2595294691563543,10.057540918234146,9.591807812270238,1.6686143074028608,0.9991946171274528,5.814485105651277
konyaalti_uluc,ULUÇ,Konyaaltı,64.63334713006871,41.52317880767204,A - En Iyi,0,Sehir Merkezi,95,87.93859649113165,7171.0,124.3611915356664,14.367384835834851,36.8756214,30.62654516,1.129115633649675,9.19909873651656,6.536795190879436,1.5727339985454636,-0.6987397536476075,17.000399876067778
konyaalti_uncali,UNCALI,Konyaaltı,91.62693232143343,78.01324503259595,A - En Iyi,0,Sehir Merkezi,95,96.92982456129722,19081.0,128.76091614562392,15.585724042588994,36.88314969,30.62462329,1.547469235484371,10.267896223144692,7.956769744728778,2.1610814668350264,-1.007432181050376,11.057667821716509
konyaalti_yarbascandir,YARBAŞÇANDIR,Konyaaltı,18.643651654872926,25.670103092717348,F - En Dusuk,5,Daglık / Yukari Yerlesim,40,32.23684210522781,492.0,0.6543294841765273,1139.569517581719,36.74442032,30.39596625,-0.3037455117760837,-5.652775281170971,-4.254897562610607,0.1642719150225046,-5.039350179866114,-0.3127872898932742
konyaalti_yeni,YENİ,Konyaaltı,23.737105262999165,15.599999999688,D - Orta,3,Kucuk Kasaba,60,50.65789473678656,347.0,10.625185940753964,67.3665347959,36.86491881,30.5417464,-0.5265634123079461,2.7784067775027443,-1.0926083871887835,-0.1362099254479477,-0.5073957024283029,-7.51699616501732
konyaalti_zumrut,ZÜMRÜT,Konyaaltı,22.289526315747853,3.1199999999583996,B - Iyi,1,Sehir Siniri,78,48.684210526262405,317.0,4.459994338594687,23.89735948129469,36.8747179,30.59473,-0.5857781196333648,0.6382667960629792,-0.619784847345142,0.3202666620541738,-0.4623002947536471,-2.3615017755503662
konyaalti_cakirlar,ÇAKIRLAR,Konyaaltı,33.7479999999,11.439999999847466,B - Iyi,1,Sehir Siniri,78,66.66666666659357,1314.0,6.498678488028864,100.21755620275844,36.85733273,30.56739047,0.2757468880631472,0.7299075793785933,-0.9412590651097392,0.5920233171027605,-0.85343298923313,-1.9512090048753183
konyaalti_caglarca,ÇAĞLARCA,Konyaaltı,26.823295351728817,34.94845360815735,F - En Dusuk,5,Daglık / Yukari Yerlesim,40,50.43859649117276,407.0,1.4369680760147037,1299.6221607070877,36.84745764,30.4446383,-0.4236432922845803,-3.2812892138692806,-0.1852059136859882,2.133665852411181,-3.591648449696221,-1.7675335289713852
konyaalti_citdibi,ÇİTDİBİ,Konyaaltı,2.185951347436241,3.1958762886515575,F - En Dusuk,5,Daglık / Yukari Yerlesim,40,3.3991228070138164,92.0,0.1275478479808219,1573.4760642577742,36.79325538,30.40393905,-1.4611215686788364,-6.6379116454190354,-3.291313205911031,-0.9431056974384392,-5.125978915950916,0.2209208139702531
konyaalti_ogretmenevleri,ÖĞRETMENEVLERİ,Konyaaltı,82.94080775751763,57.88079470160344,A - En Iyi,0,Sehir Merkezi,95,92.54385964902133,8626.0,264.44532592886424,14.404784595935038,36.87414183,30.6382923,1.2119154273988384,10.67171111017701,9.321423596166069,1.4335561740039302,1.1926878943372892,9.492098227926872
konyaalti_ucoluk,ÜÇOLUK,Konyaaltı,18.432107976088773,25.36082474220268,F - En Dusuk,5,Daglık / Yukari Yerlesim,40,31.90789473680712,259.0,0.1530068582646597,1195.448688804131,36.70914687,30.43587636,-0.7203975014616288,-5.68177773959504,1.5244637106472134,0.0912093856413953,-5.744758945988657,-0.4184961132207531
korkuteli_akyar,AKYAR,Korkuteli,28.716042683973512,37.01030927825513,F - En Dusuk,5,Daglık / Yukari Yerlesim,40,54.824561403448655,696.0,0.3411253607153822,1205.9120259581696,37.14222831,30.18559372,-0.0913269156648091,-4.134634471861712,2.5956950049746164,-0.5914986909265768,-1.5670284105058698,0.1667238136148536
korkuteli_alaaddin,ALAADDİN,Korkuteli,27.270921052573044,5.199999999930667,B - Iyi,1,Sehir Siniri,78,58.11403508765558,1003.0,1.1812853147516549,1067.5722814216656,37.08793671,30.17518223,0.1231428051421869,-1.7491890349076091,-2.198089004056568,0.7134863983903704,10.235263413258576,-2.1464551345393845
korkuteli_asagipazar,AŞAĞIPAZAR,Korkuteli,46.33933498888037,12.582781456870313,A - En Iyi,0,Sehir Merkezi,95,77.85087719289709,6360.0,6.362544254196369,1123.682892936411,37.06286416,30.16335959,1.074326051930088,2.8999023124190813,0.4476658757260479,1.959243960804831,4.363943150008415,-2.021214296706268
korkuteli_bahceyaka,BAHÇEYAKA,Korkuteli,15.219999095646294,21.54639175252179,F - En Dusuk,5,Daglık / Yukari Yerlesim,40,25.109649122779487,174.0,0.0851484789373742,1599.1119600238414,36.95852703,29.97752295,-0.9948014081096248,-4.68856320785617,-0.8205468291064772,-1.4425447606665047,7.877826833645277,1.1700872021146518
korkuteli_bayat,BAYAT,Korkuteli,18.925709893251796,26.082474226736903,F - En Dusuk,5,Daglık / Yukari Yerlesim,40,32.6754385964554,225.0,0.1714412115441825,910.4659920318588,37.0523371,30.2962691,-0.8160393690484362,-2.8066289619782503,-1.318591941400053,0.1683466052865635,-0.9291527403612826,0.3633004620131533
korkuteli_bayatbademleri,BAYATBADEMLERİ,Korkuteli,23.577794356979645,31.6494845360009,F - En Dusuk,5,Daglık / Yukari Yerlesim,40,42.43421052626926,405.0,0.177997680787309,855.4998080497674,37.0582715,30.45095551,-0.4267933107230631,-4.842505239205224,2.5273817529966807,-0.5830375611317201,-1.804002018207668,0.036853076110539
korkuteli_begis,BEĞİŞ,Korkuteli,2.3269804666256757,3.4020618556613353,F - En Dusuk,5,Daglık / Yukari Yerlesim,40,3.6184210526276113,98.0,0.0570055470672712,1396.0532677344447,36.91912153,30.09455646,-1.4134018815539102,-7.420175162680222,-2.793061959537266,-0.6708210798385837,-1.3132363442287958,1.0039181414341838
korkuteli_bozova,BOZOVA,Korkuteli,30.5030068727933,38.2474226803138,F - En Dusuk,5,Daglık / Yukari Yerlesim,40,60.41666666660041,924.0,0.5493327598299321,940.5557050858688,37.21557132,30.30177929,0.0758026187656809,-2.786991072832889,0.0480226562997541,0.6848960919352194,-1.1367394328238405,0.0041199762969049
korkuteli_buyukkoy,BÜYÜKKÖY,Korkuteli,28.975831976792705,37.319587628769796,F - En Dusuk,5,Daglık / Yukari Yerlesim,40,55.37280701748315,1269.0,0.0804199292808587,946.1001075698314,37.16472366,30.29422881,0.2563337887443448,-4.279802356154347,-0.4632924692481892,-0.3392890336376772,-2.375072500598176,0.7908780738581849
korkuteli_derekoy,DEREKÖY,Korkuteli,25.659816422448813,33.91752577310846,F - En Dusuk,5,Daglık / Yukari Yerlesim,40,47.25877192977274,1033.0,0.0539642115177349,1359.557074139526,37.09516486,30.08517621,0.140036211841275,-5.609364217529533,-0.9107142923896094,-2.1831028893555557,7.052752836727136,0.5701641301204012
korkuteli_duraliler,DURALİLER,Korkuteli,2.9152197504009325,4.226804123700447,F - En Dusuk,5,Daglık / Yukari Yerlesim,40,4.605263157889687,152.0,0.0,1686.1322900735838,36.91473891,29.95721817,-1.090943140172484,-6.815242795442807,-2.316604765502769,-2.144957635668989,-6.414892991625865,0.7565760649187634
korkuteli_esenyurt,ESENYURT,Korkuteli,20.57908301677915,28.041237113329792,F - En Dusuk,5,Daglık / Yukari Yerlesim,40,36.18421052627611,523.0,0.0610427605147833,1054.8822737162886,37.04424549,30.34891252,-0.2656891414089024,-4.956317419192705,-2.036110117905239,-0.8555240978927222,-2.012982936564177,0.5813882295337979
korkuteli_garipce,GARİPCE,Korkuteli,16.329670826517756,22.886597938085345,F - En Dusuk,5,Daglık / Yukari Yerlesim,40,27.412280701724328,308.0,0.1057722005271686,898.0333234018219,37.28903505,30.34726576,-0.6047717952953331,-5.761811621488895,-1.901013855075401,-0.9429405139564662,-3.0985223944519986,0.3657901501564496
korkuteli_gocerler,GÖÇERLER,Korkuteli,7.712063664299553,11.134020618528005,F - En Dusuk,5,Daglık / Yukari Yerlesim,40,12.2807017543725,136.0,0.084564962106229,1474.8512548577062,37.01572698,30.03135531,-1.1711650834427414,-5.056638739731298,-2.0050218290533257,-2.7284646876869467,-6.0070999724174365,1.080610388225666
korkuteli_kevzer,KEVZER,Korkuteli,24.61509766679856,32.989690721564465,F - En Dusuk,5,Daglık / Yukari Yerlesim,40,44.407894736793416,679.0,0.1368882368871746,1371.380891843858,37.18709523,30.18418009,-0.1061818473082813,-4.865884635724675,-1.4294172813211512,-1.1827366868930649,-1.7449948856399085,0.4854970400036703
korkuteli_guzle,GÜZLE,Korkuteli,8.06463646227314,11.64948453605245,F - En Dusuk,5,Daglık / Yukari Yerlesim,40,12.828947368406988,214.0,0.0103069526982092,1018.4425651939544,36.93986547,30.38032115,-0.8504838499786904,-7.005458006257131,-2.121637830131638,-0.6838082198400045,-0.9560349945332928,0.2153340985515593
elmali_haciyusuflar,HACIYUSUFLAR,Elmalı,1.9744076686520882,2.88659793813689,F - En Dusuk,5,Daglık / Yukari Yerlesim,40,3.070175438593125,102.0,0.0444007974738432,1844.6786351413232,36.8774514,29.89485456,-1.3833554995620387,-7.318484215576728,-2.2709823389930426,-2.515802944952579,-2.517929806038844,0.5822233645708497
korkuteli_karabayir,KARABAYIR,Korkuteli,3.9729381443216933,5.77319587627378,F - En Dusuk,5,Daglık / Yukari Yerlesim,40,6.249999999993147,126.0,0.0,1458.9715483146497,36.95370067,30.0635092,-1.2268345782338077,-6.50907999445901,-2.2754396254387905,-0.9118314347638432,-0.0514212416258975,0.9171433182840728
korkuteli_karakuyu,KARAKUYU,Korkuteli,10.11141255197778,14.53608247418934,F - En Dusuk,5,Daglık / Yukari Yerlesim,40,16.228070175420804,236.0,0.0,997.926531793486,37.22339608,30.41875315,-0.7834246560087115,-5.499193884392252,-2.1556252971508965,-1.5539747422271315,-1.909968640680096,0.3469853067605448
korkuteli_karatas,KARATAŞ,Korkuteli,15.975244167086338,22.47422680406579,F - En Dusuk,5,Daglık / Yukari Yerlesim,40,26.64473684207605,198.0,0.1554720405819339,1005.5482378067892,37.11812529,30.39301439,-0.9042797862664582,-3.95105340375848,-1.885749889910861,-0.7042440414922809,-1.6230361981849268,0.7846852981854759
korkuteli_kargalik,KARGALIK,Korkuteli,30.039065789394936,8.319999999889067,B - Iyi,1,Sehir Siniri,78,61.293859649055605,1248.0,0.4658729976632975,1158.8673292101084,37.03795431,30.17577283,0.247008751297093,-2.84431582245108,-1.1722102142575717,1.516661349737176,-3.2251622036191705,-0.2793093984348559
korkuteli_kargin,KARGIN,Korkuteli,9.664202387391958,13.917525773160007,F - En Dusuk,5,Daglık / Yukari Yerlesim,40,15.46052631577252,165.0,0.0660361316694429,950.2626969448776,37.08145715,30.37035701,-1.0323987017852538,-6.028406509763141,-2.033225497739908,-0.3987612578155598,-1.727474629066632,0.6510347379708706
korkuteli_karsiyaka,KARŞIYAKA,Korkuteli,48.84009381889032,16.357615893931406,A - En Iyi,0,Sehir Merkezi,95,79.38596491219366,3108.0,30.51497064459824,1018.6822134319464,37.05707468,30.19234862,0.7304363943031152,7.224931311740591,2.8991035022039098,1.576882963652524,-1.6814812902787957,1.6051848049822557
korkuteli_kayabas,KAYABAŞ,Korkuteli,21.521748959985832,29.27835051538846,F - En Dusuk,5,Daglık / Yukari Yerlesim,40,37.93859649118647,402.0,0.1532603590701921,1797.2157591847306,36.96264266,29.82732017,-0.4315510953606675,-2.717325156927665,-1.439928618327586,-2.2636470795828894,-0.5332991634354153,0.4528049537133491
korkuteli_kemeragzi,KEMERAĞZI,Korkuteli,3.1972779887798017,4.6391752577200025,F - En Dusuk,5,Daglık / Yukari Yerlesim,40,5.043859649117277,151.0,0.0,937.4268011109356,37.10455952,30.3815755,-1.0956757783032018,-6.090256370453536,-3.0847729672109745,-1.2957955533561014,-1.4674372406926812,0.4487030704594454
korkuteli_kirkpinar,KIRKPINAR,Korkuteli,17.24821396270692,24.123711340144013,F - En Dusuk,5,Daglık / Yukari Yerlesim,40,29.05701754382779,361.0,0.0426983777840169,1682.641073654892,37.14780789,29.91966536,-0.5008586402268624,-5.9992177543144045,-1.5748886917000913,-1.0090381565186224,-5.570680183669596,0.9322114790671162
korkuteli_kizilaliler,KIZILALİLER,Korkuteli,13.713216675681874,19.484536082424007,F - En Dusuk,5,Daglık / Yukari Yerlesim,40,22.47807017541395,194.0,0.1538694828269732,1473.1058743694907,36.98644264,29.95806397,-0.9184883971605636,-5.889993529481208,-1.7512080297967558,-1.2138828412599432,-2.426314994019188,0.6464988344842673
korkuteli_kizilcadag,KIZILCADAĞ,Korkuteli,21.026293181364974,28.659793814359126,F - En Dusuk,5,Daglık / Yukari Yerlesim,40,36.951754385924396,242.0,0.2403061750588672,1562.0861438235968,37.03070517,29.96552526,-0.7663422098478457,-4.520340041717517,1.0985700825074654,-0.330952136740719,0.2315433960525112,0.4524300330370767
korkuteli_kozagaci,KOZAĞACI,Korkuteli,20.64959757637387,28.14432989683468,F - En Dusuk,5,Daglık / Yukari Yerlesim,40,36.29385964908301,440.0,0.1421605493955546,1746.7118478112568,36.93856512,29.91254183,-0.3740338404347452,-4.819216248373886,-2.1034984774778764,-1.2110262010908612,8.938069113204484,1.261951455241225
korkuteli_koseler,KÖSELER,Korkuteli,14.913818050249905,21.134020618502234,F - En Dusuk,5,Daglık / Yukari Yerlesim,40,24.561403508745,137.0,0.1485041345592993,943.3313690524744,37.15010994,30.37899511,-1.165850094641789,-4.160495209860589,-0.7843329162387027,-0.7110824598884885,-1.3160446463703823,0.4978643500995319
korkuteli_kucukkoy,KÜÇÜKKÖY,Korkuteli,29.358089166157313,37.52577319577958,F - En Dusuk,5,Daglık / Yukari Yerlesim,40,56.68859649116591,2508.0,0.1651184495773869,969.9790116795588,37.1078881,30.28864687,0.6215151496741114,-3.770291830747054,-4.1030990134655765,1.1772300110510665,1.9890063877548128,0.342783402453132
korkuteli_kiremitli,KİREMİTLİ,Korkuteli,59.17684188726941,33.34437086070633,A - En Iyi,0,Sehir Merkezi,95,84.53947368411782,4457.0,401.6587986750477,993.4819864609512,37.06732076,30.1984157,0.9072773324628176,10.803557793451091,5.962055172339088,1.606708506931651,-0.2930320468226268,-8.196750095269389
korkuteli_leylek,LEYLEK,Korkuteli,3.902423584726976,5.670103092768891,F - En Dusuk,5,Daglık / Yukari Yerlesim,40,6.14035087718625,155.0,0.0,912.286242745412,37.25773507,30.39210785,-1.0769505927728558,-6.204616531481387,-2.283333878542817,-2.207822815770049,-1.6949132498980972,-0.131013820701583
korkuteli_mamatlar,MAMATLAR,Korkuteli,10.959441128572225,15.670103092743119,F - En Dusuk,5,Daglık / Yukari Yerlesim,40,17.763157894717367,219.0,0.086503033347806,1624.3731680060005,36.98425682,29.88871212,-0.8345881168904127,-5.231308112431697,-2.8225238479530703,-1.1561621294278823,7.33226100192483,0.8441607076429953
korkuteli_manay,MANAY,Korkuteli,13.948883161483543,19.793814432938678,F - En Dusuk,5,Daglık / Yukari Yerlesim,40,22.91666666664154,220.0,0.0225240626814031,1496.0693292363892,37.07044276,29.91476931,-0.831457565983393,-5.853180593842625,-1.4391246537510018,-1.0683118654394457,2.974711993437781,0.6947565113032808
korkuteli_nebiler,NEBİLER,Korkuteli,3.549850786753389,5.154639175244446,F - En Dusuk,5,Daglık / Yukari Yerlesim,40,5.592105263151763,131.0,0.0211873227349401,1578.7959979680209,36.98161355,30.03719252,-1.198408849660996,-6.823256346655767,-2.2174492071357927,-2.755113415302392,5.411198072503195,0.9044567672488588
korkuteli_osmankalfalar,OSMANKALFALAR,Korkuteli,12.371586181924407,17.62886597933601,F - En Dusuk,5,Daglık / Yukari Yerlesim,40,20.175438596469107,262.0,0.0,1647.7127471748563,37.12117505,29.8640047,-0.7126397157246761,-5.728611816905614,-2.103220339724622,-1.451762939283797,4.525361946122078,0.7850049155317178
korkuteli_sogutcuk,SÖĞÜTCÜK,Korkuteli,17.01254747690525,23.814432989629346,F - En Dusuk,5,Daglık / Yukari Yerlesim,40,28.6184210526002,182.0,0.6116987258988409,1025.353366569717,37.02871197,30.38673408,-0.963157553541546,-4.256084433597566,-1.6498447040227011,0.2681000543067451,-6.264395263796418,-0.7121862495709324
korkuteli_sulekler,SÜLEKLER,Korkuteli,25.826822210113598,34.02061855661335,F - En Dusuk,5,Daglık / Yukari Yerlesim,40,47.80701754380723,1023.0,0.1352587171256224,1365.5683502362822,37.1360021,30.09790005,0.1344668006202251,-4.837721786883338,-1.8009887259659292,-1.8839463036068,-2.4971171129514453,0.6081055207065436
korkuteli_tatkoy,TATKÖY,Korkuteli,24.68561222639328,33.09278350506935,F - En Dusuk,5,Daglık / Yukari Yerlesim,40,44.51754385960031,804.0,0.4161255878120699,1045.742953602546,37.00234114,30.23414198,-0.0055408382585673,-4.652850670466056,-2.894187228651392,-0.1976590897163244,-1.757317631882905,0.2549303718063035
korkuteli_taskesigi,TAŞKESİĞİ,Korkuteli,25.090138361317567,33.402061855584016,F - En Dusuk,5,Daglık / Yukari Yerlesim,40,45.72368421047618,653.0,0.0494165098923314,1693.018622961268,37.18770732,30.02381275,-0.1297256476315499,-5.06334594686478,-0.4316161091347297,-0.3126155173009907,5.987057327783244,0.6714042460621499
korkuteli_simandir,SIMANDIR,Korkuteli,22.301116838443395,30.20618556693246,F - En Dusuk,5,Daglık / Yukari Yerlesim,40,39.583333333289936,587.0,0.0521107164291769,1290.8764598499006,36.98270224,30.14930247,-0.1945369927046004,-6.246562494322173,-0.4022311780756341,-0.7673282297674758,-1.6915969162739024,0.6512441063496378
korkuteli_uzunoluk,UZUNOLUK,Korkuteli,41.67132894719674,22.87999999969493,B - Iyi,1,Sehir Siniri,78,73.1359649122005,9042.0,6.624972455099643,1054.9691879513375,37.09077147,30.21645533,1.232732139813991,4.1424414621363415,-3.321341715220505,2.644790287872188,-0.8416635601199799,-3.0786331657657104
korkuteli_yakakoy,YAKAKÖY,Korkuteli,4.772721106881104,6.907216494827559,F - En Dusuk,5,Daglık / Yukari Yerlesim,40,7.565789473675914,167.0,0.0,923.6523802783408,37.23952759,30.36016241,-1.0238494853183395,-6.263719366797095,-2.3472897659278,-1.5042272938220191,-1.6104409372151145,0.5080971590602175
korkuteli_yazir,YAZIR,Korkuteli,31.581117742750248,38.659793814333355,F - En Dusuk,5,Daglık / Yukari Yerlesim,40,64.47368421045562,1582.0,0.2346387806029054,1115.5827581327253,36.97966329,30.33153357,0.3777958392097721,-3.929768108811358,3.094282379764308,0.6399623461473234,-4.792746922841511,0.0660653806082052
korkuteli_yeleme,YELEME,Korkuteli,12.111796889105221,17.319587628821342,F - En Dusuk,5,Daglık / Yukari Yerlesim,40,19.627192982434618,198.0,0.0861873409412622,1646.595198060398,37.18585812,30.10657007,-0.9042797862664582,-4.884258121186464,-1.8011950602344795,-2.8028452399459005,-3.747178585266516,0.5997703046520053
korkuteli_yelten,YELTEN,Korkuteli,28.645528124378796,36.90721649475024,F - En Dusuk,5,Daglık / Yukari Yerlesim,40,54.714912280641755,1999.0,0.2382271741181421,1413.0977736185216,37.22510656,30.18259449,0.5032250036107896,-2.8978002041693283,-6.20302910674837,0.7549715315175044,6.235991059053173,0.3182487215392545
korkuteli_yeni,YENİ,Korkuteli,51.33750689834683,20.76158940383602,A - En Iyi,0,Sehir Merkezi,95,80.37280701745573,6580.0,21.151900956065923,991.3535956060136,37.06337603,30.21826099,1.0899311228579085,7.348309126609794,1.0307412838030716,2.1450600585348902,-1.1431390179162124,-7.8070427894721615
korkuteli_yesiloba,YEŞİLOBA,Korkuteli,8.34669470065201,12.061855670072006,F - En Dusuk,5,Daglık / Yukari Yerlesim,40,13.267543859634575,132.0,0.0434151899243069,1475.8514241794962,37.03136132,29.88116225,-1.1928685603904934,-5.263320838097124,-1.792253023838142,-1.9500038134962852,4.000068123592751,0.7356692522864711
korkuteli_yesilyayla,YEŞİLYAYLA,Korkuteli,32.03203563025174,39.072164948352906,F - En Dusuk,5,Daglık / Yukari Yerlesim,40,65.67982456133149,1550.0,0.33945188348757,1344.153858285826,37.25718061,30.20444114,0.3666719364921164,-3.0851721026824093,1.5729700756890552,0.26707006965476,3.9665453847311536,0.5458899316504199
korkuteli_yukarikaraman,YUKARIKARAMAN,Korkuteli,6.465070537154322,9.381443298944895,F - En Dusuk,5,Daglık / Yukari Yerlesim,40,10.19736842104145,150.0,0.1537862785950481,1573.5079042183168,37.05492715,30.03750618,-1.100443442403639,-5.729801422446152,-2.906018351366549,-1.16112335775178,-7.281013217269638,0.6390972388534459
korkuteli_caykenari,ÇAYKENARI,Korkuteli,17.48388044850859,24.43298969065868,F - En Dusuk,5,Daglık / Yukari Yerlesim,40,29.49561403505538,382.0,0.1242038378737495,928.405299254113,37.192066,30.37519833,-0.4643199712579481,-5.2382395322729645,-2.592584347079669,0.0335279678769507,-1.3865130565135295,0.5158293656413593
korkuteli_civgalar,ÇIVGALAR,Korkuteli,2.6090387050045454,3.814432989680891,F - En Dusuk,5,Daglık / Yukari Yerlesim,40,4.057017543855201,93.0,0.0,1802.4358574969028,36.92588857,29.80642457,-1.4529326421963753,-5.727409390561946,-2.414181226277647,-2.3827974275335357,-2.363838802700354,0.8123743764730611
korkuteli_comakli,ÇOMAKLI,Korkuteli,26.58762886592715,34.639175257642684,F - En Dusuk,5,Daglık / Yukari Yerlesim,40,49.999999999945175,863.0,0.1112217591071752,1187.506448558761,37.30908588,30.21512393,0.0360360287222435,-4.5578708372763215,-1.3378367792773933,0.0616413322137076,3.686630010813009,0.4152126776203748
korkuteli_cukurca,ÇUKURCA,Korkuteli,7.053309820929578,10.206185566984004,F - En Dusuk,5,Daglık / Yukari Yerlesim,40,11.184210526303525,45.0,0.0574887323521808,877.3958750111475,37.26847721,30.41801621,-1.8584203074848324,-2.317212151189784,-1.8503613461865096,-1.9377261745880336,-1.327762140025044,-0.5070058100293493
korkuteli_imrahor,İMRAHOR,Korkuteli,27.880039473619277,6.239999999916799,B - Iyi,1,Sehir Siniri,78,58.442982456076265,1619.0,1.8289445631226249,1025.0983113274106,37.05349852,30.23388507,0.3903478585068221,-1.0272050474751278,-5.991518491859975,0.7617169579071316,-1.317589561347465,-0.1409018618458535
kumluca_adrasan,ADRASAN,Kumluca,51.330507759480575,46.8589743583736,C - Ortanin Ustu,2,Sahil / Turistik,85,64.69298245606942,2828.0,4.228538085260362,248.5884560832764,36.32369987,30.46259519,0.6828409456714118,-0.7484582499617501,-4.086801380705589,1.5251875059128803,5.719805800662391,-1.191029588969032
finike_akcaalan,AKÇAALAN,Finike,4.984264785665256,7.216494845342226,F - En Dusuk,5,Daglık / Yukari Yerlesim,40,7.8947368420966075,83.0,0.0531985990148949,1621.5787342559647,36.52677749,30.17263028,-1.5395839071211697,-7.336866111437834,-0.3611203932435516,-1.4881073921651649,-3.6172202906632176,0.3843153901777494
kumluca_altinyaka,ALTINYAKA,Kumluca,12.182311448699938,17.42268041232623,F - En Dusuk,5,Daglık / Yukari Yerlesim,40,19.736842105241518,268.0,0.1990578723606419,1207.402109275673,36.55952275,30.35920858,-0.697417459553712,-6.806522494491179,-2.545256358173717,-0.2159986823862886,-2.8359152608411646,0.0271850198218827
kumluca_baglik,BAĞLIK,Kumluca,62.64486754950475,38.37748344345446,A - En Iyi,0,Sehir Merkezi,95,86.84210526306268,6950.0,169.24676570214294,33.80285971602976,36.37475716,30.28618794,1.1149014723014568,10.96512593507888,6.55649853079272,1.8878627557818328,1.0745904177615324,-2.6785702959103816
kumluca_belen,BELEN,Kumluca,21.427111593373596,29.17525773188357,F - En Dusuk,5,Daglık / Yukari Yerlesim,40,37.71929824557267,470.0,1.031703300432315,510.5682517090814,36.36786553,30.38836788,-0.332418275615269,-2.9511110564975183,-5.754151191412026,0.5599169407684669,-2.7096045528478268,-0.8851403002651697
kumluca_beykonak,BEYKONAK,Kumluca,65.15878036394457,67.56410256323636,C - Ortanin Ustu,2,Sahil / Turistik,85,74.34210526307639,4970.0,5.276456106949779,70.94790344132558,36.33359649,30.32513051,0.959225360710599,5.652097399280638,-0.4563878121974425,0.2142084270348242,6.775790650682982,-2.4958551626910013
kumluca_besikci,BEŞİKÇİ,Kumluca,25.517564945921926,13.076923076755424,C - Ortanin Ustu,2,Sahil / Turistik,85,41.995614035041676,579.0,1.073789137549085,162.49915304127924,36.35759946,30.34558925,-0.2029435837812183,-2.367303539087866,-3.467428730115798,0.0290623548499875,-0.494643835363472,-0.9097559831243957
kumluca_buyukalan,BÜYÜKALAN,Kumluca,5.971468619991299,8.659793814410671,F - En Dusuk,5,Daglık / Yukari Yerlesim,40,9.429824561393168,229.0,0.0125975561043498,1739.3028311134017,36.72547935,30.29804246,-0.8039775650144504,-7.073287268285965,-2.540450274106366,-1.382728539717495,-6.088975618985504,0.5850826935303666
kumluca_cumhuriyet,CUMHURİYET,Kumluca,65.70042594423512,68.65384615296598,C - Ortanin Ustu,2,Sahil / Turistik,85,74.45175438588328,2052.0,42.56264583026528,53.556282321001135,36.39155224,30.29705144,0.5170360838863278,5.282406109212076,6.07028488288669,0.0299601736717295,0.2417207781130065,-5.094209473255807
kumluca_derekoy,DEREKÖY,Kumluca,3.267792548374519,4.742268041224891,F - En Dusuk,5,Daglık / Yukari Yerlesim,40,5.153508771924174,165.0,0.0,1757.0103937722272,36.79754248,30.31858807,-1.0323987017852538,-7.14227820133396,-3.301811442608744,0.0301008706455077,-6.943605694419441,0.6823577222968037
kumluca_ellinci_yil,ELLİNCİ YIL MAHALLESİ,Kumluca,36.68887061384538,28.33333333297008,C - Ortanin Ustu,2,Sahil / Turistik,85,51.20614035082105,1305.0,1.376842473387356,81.41754871277911,36.38776912,30.30461138,0.2719244296173702,0.4723959714715206,-6.516236441291405,-0.9479587632119862,-0.827951772883764,-3.424881078161224
kumluca_erentepe,ERENTEPE,Kumluca,18.06300963670205,17.23943661959691,E - Dusuk,4,Kirsal / Ovacik,48,39.03508771925544,702.0,0.1142241855244451,398.3521049510066,36.40101753,30.36547611,-0.0861807132136057,-4.481071043429309,-2.6143007692074827,-0.3478645873450554,2.679031968571873,-0.1358870045916296
kumluca_eskicami,ESKİCAMİ,Kumluca,57.471474889485044,30.82781456933227,A - En Iyi,0,Sehir Merkezi,95,83.44298245604885,3660.0,217.4902200943793,33.92472235988011,36.37211977,30.29104343,0.8115854726521723,7.888783970843725,6.595073524149804,1.136898190298443,0.66571606303136,3.368607902432986
kumluca_goksu,GÖKSU,Kumluca,62.6624072195651,64.2948717940475,C - Ortanin Ustu,2,Sahil / Turistik,85,72.14912280693844,1926.0,6.955707836015085,2.7375492473475584,36.32878626,30.26658921,0.4835154371096206,6.419196373847263,-0.277721901872503,1.2677519366912304,9.565456128784268,-12.08268620965485
kumluca_golcuk,GÖLCÜK,Kumluca,7.359490866325966,10.61855670100356,F - En Dusuk,5,Daglık / Yukari Yerlesim,40,11.732456140338012,182.0,0.0162508832151891,1130.0482430088218,36.63848126,30.37573886,-0.963157553541546,-7.031286750297193,-2.1543610380461384,0.5851821169616642,-5.268137459547675,0.0714553402333693
kumluca_guzoren,GÜZÖREN,Kumluca,24.355308373979376,32.6804123710498,F - En Dusuk,5,Daglık / Yukari Yerlesim,40,43.859649122758924,543.0,0.2257097329698369,706.1277187517107,36.46121568,30.33959878,-0.2424521975029495,-4.5386362979644455,-1.7623629765189204,0.6442976987637211,-2.01645403480061,-0.9672065911703192
kumluca_haciveliler,HACIVELİLER,Kumluca,47.88240131551275,42.49999999945513,C - Ortanin Ustu,2,Sahil / Turistik,85,61.51315789466939,2218.0,2.578741183419617,40.26446072425372,36.3583657,30.26428558,0.5578374963703776,1.9333154487128767,-3.645842744044963,-0.8028099248800359,0.4377120304277067,-2.204220043533988
kumluca_hizirkahya,HIZIRKAHYA,Kumluca,42.16519062055826,33.78205128161818,C - Ortanin Ustu,2,Sahil / Turistik,85,57.67543859642799,678.0,9.146414979499555,10.428075176756003,36.3525792,30.25063248,-0.107068595534141,1.0795382919672245,-1.138199078313562,-1.8695738819896968,0.9301972617971628,-2.4600726534433144
kumluca_karacaagac,KARACAAĞAÇ,Kumluca,10.040897992383062,14.432989690684453,F - En Dusuk,5,Daglık / Yukari Yerlesim,40,16.118421052613904,300.0,0.0,651.8423036530315,36.50266992,30.31843778,-0.6221830581777203,-6.577280027242959,-2.568039494606798,0.2102753473519439,-2.930017085403565,-0.3285459745040386
kumluca_karacaoren,KARACAÖREN,Kumluca,18.85519533365708,25.979381443232015,F - En Dusuk,5,Daglık / Yukari Yerlesim,40,32.56578947364851,691.0,0.0449417322736774,1358.956521559758,36.57845666,30.22728201,-0.0956534910411292,-6.430927247964926,-2.965570940837408,0.2498251182583058,-2.5338491136397145,0.5664079388280805
kumluca_karsiyaka,KARŞIYAKA,Kumluca,50.99710264890065,20.1324503309925,A - En Iyi,0,Sehir Merkezi,95,80.26315789464884,3553.0,21.40802528482405,49.80853347437678,36.35290772,30.29784006,0.7969760935953775,8.541519371530367,2.9729543071453204,1.6702107550939478,0.5612965141110906,0.2814814595586996
kumluca_kasapcayiri,KASAPÇAYIRI,Kumluca,59.13400387951674,58.8461538453994,C - Ortanin Ustu,2,Sahil / Turistik,85,69.8464912279936,1284.0,25.25697711364276,57.9139052999885,36.37451457,30.30501447,0.262889342765285,2.1724375017630257,2.6993645385282377,-0.6296164928210896,-0.6279233415990126,0.2904334902116872
kumluca_kavakkoy,KAVAKKÖY,Kumluca,26.82812499989584,14.16666666648504,C - Ortanin Ustu,2,Sahil / Turistik,85,43.749999999952024,601.0,3.5559818218209265,6.307646582706567,36.33996597,30.25100391,-0.1801294234249222,1.04707277058122,-3.453874233232362,-3.378460099766069,1.0192252409528466,-4.479182111650239
kumluca_kum,KUM,Kumluca,64.3608299590929,66.47435897350674,C - Ortanin Ustu,2,Sahil / Turistik,85,73.68421052623499,2365.0,7.690658827190304,2.798339548174773,36.32617138,30.28587664,0.5912096444025353,6.850282537348118,0.0857566926493234,1.0757324079773536,8.885693768268045,-4.699947992784367
kumluca_kuzca,KUZCA,Kumluca,12.252826008294656,17.52577319583112,F - En Dusuk,5,Daglık / Yukari Yerlesim,40,19.846491228048414,313.0,0.1257013717539296,1182.4531279363248,36.66949654,30.32192407,-0.5941443870045693,-6.351161711069524,-4.714755439054576,0.4644881449402417,-3.0285187324465084,0.2910394651975789
kumluca_mavikent,MAVİKENT,Kumluca,60.473599864658965,61.02564102485864,C - Ortanin Ustu,2,Sahil / Turistik,85,70.61403508764187,6929.0,3.333448103366717,228.2793468835516,36.28740179,30.38698485,1.1135245184505078,4.282028044585779,-5.120380567892157,2.404195553567327,7.402234167334281,-0.8661753274419259
kumluca_merkez,MERKEZ,Kumluca,52.12845816433226,47.94871794810322,C - Ortanin Ustu,2,Sahil / Turistik,85,65.3508771929108,4741.0,1.833351055726872,107.31672694975758,36.38865177,30.31730223,0.9368160522451796,-0.7335740592261594,-2.8417936293989974,-0.3072927591071411,-1.3498802093550049,-2.232051368080588
kumluca_meydan,MEYDAN,Kumluca,60.541804635607605,35.23178807923688,A - En Iyi,0,Sehir Merkezi,95,85.52631578937991,3551.0,606.5220477216709,28.57892134419925,36.36369772,30.28624198,0.7966983463104553,9.788620242630165,8.540711395997326,0.5903663608347526,0.5470783799654951,0.8888177289289803
kumluca_narenciye,NARENCİYE,Kumluca,68.43087887943182,73.01282051188444,C - Ortanin Ustu,2,Sahil / Turistik,85,76.09649122798675,2749.0,42.60024968962675,32.84400321749686,36.37291191,30.29618478,0.668451592062403,4.128915664103172,5.4744674411852765,-0.0628308644012632,0.5765400118827047,-1.3658755190310043
kumluca_ortakoy,ORTAKÖY,Kumluca,14.543958487719308,12.507042253433049,E - Dusuk,4,Kirsal / Ovacik,48,33.77192982452437,575.0,0.2497278590655832,258.6073229725712,36.43777097,30.28893804,-0.207195754165906,-3.5449110420652685,-4.790151896893057,-0.5229243867524859,-2.253238862422714,-1.3788936357747428
elmali_ovacik,OVACIK,Elmalı,0.3525727979735872,0.5154639175244448,F - En Dusuk,5,Daglık / Yukari Yerlesim,40,0.5482456140344866,69.0,0.0,1752.1952332703936,36.77293225,30.15697068,-1.6825664655975243,-7.597676132199409,-2.5879109781629386,-2.0045617045487982,-2.346255431358866,0.7731072101301051
kumluca_salur,SALUR,Kumluca,44.1489541158155,37.05128205080703,C - Ortanin Ustu,2,Sahil / Turistik,85,58.77192982449696,1909.0,1.0007076003442037,162.31772032188292,36.37896538,30.23759466,0.4788053127326003,-0.1921077976674524,-3.2182828612767627,-0.3288099573487009,-3.3997493612577454,-0.716023057495015
kumluca_saricasu,SARICASU,Kumluca,59.82943235454397,59.93589743512902,C - Ortanin Ustu,2,Sahil / Turistik,85,70.28508771922118,2484.0,2.209806084282353,163.03480932303003,36.40131434,30.27805538,0.6165661939163827,1.1852155709711407,0.344248977488967,0.3457524186505561,-1.1147359212954522,-2.2306822068859105
kumluca_sarikavak,SARIKAVAK,Kumluca,23.61409834674523,10.897435897296186,C - Ortanin Ustu,2,Sahil / Turistik,85,40.02192982451752,520.0,3.844712079124175,72.87075124042906,36.37743571,30.31635372,-0.2692602935160774,-0.794875956473987,-4.099075265362865,-1.6729757328151185,-0.7594489342310804,-2.121517213638936
kumluca_temel_egitim,TEMEL EĞİTİM MAHALLESİ,Kumluca,73.75860833587134,76.28205128107331,C - Ortanin Ustu,2,Sahil / Turistik,85,77.4122807016695,3559.0,54.95642278945871,48.23256837818501,36.38989927,30.29081348,0.7978082855332791,4.127575484791389,5.986971169626819,-0.2275324368792153,0.6835889628927965,-3.98902936930261
kumluca_toptas,TOPTAŞ,Kumluca,29.068193319714194,17.435897435673898,C - Ortanin Ustu,2,Sahil / Turistik,85,45.39473684205549,871.0,1.5834296106519326,157.09315130022213,36.40926463,30.32456002,0.0414276603117858,-2.7928585866816333,-5.7800712092970095,-0.8497854822571563,-1.141490503815462,-0.5419728523409737
kumluca_yazir,YAZIR,Kumluca,31.958154188156712,35.83098591524063,E - Dusuk,4,Kirsal / Ovacik,48,59.978070175372835,1291.0,3.3982870677329955,313.4834786785883,36.38961593,30.43951985,0.2659193122284468,-3.2319862576757483,-2.369107405129688,1.428714598138758,5.222757486167126,-3.615944233877739
kumluca_yeni,YENİ,Kumluca,55.9952745583671,28.311258277958206,A - En Iyi,0,Sehir Merkezi,95,82.78508771920747,6438.0,80.40177458963147,17.699311026597574,36.35815172,30.27845113,1.0799270381886634,8.131761118358671,7.058426987140248,0.970328920554283,0.8898628591876504,-4.37878064017398
kumluca_yenikisla,YENİKIŞLA,Kumluca,7.430005425920683,10.721649484508449,F - En Dusuk,5,Daglık / Yukari Yerlesim,40,11.84210526314491,194.0,0.1030264482801305,638.7069574886464,36.5071547,30.21270238,-0.9184883971605636,-7.317083626079821,-2.166045574343461,-1.0613866444628954,-2.956723615665851,0.2306467098331176
kumluca_yesilkoy,YEŞİLKÖY,Kumluca,13.85424579487131,19.690721649433787,F - En Dusuk,5,Daglık / Yukari Yerlesim,40,22.697368421027743,215.0,0.168083399621224,474.3440215600338,36.32607977,30.40346322,-0.8472717774918629,-4.911423067342941,-2.128707427322849,-0.8445339466896421,-7.982600843506937,-0.2316846064656926
kumluca_calti,ÇALTI,Kumluca,9.146477663211419,13.195876288625785,F - En Dusuk,5,Daglık / Yukari Yerlesim,40,14.583333333317345,264.0,0.035512916695913,607.404838808327,36.58526917,30.292692,-0.7075227563162965,-7.7003705799612225,-2.238901945336361,-0.5039680372266335,-3.2399844916687037,0.3226616526759592
kumluca_cayici,ÇAYİÇİ,Kumluca,7.571034545110118,10.927835051518226,F - En Dusuk,5,Daglık / Yukari Yerlesim,40,12.061403508758705,170.0,0.0441612016934231,478.0506741886918,36.44018839,30.22628086,-1.011237246819913,-5.226635113274757,-2.572096792925921,-0.4268451786062183,8.948593580485408,-0.4968362597352542
korkuteli_imecik,İMECİK,Korkuteli,17.177699403112204,24.020618556639125,F - En Dusuk,5,Daglık / Yukari Yerlesim,40,28.94736842102089,601.0,0.027846993025999,1613.8148212710807,36.84578974,30.2481383,-0.1801294234249222,-6.7538541842861415,-2.944974691397121,0.0756810818702057,-4.749068945745855,0.7520128245186269
kumluca_incircik,İNCİRCİK,Kumluca,16.49482275272471,23.09278350509512,F - En Dusuk,5,Daglık / Yukari Yerlesim,40,27.74122807014502,296.0,0.1772297487364228,867.0427523389028,36.44772873,30.38004989,-0.6310842727031942,-5.66543298646402,-1.874637486787678,-1.5964297222488837,2.1909074828015846,-0.0782141719884245
manavgat_a_hisar,A. HİSAR,Manavgat,87.92328806687046,66.68874172141265,A - En Iyi,0,Sehir Merkezi,95,94.40789473673858,8798.0,484.6367213221008,7.753715313698366,36.78321173,31.44518671,1.2206559398433607,11.25584496799857,8.456509275792163,1.701614025463086,9.81824358078824,25.45021709202267
manavgat_a_pazarci,A. PAZARCI,Manavgat,87.07788501802337,64.80132450288211,A - En Iyi,0,Sehir Merkezi,95,93.969298245511,8704.0,531.0009367658035,7.40475629634515,36.78531748,31.45454739,1.2159031279379715,10.767689721935858,8.7265234505065,1.805235795818864,8.518515503144261,16.870105516787376
manavgat_ahmetler,AHMETLER,Manavgat,13.006217218276863,18.55670103088001,F - En Dusuk,5,Daglık / Yukari Yerlesim,40,21.16228070173118,249.0,0.142840947414486,579.958609240195,36.82735291,31.69530836,-0.7470003982893596,-6.604687855495626,-2.0123172927109696,-1.2596698416610026,-5.130893595903258,0.2732511265160993
manavgat_aksaz,AKSAZ,Manavgat,22.76208302437611,22.985915492795876,E - Dusuk,4,Kirsal / Ovacik,48,47.03947368415895,771.0,0.6288125033078158,88.27329555179608,36.78443838,31.5342333,-0.0303135140827201,-1.9370941201048464,-3.868959760155527,0.3412398389854463,6.319024006663366,-0.972700883134204
manavgat_altinkaya,ALTINKAYA,Manavgat,12.583129860708562,17.938144329850676,F - En Dusuk,5,Daglık / Yukari Yerlesim,40,20.5043859648898,345.0,0.178934898071301,1014.6128949439748,37.23433881,31.11802652,-0.5303299713727623,-7.361257563678116,-3.168778294804959,-1.0084082721836012,-1.0111165537821998,0.4201127202167301
manavgat_aydinevler,AYDINEVLER,Manavgat,56.790666390592676,29.569536423645236,A - En Iyi,0,Sehir Merkezi,95,83.22368421043507,4642.0,48.92419196455093,13.77268178210305,36.7856551,31.42649482,0.9267496840120664,6.871924027364127,6.149007431494785,1.660695417110443,0.609932215887093,12.017220155736508
manavgat_asagiisiklar,AŞAĞIIŞIKLAR,Manavgat,26.759043735995505,28.394366196983142,E - Dusuk,4,Kirsal / Ovacik,48,52.96052631573141,1615.0,0.3833067238611406,53.15057550242137,36.8042489,31.50406672,0.3890064535765465,-1.1493712802157845,-6.352202556578087,0.3327385258831355,4.749262355847628,-2.994973808874961
manavgat_bahcelievler,BAHÇELİEVLER,Manavgat,86.79048362561852,64.1721854300386,A - En Iyi,0,Sehir Merkezi,95,93.8596491227041,9622.0,229.1809377172312,8.075274615395601,36.7833281,31.43465811,1.2600298593789705,11.679828453333329,8.20349099936328,1.8203108641678087,1.2954730922999798,11.878958153233537
manavgat_ballibucak,BALLIBUCAK,Manavgat,12.724158979897997,18.144329896860455,F - En Dusuk,5,Daglık / Yukari Yerlesim,40,20.723684210503592,195.0,0.0353738448833083,1471.0045826179949,37.30705701,31.09822116,-0.9149058209575186,-6.21858802560326,0.3449820221625039,-1.6517398343454313,-3.545583655076,0.705080686121455
manavgat_belenobasi,BELENOBASI,Manavgat,24.42582293357409,32.78350515455468,F - En Dusuk,5,Daglık / Yukari Yerlesim,40,43.969298245565824,800.0,0.1061995134150694,139.10413171087566,36.82183383,31.58590341,-0.0084823794930959,-4.154566705911456,-2.2100867798641453,-0.1678263179545253,-1.3002518348264356,-0.4304251043187883
manavgat_bereket,BEREKET,Manavgat,17.404040029589098,16.225352112561794,E - Dusuk,4,Kirsal / Ovacik,48,38.26754385960716,685.0,0.1461782927866421,17.809547344221187,36.87772772,31.21143308,-0.1008918670014335,-1.7170541892110274,-4.194874580002425,-0.3354019779479001,0.4919312232862166,-0.4883143867212323
manavgat_beydigin,BEYDİĞİN,Manavgat,13.572187556492441,19.278350515414232,F - En Dusuk,5,Daglık / Yukari Yerlesim,40,22.258771929800155,324.0,0.0675418624125523,538.482992765198,37.01495116,31.39499412,-0.5714171348503321,-6.687656836182452,-2.2025612369682896,-0.7554010546999824,-7.661423769831833,0.2527956964766664
manavgat_beskonak,BEŞKONAK,Manavgat,28.055434979145705,36.18556701021602,F - En Dusuk,5,Daglık / Yukari Yerlesim,40,53.508771929765885,1375.0,0.5431010578650775,666.0988698134169,37.17539858,31.25243986,0.3009055303780333,-5.404617393690828,-2.359892774185148,0.1227362008354394,4.979218194713494,0.4642143841455
manavgat_boztepe,BOZTEPE,Manavgat,23.08855263143114,14.399999999712001,D - Orta,3,Kucuk Kasaba,60,50.328947368365874,514.0,1.2271405196154732,22.243900055380006,36.67299795,31.67024552,-0.276472247981009,-1.0561643717134246,-0.3344803825951247,-1.863505062868306,8.396829162727299,-3.200943962936571
serik_bucakkoy,BUCAKKÖY,Serik,9.74329132688186,6.084507042210673,E - Dusuk,4,Kirsal / Ovacik,48,26.53508771926915,226.0,0.0982663651330497,176.7914432753936,37.02343636,31.19579125,-0.8130016138535162,-5.1012153809705785,-1.8616684090617783,0.030473245847802,6.142220601427722,0.1226846354459134
manavgat_bucakseyhler,BUCAKŞEYHLER,Manavgat,30.861141255140396,38.45360824732357,F - En Dusuk,5,Daglık / Yukari Yerlesim,40,61.62280701747629,730.0,1.7050535106686415,80.83110423274573,36.85245794,31.47869944,-0.062799005097169,-3.412806526434415,2.540130004308641,0.4478284470448202,6.367028428821856,-0.996848584846715
manavgat_burmahan,BURMAHAN,Manavgat,21.35659703377888,29.07216494837868,F - En Dusuk,5,Daglık / Yukari Yerlesim,40,37.60964912276578,506.0,0.1173680094769972,1345.4767610018855,37.18845077,31.30159384,-0.2862360521934071,-6.331895039728756,-0.1252869499491513,-2.0280764482534286,-4.396865137034677,0.7130752992899247
manavgat_bukluce,BÜKLÜCE,Manavgat,10.303453947357125,0.0,C - Ortanin Ustu,2,Sahil / Turistik,85,22.039473684186362,251.0,0.0,6.071324966616571,36.87145536,31.18315122,-0.7415854870562179,-1.5470429918757274,-2.4436553009833166,-0.9721529006094958,6.079511849020762,-0.6873345657375003
manavgat_cevizler,CEVİZLER,Manavgat,5.247405485534573,1.69014084505852,E - Dusuk,4,Kirsal / Ovacik,48,16.995614035069085,231.0,0.2215978088408662,81.107979225124,36.7775697,31.56393185,-0.7980345148471,-3.967761645924883,-5.132277548437843,-1.2979944260583447,-1.112894772273892,-0.4342509948337102
manavgat_demirciler,DEMİRCİLER,Manavgat,30.90811712367017,34.14084507018211,E - Dusuk,4,Kirsal / Ovacik,48,58.88157894730386,1630.0,1.045889679705997,91.54256670447064,36.79289904,31.51739433,0.394017665680151,-0.9544682213144792,-3.7384797750025287,0.8956813207801065,7.977124836561847,-2.9990964637389896
manavgat_denizkent,DENİZKENT,Manavgat,19.40562200948277,3.2727272725785124,D - Orta,3,Turistik Sahil Kasabasi,72,45.28508771924859,299.0,1.0092782953693302,5.087562030077854,36.83476338,31.19617131,-0.6243958790546714,-1.0419771122429795,0.4074268745427563,0.147026101944895,9.927067284254674,-4.446237877196497
manavgat_denizyaka,DENİZYAKA,Manavgat,22.25907894723173,13.199999999736,D - Orta,3,Kucuk Kasaba,60,49.45175438591069,600.0,0.322057077316994,4.716217164737234,36.8565904,31.19752315,-0.1811460240252679,-0.9072406821279816,-1.96127169797814,-0.3942973321686124,7.453262675014195,0.464392693187424
manavgat_degirmenozu,DEĞİRMENÖZÜ,Manavgat,12.512615301113842,17.835051546345785,F - En Dusuk,5,Daglık / Yukari Yerlesim,40,20.3947368420829,233.0,0.0364993156013331,834.7095899395686,37.37017286,31.2170409,-0.7921486108051605,-6.844366912314322,-0.5226546098698155,-2.273395684184364,0.4401188632578546,0.6079280740110204
manavgat_dolbazlar,DOLBAZLAR,Manavgat,18.562490733809565,17.577464788608612,E - Dusuk,4,Kirsal / Ovacik,48,40.35087719293821,664.0,0.470284265675809,22.755009494394496,36.83493765,31.4129477,-0.1196390027945294,-2.13380565663456,-3.679474836211164,-1.1860882165375135,0.3230134121343139,-0.1336458830852591
manavgat_dogancam,DOĞANÇAM,Manavgat,35.0417088392298,26.153846153510848,C - Ortanin Ustu,2,Sahil / Turistik,85,49.78070175433138,709.0,5.440572625214779,11.310355052912216,36.75113009,31.51621147,-0.0802386709624151,-0.0074913992126197,-4.424936308337948,-0.0535755011823087,7.654382266604226,-2.4073180261873093
manavgat_duzagac,DÜZAĞAÇ,Manavgat,14.607637004853519,20.72164948448268,F - En Dusuk,5,Daglık / Yukari Yerlesim,40,24.013157894710513,469.0,0.0687623434853025,740.1908196931797,37.25418986,31.24842188,-0.3337570629798911,-7.022381054856628,-4.081766354933977,-0.4485795528056218,-2.0729407720802,0.4903884468159625
manavgat_dikmen,DİKMEN,Manavgat,27.036692891970805,35.15463917516713,F - En Dusuk,5,Daglık / Yukari Yerlesim,40,50.98684210520725,1304.0,2.31252441640363,67.70626527433517,36.85333386,31.45613217,0.2714978904322102,-2.940055277380928,-6.691372804548026,-0.4095826776194013,-0.0731440964416738,-0.9680572210939068
manavgat_emek,EMEK,Manavgat,76.81182835824534,70.71999999905707,B - Iyi,1,Sehir Siniri,78,90.89912280691787,11105.0,177.78904633955543,13.861181118155407,36.78771953,31.46792043,1.3221925413894144,9.34176764791401,6.055695044484419,1.6118313343709068,0.9367859899037034,14.650022104229206
manavgat_eski_hisar,ESKİ HİSAR,Manavgat,60.0295253861616,34.602649006393364,A - En Iyi,0,Sehir Merkezi,95,85.08771929815232,3860.0,196.9446828582752,5.745108121820452,36.77807168,31.4424575,0.8376517439848016,9.815149651673508,5.0409437829269255,1.2486168003480431,7.990010858743299,23.843254961076063
manavgat_evrenleryavsi,EVRENLERYAVŞI,Manavgat,15.054847169439341,21.34020618551201,F - En Dusuk,5,Daglık / Yukari Yerlesim,40,24.780701754358795,436.0,0.0,86.4424799009766,36.86368392,31.4184368,-0.3798215296606936,-3.3328821054689164,-3.749292568981988,-1.4980210340693116,-0.7499214141214473,-0.736143418314563
manavgat_evrenseki,EVRENSEKİ,Manavgat,40.21204595980507,45.295774647568344,E - Dusuk,4,Kirsal / Ovacik,48,75.10964912272466,4194.0,4.729555347165851,140.27519865004055,36.86477328,31.34446886,0.8779777998207176,5.219916323902266,-0.9769201596371134,2.3703068692382065,5.854381772315799,-5.018137409461705
manavgat_gaziler,GAZİLER,Manavgat,11.829738650726352,16.907216494801787,F - En Dusuk,5,Daglık / Yukari Yerlesim,40,19.18859649120703,137.0,0.2868202962955151,570.0261346004687,37.30375526,31.22020043,-1.165850094641789,-7.486716975056007,0.9297303122473348,-1.3931099206037996,1.725687188876849,0.4160826143028118
manavgat_gebece,GEBECE,Manavgat,23.88397540237603,32.061855670020456,F - En Dusuk,5,Daglık / Yukari Yerlesim,40,42.982456140303746,616.0,0.1360441984019613,679.5784638120025,36.8426379,31.65942253,-0.1651036655378502,-6.592539277455828,0.8964865143977643,-0.599813003435174,-2.477312556272922,0.1437115195413956
manavgat_gencler,GENÇLER,Manavgat,10.612268346892114,7.436619718257489,E - Dusuk,4,Kirsal / Ovacik,48,27.521929824531227,290.0,0.0681625669041155,307.7488181620724,36.78596158,31.72247752,-0.6446911740181002,-6.057186794021111,-0.0605132141366673,-1.507591690000331,-2.038589414703897,0.199110832923324
manavgat_gultepe,GÜLTEPE,Manavgat,37.54622368407773,16.639999999778134,B - Iyi,1,Sehir Siniri,78,70.06578947360738,2159.0,9.232331625351984,37.96607961650688,36.81410811,31.38959358,0.5437397727746439,2.81293801878189,0.9429702295444892,-1.4667701105263469,-0.2303983196497911,-2.2888986673978486
manavgat_gundogdu,GÜNDOĞDU,Manavgat,35.411934766347244,40.225352112392784,E - Dusuk,4,Kirsal / Ovacik,48,65.57017543852459,2194.0,2.230250415702747,31.629775692564923,36.85809249,31.26130084,0.5521541113362394,2.650915334120376,-3.1159766306335097,1.976050526680804,6.319261545650119,-4.504091452339649
manavgat_guzelyali,GÜZELYALI,Manavgat,12.653644420303277,18.041237113355564,F - En Dusuk,5,Daglık / Yukari Yerlesim,40,20.614035087696696,152.0,0.4464037003652654,162.5793482959745,36.883357,31.54500429,-1.090943140172484,-4.849821003276286,-2.044867609782278,-2.3010698761581367,9.691866517889624,0.3268276740830793
manavgat_haciali,HACIALİ,Manavgat,11.82861378795462,8.788732394304306,E - Dusuk,4,Kirsal / Ovacik,48,29.824561403476068,342.0,0.1305797033699226,102.51350970176108,36.78847795,31.55545444,-0.5360258067216134,-4.064115108304118,-2.0782358999072734,-1.1032716938650546,-1.052946862770769,-0.8053220175859717
manavgat_haciobasi,HACIOBASI,Manavgat,31.593602395261982,21.79487179459237,C - Ortanin Ustu,2,Sahil / Turistik,85,46.600877192931364,575.0,2.622489376186267,43.915198630449545,36.73696156,31.57946224,-0.207195754165906,0.2074079922607402,-3.019450980956972,-0.2774359498496677,0.1395671014018077,-5.20255750065235
manavgat_haciisali,HACIİSALI,Manavgat,14.725018532195595,12.845070422444754,E - Dusuk,4,Kirsal / Ovacik,48,33.88157894733127,382.0,0.1994107810242296,146.31493538452892,36.76995452,31.57923846,-0.4643199712579481,-2.8887009342834187,-2.213173610768779,-0.7760682129192148,-1.538526413262279,-1.1977896084503448
manavgat_halitagalar,HALİTAĞALAR,Manavgat,1.099999999998794,0.0,E - Dusuk,4,Kirsal / Ovacik,48,4.166666666662098,194.0,0.0,311.4110124034873,36.74267515,31.67851524,-0.9184883971605636,-6.218732978844554,-4.982447937654716,-1.8034807247192792,-1.2905658326429832,-0.0590296763702175
manavgat_hatipler,HATİPLER,Manavgat,39.70285526300555,19.759999999736532,B - Iyi,1,Sehir Siniri,78,71.82017543851774,4063.0,7.4795319730813565,37.12469914015326,36.8095442,31.40315295,0.8626053028249415,3.378088622089728,-2.039520104179517,1.650616733213033,0.4053289279625681,-6.98664799672995
manavgat_hocalar,HOCALAR,Manavgat,16.781393624847336,15.549295774538386,E - Dusuk,4,Kirsal / Ovacik,48,37.061403508731296,473.0,0.2831179439424853,93.48467204718187,36.90852641,31.27603778,-0.328420948398367,-3.096765100533489,-3.324574977087753,0.0825064702711399,3.4490199490068374,-0.3314831944106603
manavgat_hocali,HOCALI,Manavgat,14.160426840267696,20.10309278345334,F - En Dusuk,5,Daglık / Yukari Yerlesim,40,23.245614035062232,311.0,0.0835004246414095,203.6770227894973,36.80465741,31.61190881,-0.5983724334217188,-6.0874271794566335,-2.2018177867529465,-1.0674917244108082,-7.178013686025643,-0.2844063612711074
manavgat_ilica,ILICA,Manavgat,64.8226184206494,60.31999999919574,B - Iyi,1,Sehir Siniri,78,87.82894736832475,14307.0,23.326127235098635,24.63308611249693,36.81410739,31.37179833,1.429466477523933,9.729320380673858,2.3762091866814923,2.9143530529131465,8.067831185166224,-17.542069461397226
manavgat_kadilar,KADILAR,Manavgat,3.1700148257916023,0.6760563380234081,E - Dusuk,4,Kirsal / Ovacik,48,10.855263157882835,171.0,0.0,160.562994433208,36.71896414,31.65491527,-1.007088192297751,-4.583691931641574,-2.3932700787485457,-1.217626730779764,-1.522662110251772,-0.1519505572459135
manavgat_kalemler,KALEMLER,Manavgat,16.70636643150886,23.402061855609787,F - En Dusuk,5,Daglık / Yukari Yerlesim,40,28.070175438565713,348.0,0.059170900887025,141.7343338632623,36.87273518,31.36428854,-0.5246892200853439,-3.35911305286424,-2.673025530414989,0.4279425145579399,-0.5418663292629345,-0.9607644887999968
manavgat_karabucak,KARABUCAK,Manavgat,14.678151564448235,20.824742267987567,F - En Dusuk,5,Daglık / Yukari Yerlesim,40,24.12280701751741,511.0,0.0,909.4636984530164,37.09650995,31.34298476,-0.2801136253782438,-7.068227860088888,-2.4375863574037777,-1.3787568093316147,-7.503431873142258,0.4601907029355495
manavgat_karabuk,KARABÜK,Manavgat,18.784680774062362,25.876288659727123,F - En Dusuk,5,Daglık / Yukari Yerlesim,40,32.45614035084161,578.0,0.2124168506039247,608.424127209185,37.13268656,31.16632436,-0.2040035381623963,-6.319118732529585,-3.0004972982246283,-0.6090349063741033,2.993982208614595,0.2829050284751367
manavgat_karacalar,KARACALAR,Manavgat,37.58486842070518,35.99999999928,D - Orta,3,Kucuk Kasaba,60,64.80263157887632,2164.0,7.261931201674117,21.37533546063949,36.73507414,31.55110094,0.5449511397171843,3.477019879782496,-5.194200203593812,1.5483222135888317,7.978963915260534,-9.326507158603096
manavgat_karakaya,KARAKAYA,Manavgat,12.936545589283206,10.478873239362827,E - Dusuk,4,Kirsal / Ovacik,48,31.14035087715884,436.0,0.2693372169964442,268.7762585753312,36.70985362,31.71544101,-0.3798215296606936,-4.495916520885026,-3.5952478245829127,-0.723313143124783,5.952006783375248,0.0840524893631577
serik_karatas,KARATAŞ,Serik,9.562231282405572,5.746478873198969,E - Dusuk,4,Kirsal / Ovacik,48,26.425438596462254,250.0,0.0977042290738181,230.36729010758947,37.0607108,31.17586015,-0.7442868978703859,-6.089343070829075,-1.1872371850232586,-0.6857625082046057,-1.5650736430374417,0.2816516874358768
manavgat_karavca,KARAVCA,Manavgat,20.48444565016692,27.9381443298249,F - En Dusuk,5,Daglık / Yukari Yerlesim,40,35.96491228066232,431.0,0.8204820597179663,135.77666162670485,36.85043028,31.54952678,-0.3871402065629091,-4.022757629661311,-2.6475641249893096,-1.312400313710439,11.034716529434023,-0.8739239059722848
manavgat_karaoz,KARAÖZ,Manavgat,29.322275759704922,31.77464788710018,E - Dusuk,4,Kirsal / Ovacik,48,56.90789473677971,1128.0,0.5978423272566978,58.73916667931438,36.77819115,31.51555923,0.1901133481991945,-1.2847879379782676,-2.169080260495867,0.490016726937755,6.561988341887501,-3.7965347037696473
manavgat_kasaplar,KASAPLAR,Manavgat,61.84947571727916,37.11920529776742,A - En Iyi,0,Sehir Merkezi,95,86.40350877183508,5774.0,104.33227344992052,37.7149413528777,36.7908858,31.43164039,1.0296174132697071,9.76077896332551,7.799008384238082,0.910850917684017,-0.2472627292547561,1.4220903124607287
manavgat_kavakli,KAVAKLI,Manavgat,62.18987996672536,37.748344370610944,A - En Iyi,0,Sehir Merkezi,95,86.51315789464198,10005.0,60.12181924478703,34.99631405103622,36.79580633,31.42491614,1.277063627098883,7.846811437907821,4.617715407128677,1.5344567276133922,0.4566278456436504,-0.7845591954909503
akseki_kepezbeleni,KEPEZBELENİ,Akseki,5.054779345259973,7.319587628847115,F - En Dusuk,5,Daglık / Yukari Yerlesim,40,8.004385964903504,123.0,0.1710872840702041,572.6943160619859,36.88578107,31.59415857,-1.2444988284099052,-6.664165510666172,-2.371316205325509,-1.1587243831855654,9.56266029579154,0.1361360447845924
manavgat_kirkkavak,KIRKKAVAK,Manavgat,11.547680412347482,16.494845360782232,F - En Dusuk,5,Daglık / Yukari Yerlesim,40,18.74999999997944,339.0,0.0449572541931406,1229.571913492153,37.31209622,31.33703997,-0.5417777529459422,-7.840918922792616,-2.100928941782618,-2.058313943106062,-3.179076263729168,0.6131137900805058
manavgat_kisalar,KISALAR,Manavgat,7.128289473676395,0.0,D - Orta,3,Kucuk Kasaba,60,21.60087719295877,294.0,0.0,13.08194308810764,36.83220144,31.26132627,-0.6355854073312804,-1.65151577806026,-4.797974919624304,0.4543579259706125,6.913645898088524,-4.529723108574936
manavgat_kizilagac,KIZILAĞAÇ,Manavgat,42.3900717697005,29.454545453206613,D - Orta,3,Turistik Sahil Kasabasi,72,73.57456140342809,2889.0,21.907131802325505,6.538435968420269,36.73007701,31.53308244,0.6936469525351552,6.969142707859474,-1.482980194477256,1.5261163320621594,8.606595852568908,-35.903084519969454
manavgat_kizildag,KIZILDAĞ,Manavgat,22.84296436964145,30.927835051466683,F - En Dusuk,5,Daglık / Yukari Yerlesim,40,40.570175438552006,765.0,0.0818763069249629,586.6273827151176,37.0409583,31.34763716,-0.0349450652242185,-6.474662083120753,-1.0393807944243678,-1.4998478238023387,-2.765054124721292,0.4331754904044995
manavgat_kizilot,KIZILOT,Manavgat,40.65681818125099,26.1818181806281,D - Orta,3,Turistik Sahil Kasabasi,72,72.91666666658672,2200.0,14.105858986078692,11.808927667694524,36.71074932,31.57563276,0.5535814641077431,4.292807794653145,-1.1010653363905485,1.970190786132176,10.131156800401833,-9.789718227669134
manavgat_milli_egemenlik,MİLLİ EGEMENLİK,Manavgat,58.04104580559765,31.456953642175783,A - En Iyi,0,Sehir Merkezi,95,83.99122807008335,4918.0,90.01105850147303,27.827213866404527,36.79453567,31.43640834,0.954239786520433,8.37556399902248,5.628492878119323,1.0683206633546043,0.12924953205396,4.865075501843558
manavgat_mimar_sinan,MİMAR SİNAN,Manavgat,55.654870308920906,27.682119205114688,A - En Iyi,0,Sehir Merkezi,95,82.67543859640057,3572.0,99.01890993561096,26.15974209330243,36.78831557,31.41944521,0.7996059878404002,8.05540153726332,7.393279596770867,1.2369937612632724,0.3473198920702238,5.4749613480308525
manavgat_namaras,NAMARAS,Manavgat,5.544255003694944,2.028169014070224,E - Dusuk,4,Kirsal / Ovacik,48,17.54385964910357,151.0,0.1863748347379395,385.5532403062381,36.75230676,31.72286393,-1.0956757783032018,-6.836626891313146,0.1259842493992744,-1.4557332206833609,-2.4311954314270414,0.2680482153656037
manavgat_odaonu,ODAÖNÜ,Manavgat,20.810159412892407,7.62820512810733,C - Ortanin Ustu,2,Sahil / Turistik,85,37.171052631538195,310.0,0.5686157107383646,31.88643552623973,36.68396386,31.68741672,-0.6004978630120369,-3.005306345724584,-1.7213235198537316,-1.2872488264002966,8.132519758024355,-1.1623288603437554
manavgat_oymapinar,OYMAPINAR,Manavgat,28.339347078982414,36.494845360730686,F - En Dusuk,5,Daglık / Yukari Yerlesim,40,54.16666666660728,1444.0,0.5807429032161331,163.31084758226933,36.88220042,31.51004752,0.3278988769295268,-3.292761432595672,-4.048347943418469,0.6827379911144521,10.945211727559755,0.1349783952682071
manavgat_perakende,PERAKENDE,Manavgat,6.035526315782856,0.0,D - Orta,3,Turistik Sahil Kasabasi,72,15.241228070158726,183.0,0.0,8.046085366283133,36.82916858,31.2311658,-0.9593113767843476,-2.2444163176606087,-2.4319155448087426,-0.6305125464882132,7.051261385497126,-0.3435174334151059
manavgat_salkim_evler,SALKIM EVLER,Manavgat,67.83797233422902,71.92307692215482,C - Ortanin Ustu,2,Sahil / Turistik,85,75.87719298237295,4086.0,13.401879479578216,20.20469574094028,36.79663281,31.47137548,0.8653441392954477,3.639508604086089,2.8414754992901647,0.3910947487977806,-1.2883768334775962,-14.380767478556054
manavgat_salur,SALUR,Manavgat,8.135151021867856,11.752577319557338,F - En Dusuk,5,Daglık / Yukari Yerlesim,40,12.938596491213882,159.0,0.0,237.95421193032905,36.92707217,31.4021634,-1.0587559650147884,-6.716722247856483,-1.251081081943179,-0.3998818517608541,2.720174362214463,-0.1153112353561016
manavgat_sanayi,SANAYİ,Manavgat,36.56078947355822,15.599999999791999,B - Iyi,1,Sehir Siniri,78,68.85964912273151,1367.0,18.35769340660006,2.1867441769499822,36.76698602,31.47079235,0.297678025878878,5.268467269040322,-1.89004502172376,1.839457056439313,10.740884569194757,-2.1217844866657827
manavgat_saracli,SARAÇLI,Manavgat,18.099950262217032,25.05154639168801,F - En Dusuk,5,Daglık / Yukari Yerlesim,40,31.03070175435194,471.0,0.3540816944367038,137.63992580624333,36.85161829,31.58445554,-0.3310826702346788,-4.895476566696593,-3.3104576632252702,-1.2342229146026216,-1.0218566517428125,-0.30864000492349
manavgat_sarilar,SARILAR,Manavgat,63.74549999960941,58.239999999223464,B - Iyi,1,Sehir Siniri,78,87.49999999990405,29163.0,17.385900866258748,28.65220941087069,36.8143165,31.42972099,1.6419212779358134,6.207619400457219,1.5328205652953053,2.722694314621093,6.221849860402482,-1.9537712270997696
manavgat_sagirin,SAĞIRİN,Manavgat,26.728657985116584,34.84536082465246,F - En Dusuk,5,Daglık / Yukari Yerlesim,40,50.219298245558974,1563.0,0.1168595278578543,664.0521905721346,37.08336259,31.27735309,0.3712217704668118,-5.156343276755352,-2.53303096039913,0.2936904061302628,5.087324550791472,0.4795020746384636
manavgat_seydiler,SEYDİLER,Manavgat,29.763621794741425,18.525641025403516,C - Ortanin Ustu,2,Sahil / Turistik,85,45.83333333328308,575.0,2.7777550584848614,13.767756266027298,36.75228692,31.53051042,-0.207195754165906,-0.042514706032305,-3.6480733426531593,0.0177512292723452,7.07868924034097,-5.572273615223594
manavgat_sorgun,SORGUN,Manavgat,49.29508140166971,16.986754966774924,A - En Iyi,0,Sehir Merkezi,95,79.71491228061434,5754.0,22.864839528150792,10.128492963068346,36.76453957,31.43442953,1.0280028460782424,7.943109226244785,0.0967012024620361,3.156335848184602,10.628734557387258,-16.6286868787552
manavgat_sulek,SÜLEK,Manavgat,35.99344213881815,27.243589743240467,C - Ortanin Ustu,2,Sahil / Turistik,85,50.76754385959346,1168.0,1.166232439455043,78.04125922903809,36.75761157,31.56115985,0.2098024723054264,-1.4056353212749912,-4.198693553482429,0.0487874700448783,-0.6761079140739541,-2.107655181683608
manavgat_side,SİDE,Manavgat,78.17795742124169,53.476821191698825,A - En Iyi,0,Sehir Merkezi,95,91.55701754375926,14964.0,66.25731841024195,18.10283914982944,36.78364663,31.39583489,1.4481373408640286,12.25640538048355,3.454476197066638,3.2841872317123597,8.419725271519,-25.268786115479926
manavgat_tasagil,TAŞAĞIL,Manavgat,32.55346807734795,39.587628865877356,F - En Dusuk,5,Daglık / Yukari Yerlesim,40,66.99561403501426,4844.0,2.364910891699934,95.07349241877652,36.92721669,31.23193596,0.9470421515724322,0.8830007998471985,-4.78128894119028,1.443710314816328,3.542540462012313,-0.2359759380365363
manavgat_taskesigi,TAŞKESİĞİ,Manavgat,10.344366197152764,7.098591549245786,E - Dusuk,4,Kirsal / Ovacik,48,27.08333333330364,177.0,0.7303553785673506,205.54868505401416,36.7667389,31.65716792,-0.982748460390086,-6.450930769254249,0.893995218060196,-1.3478380425940886,-4.788570487277147,0.127982951156654
manavgat_tepekoy,TEPEKÖY,Manavgat,1.621834870678501,2.3711340206124456,F - En Dusuk,5,Daglık / Yukari Yerlesim,40,2.5219298245586383,132.0,0.0,160.2969583973347,36.79831414,31.63871536,-1.1928685603904934,-6.57396577179139,-2.4075316258978674,-1.9202180173657064,-7.182979647850693,-0.0349037121166513
manavgat_tilkiler,TİLKİLER,Manavgat,4.490662868502233,6.494845360808004,F - En Dusuk,5,Daglık / Yukari Yerlesim,40,7.127192982448325,133.0,0.08335304632879,293.8214823899766,36.91879462,31.46633237,-1.1873747635191236,-6.287285300134295,-2.338254522612182,-0.7543928076969884,-2.3534732041895663,-0.7671965930933409
manavgat_ulukapi,ULUKAPI,Manavgat,37.93884358768548,43.26760563349812,E - Dusuk,4,Kirsal / Ovacik,48,69.9561403508005,3841.0,1.1759787985134371,40.51644116526344,36.81949171,31.47897341,0.8352412391828122,-0.7410128100877992,-1.237676152931103,0.71800038734575,6.616266453753108,-3.0333256916121045
manavgat_uzunkale,UZUNKALE,Manavgat,11.350704225317962,8.112676056280897,E - Dusuk,4,Kirsal / Ovacik,48,29.16666666663469,396.0,0.3553321605950705,145.86603439410345,36.7660812,31.60369799,-0.4411868886319127,-4.229595568951699,-4.143269344690819,-1.147932090923017,5.505540132046984,-0.5130716219114215
manavgat_uzunlar,UZUNLAR,Manavgat,12.726538176385898,10.140845070351121,E - Dusuk,4,Kirsal / Ovacik,48,30.92105263154504,341.0,0.7590332547649578,77.86209989780114,36.7335173,31.62372852,-0.5379368360724308,-3.224189054851342,-3.3231440722303893,-0.9230494384122168,5.098876738146143,-0.7153979424291297
manavgat_y_hisar,Y.HİSAR,Manavgat,58.72185430449002,32.71523178786281,A - En Iyi,0,Sehir Merkezi,95,84.21052631569714,2496.0,486.2282093399453,21.988235914749943,36.78845296,31.44154758,0.6190473358913487,9.389544428727836,8.611478887103454,0.7236212889707521,8.00634223186345,21.95764045517577
manavgat_y_pazarci,Y.PAZARCI,Manavgat,67.01952262674544,45.29801324473313,A - En Iyi,0,Sehir Merkezi,95,89.25438596481442,6455.0,224.31347280914235,7.131286410652719,36.79133609,31.44843496,1.0811376738533331,9.699604753934985,8.027994897449181,1.7049859331076198,10.177714060431182,11.47455936715768
manavgat_yalcidibi,YALÇIDİBİ,Manavgat,7.694292068180282,3.7183098591287447,E - Dusuk,4,Kirsal / Ovacik,48,22.807017543834643,220.0,0.2895624605048869,216.2011246672905,36.70699757,31.68307624,-0.831457565983393,-4.149740909116261,-2.5246450884163285,-1.397391293406722,-1.4271317625165811,-0.5393262430816487
manavgat_yavrudogan,YAVRUDOĞAN,Manavgat,36.09985174188121,41.23943661942789,E - Dusuk,4,Kirsal / Ovacik,48,66.44736842097977,1814.0,0.7059356357352475,135.31568772599124,36.88984766,31.31176308,0.4515886331916494,-0.1069232609428939,-1.5311239865770283,1.205965284768349,4.2546889178174965,-0.9204130243298884
manavgat_yayla,YAYLA,Manavgat,85.83959626092219,73.83999999901546,B - Iyi,1,Sehir Siniri,78,92.76315789463513,12817.0,138.5905342665096,17.658892940447632,36.78898346,31.46108995,1.3833032961352854,9.541874053373007,7.050520891878314,1.8303313369524068,0.4899734780726127,17.15431779745734
manavgat_yaylaalan,YAYLAALAN,Manavgat,19.517656899942722,26.701030927766233,F - En Dusuk,5,Daglık / Yukari Yerlesim,40,34.10087719294507,417.0,0.1235625993705869,862.1111007505948,36.96861399,31.50038553,-0.4081485644038322,-5.675585442366233,-1.2533297524691085,-0.9701543665780258,-2.5372958967827155,0.1749902872660296
manavgat_yenikoy,YENİKÖY,Manavgat,25.470051890190632,26.36619718291292,E - Dusuk,4,Kirsal / Ovacik,48,51.53508771924174,753.0,0.3623671299385476,78.94848680526535,36.86149823,31.3880006,-0.0443313747151921,-3.2850214174273376,-1.7855524039616577,0.0569572078159459,4.297442790534482,-0.7265212462424795
manavgat_yesilbag,YEŞİLBAĞ,Manavgat,18.996224452846512,26.18556701024179,F - En Dusuk,5,Daglık / Yukari Yerlesim,40,32.78508771926229,446.0,0.1069849244689999,1136.5746675052642,37.39522329,31.27860789,-0.3654617211171543,-6.539250642418736,-1.6069646516050382,-0.9147777070526998,-2.824296636268372,0.4832750625173209
serik_yesilvadi,YEŞİLVADİ,Serik,4.2086046301233635,6.082474226788447,F - En Dusuk,5,Daglık / Yukari Yerlesim,40,6.688596491220736,208.0,0.0,971.2766001887768,37.1888034,31.10382574,-0.870114763203164,-8.128150311906548,-2.3378410164136287,-1.4503077924085317,-3.2622537238154017,0.4078246681803593
manavgat_yukariisiklar,YUKARIIŞIKLAR,Manavgat,23.95448996197075,32.16494845352535,F - En Dusuk,5,Daglık / Yukari Yerlesim,40,43.092105263110646,861.0,0.2022208295947757,106.36764751334393,36.87008332,31.43926895,0.0346793757434534,-4.590381091877759,-2.514785055476008,-0.3606322588711101,-2.463511727342926,-0.2417964277046704
manavgat_cakis,ÇAKIŞ,Manavgat,37.4319866566278,42.59154929547471,E - Dusuk,4,Kirsal / Ovacik,48,69.18859649115221,1800.0,0.8601002151909302,44.36088156653116,36.91827761,31.18245679,0.4474430467867369,1.6177320303797504,0.4436967513351992,0.9826830593816812,7.822157599548929,-0.643438650491652
manavgat_caltepe,ÇALTEPE,Manavgat,16.259156266923043,22.783505154580457,F - En Dusuk,5,Daglık / Yukari Yerlesim,40,27.30263157891743,329.0,0.0297764549025243,1360.6840000313528,37.34928186,31.14958756,-0.5613699237384049,-5.888225269959723,-1.6927476139751705,-1.31984535413064,-1.065093659119161,0.6603931320084483
manavgat_cardakkoy,ÇARDAKKÖY,Manavgat,24.99550099470533,33.298969072079124,F - En Dusuk,5,Daglık / Yukari Yerlesim,40,45.50438596486239,937.0,0.0858633149902579,220.3288033146817,36.97532027,31.30515486,0.0838975176971984,-3.9310891067968408,-2.627212865711244,0.6830410586960473,-0.9459365096405468,0.4677612845714235
manavgat_cavuskoy,ÇAVUŞKÖY,Manavgat,24.09150717687642,6.545454545157025,D - Orta,3,Turistik Sahil Kasabasi,72,53.399122806958985,1022.0,1.1549679265406798,24.59055363866397,36.7111667,31.60117895,0.1339065092555375,-0.7742422906455125,-3.320604238797723,0.4820903144483615,7.084606197606434,-3.312828911513828
manavgat_cayyazi,ÇAYYAZI,Manavgat,39.18781578932763,18.7199999997504,B - Iyi,1,Sehir Siniri,78,71.71052631571084,2015.0,10.44677732589662,10.69602243437738,36.80255226,31.45746383,0.5074372043119719,2.1884737134645538,1.6660405909200842,0.2949935334638051,7.55162886799131,-7.5443870760535265
manavgat_caglayan,ÇAĞLAYAN,Manavgat,55.08529939280832,27.052980132271173,A - En Iyi,0,Sehir Merkezi,95,82.1271929823661,3589.0,62.387615642377554,28.16502416819183,36.79749728,31.44414862,0.8019457992374769,8.318235312153467,6.457747331576551,0.7519053305700035,8.878195087230932,6.781331151627855
manavgat_celtikci,ÇELTİKÇİ,Manavgat,63.76792341389012,65.38461538377712,C - Ortanin Ustu,2,Sahil / Turistik,85,73.46491228062119,2982.0,6.327623239250951,16.180882618272946,36.79574147,31.48251988,0.709639149876681,2.140132139494069,1.9516800859407333,0.5671763899721528,0.7266799439736754,-2.775232427450767
manavgat_cenger,ÇENGER,Manavgat,25.998444975852067,9.818181817735537,D - Orta,3,Turistik Sahil Kasabasi,72,54.49561403502796,963.0,1.652497679421116,33.81295222021585,36.69091676,31.62415942,0.0997165799807871,1.301209447621254,-4.084040795346896,1.1868259695110166,7.056829731045817,-7.785971330751023
manavgat_colakli,ÇOLAKLI,Manavgat,41.47153446980929,45.97183098559175,E - Dusuk,4,Kirsal / Ovacik,48,78.72807017535227,7645.0,8.720336567281933,35.57089309383132,36.84127727,31.32224613,1.158013030341905,7.427488294493459,-1.15077303098073,2.9834649270897544,6.902212242035495,-17.773061941948562
manavgat_orensehir,ÖRENŞEHİR,Manavgat,28.773803827458337,13.09090909031405,D - Orta,3,Turistik Sahil Kasabasi,72,57.78508771923489,1010.0,4.983534402334686,38.45765012669454,36.68705563,31.65140994,0.1271347388693381,1.939852633252798,-3.8574735608678847,0.9973466521585772,8.723265268911511,-15.763862490511563
manavgat_ornek,ÖRNEK,Manavgat,68.83612720730959,48.44370860895071,A - En Iyi,0,Sehir Merkezi,95,90.0219298244627,7078.0,275.6423115277656,5.374388407212929,36.77906234,31.45426903,1.123194764881798,11.264335621317672,4.557905000384696,1.644682057752358,8.580465828247341,21.551245333075254
manavgat_selale,ŞELALE,Manavgat,72.6082986376928,69.67999999907093,B - Iyi,1,Sehir Siniri,78,90.67982456130407,10490.0,104.3844405435048,14.2056936431768,36.79420761,31.45846238,1.2976141340023926,9.650686473375265,5.868629026275534,1.5075235286072317,8.347441294494901,14.608378038280764
manavgat_siseler,ŞİŞELER,Manavgat,6.666382505544226,3.0422535211053363,E - Dusuk,4,Kirsal / Ovacik,48,20.06578947366221,231.0,0.1290074553408441,83.70152748343288,36.86682832,31.40551714,-0.7980345148471,-4.67648733709611,-2.53288340231531,-1.099399666065848,4.234019972849973,-0.6302368563397913
muratpasa_altindag,ALTINDAĞ,Muratpaşa,86.4918972444901,63.54304635719508,A - En Iyi,0,Sehir Merkezi,95,93.7499999998972,8147.0,778.8346601741204,55.5136711107718,36.89125519,30.69164282,1.1865057026000376,11.043626067973747,10.029825280184628,1.1508162599196092,0.7811555179069575,18.161864882439563
muratpasa_bahcelievler,BAHÇELİEVLER,Muratpaşa,64.97375137951488,42.152317880515554,A - En Iyi,0,Sehir Merkezi,95,88.04824561393855,5606.0,434.6724448249952,44.966332889939885,36.88558781,30.68520584,1.0158560705210702,11.489892347078085,9.465784400770968,0.9147290242841472,5.717120103497614,-2.981677473574765
muratpasa_balbey,BALBEY,Muratpaşa,45.998930739434186,11.953642384026796,A - En Iyi,0,Sehir Merkezi,95,77.7412280700902,980.0,508.52942536174936,48.9647507467448,36.88954575,30.70823877,0.1098034277712291,10.15417120703484,8.392103468295055,0.8014354191148091,0.3902879330802128,0.2969872049739472
muratpasa_barbaros,BARBAROS,Muratpaşa,39.04615066219632,5.033112582748125,A - En Iyi,0,Sehir Merkezi,95,70.39473684202807,165.0,844.384153262645,41.386771825706695,36.88469653,30.70761426,-1.0323987017852538,7.009899275293222,9.13834593926344,-0.0872381112807312,-0.2110274960277533,15.967719558684191
muratpasa_bayindir,BAYINDIR,Muratpaşa,73.0299717353343,50.96026490032477,A - En Iyi,0,Sehir Merkezi,95,91.00877192972477,8494.0,218.8977747391968,57.31510293421677,36.90087718,30.67228833,1.2050740701718723,11.233704253434174,8.47036067012065,1.1791085930333185,0.4027546491848915,6.056582198936052
muratpasa_cumhuriyet,CUMHURİYET,Muratpaşa,92.22657115114517,80.52980132397,A - En Iyi,0,Sehir Merkezi,95,97.36842105252481,11256.0,489.3846540131866,58.075825688073344,36.90448721,30.69617463,1.3279942898158996,11.742826467238595,9.012081252718229,2.020313730834569,1.6479037971753112,9.641889886450889
muratpasa_demircikara,DEMİRCİKARA,Muratpaşa,66.22413079451987,44.0397350990461,A - En Iyi,0,Sehir Merkezi,95,88.81578947358683,5077.0,175.50958721120142,38.6793515108204,36.87842247,30.72140533,0.9693027299177034,11.34829562590158,9.329753418569837,0.999350655425012,0.7446274526734081,15.486629106984148
muratpasa_deniz,DENİZ,Muratpaşa,79.79450021899905,54.73509933738587,A - En Iyi,0,Sehir Merkezi,95,91.77631578937306,6537.0,584.461388599644,48.98101739204527,36.88648988,30.6940471,1.086927456135661,12.179282815519688,9.8938693356207,0.6622654158171527,6.040216435854557,8.105412320642992
muratpasa_doguyaka,DOĞUYAKA,Muratpaşa,59.689121136715414,33.97350993354985,A - En Iyi,0,Sehir Merkezi,95,84.97807017534542,5253.0,54.2013852468848,50.895898460420426,36.90214925,30.74029528,0.9853717000533456,10.634528577352096,5.589279179152429,0.8470674914831355,1.1226392403184546,2.6545081679510254
muratpasa_dutlubahce,DUTLUBAHÇE,Muratpaşa,88.68472268905816,68.5761589399432,A - En Iyi,0,Sehir Merkezi,95,94.84649122796618,11334.0,268.72816583652576,58.09084878300791,36.90747688,30.70213112,1.330957153697101,10.355499253161357,9.272938503586984,1.3266643784361192,0.0982092744439982,12.168414745119668
muratpasa_elmali,ELMALI,Muratpaşa,47.07743515443936,13.841059602557344,A - En Iyi,0,Sehir Merkezi,95,78.17982456131779,921.0,946.0368094322216,49.00604083072446,36.88864497,30.70325062,0.0739164530993128,10.178944613652984,8.251030691922411,0.6581067998537097,0.3152615739623746,14.34907462644963
muratpasa_ermenek,ERMENEK,Muratpaşa,55.77992105232417,44.719999999403726,B - Iyi,1,Sehir Siniri,78,83.11403508762817,7336.0,35.27883956415394,35.58942891623121,36.87437831,30.82952754,1.1394116214550705,9.133637857617256,2.7558748914161284,2.7387398728801986,1.0262703230776051,-7.707641041505841
muratpasa_etiler,ETİLER,Muratpaşa,93.68851027791966,87.45033112524868,A - En Iyi,0,Sehir Merkezi,95,98.68421052620758,14437.0,340.20299716028904,54.83366677098974,36.90047741,30.71098386,1.433236136130541,11.894311696088185,10.006787358463578,1.7373278276950228,0.8820784611055016,11.758615193910948
muratpasa_fener,FENER,Muratpaşa,94.37224081549282,91.22516556230977,A - En Iyi,0,Sehir Merkezi,95,99.34210526304896,17035.0,330.93716467091457,47.905813766699694,36.85475407,30.75543217,1.5014762361006393,14.374258415315104,8.346621132311807,2.6175866000180457,7.682309401376084,8.99425814766886
muratpasa_gebizli,GEBİZLİ,Muratpaşa,85.85743092474966,62.28476821150805,A - En Iyi,0,Sehir Merkezi,95,93.53070175428341,10404.0,296.8608316421262,52.4410729322012,36.90136541,30.72971202,1.294048788557784,11.214015468244954,8.201070998682749,1.1943569488151873,0.8530961998978076,12.819323914321595
muratpasa_genclik,GENÇLİK,Muratpaşa,68.04073537508401,47.18543046326368,A - En Iyi,0,Sehir Merkezi,95,89.5833333332351,5761.0,400.7204160446693,33.13351011308523,36.87624681,30.71150103,1.028568658962652,10.048074376021493,9.86368256905757,1.0479831350833215,7.324838356177476,2.964048422773432
muratpasa_guvenlik,GÜVENLİK,Muratpaşa,91.46940348129854,77.38410595975243,A - En Iyi,0,Sehir Merkezi,95,96.82017543849032,13528.0,444.3881244217313,60.7703713487626,36.90074847,30.68397246,1.4060421044979878,10.003715983175232,9.133971597462493,1.5038644086571673,0.2871305049175747,15.07080338763651
muratpasa_guzelbag,GÜZELBAĞ,Muratpaşa,51.42201315763219,37.4399999995008,B - Iyi,1,Sehir Siniri,78,80.59210526306953,4958.0,13.619949198241162,50.13359000518555,36.8953693,30.80063359,0.9580800485079092,9.425708566396406,3.601718215389666,1.9450179768726104,0.5486844078605424,-26.25640113157404
muratpasa_guzeloba,GÜZELOBA,Muratpaşa,91.95309220301105,76.95999999897387,B - Iyi,1,Sehir Siniri,78,96.16228070164895,37974.0,59.884905403123526,15.029866705525338,36.8595029,30.82608319,1.6419212779358134,12.65618644412868,6.178334345349322,3.3067267241712544,7.810875811205453,-3.418369118641313
muratpasa_guzeloluk,GÜZELOLUK,Muratpaşa,56.39297047447989,28.94039735080172,A - En Iyi,0,Sehir Merkezi,95,83.00438596482127,8740.0,33.353965754457086,51.335879058851056,36.87203299,30.76592323,1.2177301197025274,8.689119491710919,4.085357274332005,0.8636630500952931,1.5338402248396577,-5.029387243672419
aksu_guzelyurt,GÜZELYURT,Aksu,59.99671052596367,51.99999999930667,B - Iyi,1,Sehir Siniri,78,85.30701754376612,6538.0,61.32979048332012,43.56184244527929,36.92683198,30.82003988,1.0869975600484678,9.659861863262408,2.0343424650682387,1.692547748940302,0.8515028153059148,4.663440122534327
muratpasa_hasimiscan,HAŞİMİŞCAN,Muratpaşa,51.67791114779302,21.39072847667953,A - En Iyi,0,Sehir Merkezi,95,80.48245614026263,1488.0,495.9853263209119,36.322961868710166,36.88115654,30.70802396,0.3443683138428247,7.791251776057765,8.97448956948712,1.2915281070582354,4.182218027123266,2.37660645017295
muratpasa_kilincarslan,KILINÇARSLAN,Muratpaşa,42.40963024275877,8.178807946965703,A - En Iyi,0,Sehir Merkezi,95,74.12280701746259,451.0,680.187979223349,35.598557132883414,36.88228239,30.70556587,-0.3584162200794477,6.348048759912095,9.365582462365587,0.3877436749005848,4.7237079333109095,20.44797435262369
muratpasa_kircami,KIRCAMİ,Muratpaşa,49.975889900562095,18.245033112461954,A - En Iyi,0,Sehir Merkezi,95,79.93421052622814,2741.0,50.844038076775576,48.50197266321731,36.87357944,30.74281519,0.6669686630727666,10.584302420407164,5.7708668275893205,1.0506556824324642,1.1029955805536125,-2.2860996613906
muratpasa_kizilarik,KIZILARIK,Muratpaşa,93.80678047562421,88.0794701980922,A - En Iyi,0,Sehir Merkezi,95,98.79385964901448,21928.0,164.9197735981348,56.326365509404255,36.9082969,30.72205743,1.6030097972966049,11.96636737519301,8.851921831377771,1.845184140951084,0.3717654264719867,16.55664938062234
muratpasa_kizilsaray,KIZILSARAY,Muratpaşa,68.38113962453018,47.814569536107186,A - En Iyi,0,Sehir Merkezi,95,89.692982456042,4593.0,741.4885907108655,55.13606478038644,36.8916515,30.69871743,0.9216779488629808,10.865448222797127,9.225864879485355,1.5417919580914712,0.8592735457837003,15.33994168681166
muratpasa_kiziltoprak,KIZILTOPRAK,Muratpaşa,94.26243332319937,90.59602648946625,A - En Iyi,0,Sehir Merkezi,95,99.23245614024208,26066.0,198.24743561950183,51.39496276344488,36.89144825,30.72806104,1.6419212779358134,12.896511801774883,8.545846029020186,2.133783405320844,0.4621129001060136,15.270788724905016
muratpasa_kisla,KIŞLA,Muratpaşa,63.723371964509916,40.264900661985,A - En Iyi,0,Sehir Merkezi,95,87.28070175429026,3084.0,691.305283724935,45.30463862172002,36.88781678,30.69934524,0.7265486909628913,11.184129292113887,9.748893827391278,0.9661463888493786,3.218361776805761,10.39618808831469
muratpasa_konuksever,KONUKSEVER,Muratpaşa,94.1510315846674,89.96688741662274,A - En Iyi,0,Sehir Merkezi,95,99.12280701743518,21091.0,252.55959435043616,56.696391161706,36.90855692,30.7104071,1.5875610830185989,11.56163974751138,9.57195377475481,1.9478715642418,0.4780869660630386,11.603735376110958
muratpasa_mehmetcik,MEHMETÇİK,Muratpaşa,47.41783940388554,14.47019867540086,A - En Iyi,0,Sehir Merkezi,95,78.28947368412469,2038.0,101.96168094645158,50.63158841779296,36.89352855,30.74304084,0.5134270494483157,10.551132524213775,6.634967375013534,0.3554816129032554,0.5235978734656093,-5.141374857161948
muratpasa_meltem,MELTEM,Muratpaşa,92.08099710395472,79.90066225112649,A - En Iyi,0,Sehir Merkezi,95,97.25877192971792,12406.0,202.2038001925582,33.46453419998824,36.8871712,30.66929714,1.3695044378565444,13.093935918114598,6.549174348568153,2.5049970448436887,8.09076309573806,20.667859476156355
muratpasa_memurevleri,MEMUREVLERİ,Muratpaşa,67.35992687619162,45.92715231757664,A - En Iyi,0,Sehir Merkezi,95,89.3640350876213,7116.0,463.6606004404776,57.16000653532479,36.89590243,30.68924148,1.1256245181972262,9.666460797286792,9.52525150531795,0.3412796878763435,0.1308857708845168,14.286932043010331
muratpasa_meydankavagi,MEYDANKAVAĞI,Muratpaşa,94.8988755172978,94.37086092652736,A - En Iyi,0,Sehir Merkezi,95,99.89035087708345,28562.0,197.78841160835884,47.29717888759277,36.88163623,30.73149027,1.6419212779358134,13.150529838226529,9.771637112024496,2.3041516301441862,0.6889058489460124,17.60961003027632
muratpasa_muratpasa,MURATPAŞA,Muratpaşa,90.388164018798,73.60927152269134,A - En Iyi,0,Sehir Merkezi,95,95.94298245603515,12610.0,379.13628334231583,54.92287272274237,36.89863383,30.70311657,1.3764165073543675,10.89479439624449,8.849457419366022,1.4057121493668194,0.9281567296922494,9.826630345189852
muratpasa_sedir,SEDİR,Muratpaşa,77.22096546653364,52.84768211885532,A - En Iyi,0,Sehir Merkezi,95,91.44736842095236,8250.0,252.4360074721058,62.03711461578084,36.90381784,30.68905638,1.1921084683718153,11.020449887262698,9.098824729628417,1.2126522631792107,-0.0266078714491297,16.390569878847664
muratpasa_selcuk,SELÇUK,Muratpaşa,38.41928807941712,4.40397350990461,A - En Iyi,0,Sehir Merkezi,95,69.7368421051867,92.0,793.2664206149067,23.31080413244533,36.88528932,30.7035956,-1.4611215686788364,8.863412377642014,7.537851445992173,0.3633482680328359,3.076714604963188,21.03927086026352
muratpasa_soguksu,SOĞUKSU,Muratpaşa,88.45245319676923,67.9470198670997,A - En Iyi,0,Sehir Merkezi,95,94.73684210515928,10436.0,347.32060433785153,55.92698692295408,36.89709906,30.67748784,1.295379274036041,11.391885395424763,9.369724443869998,0.740303519817931,0.0904206459700813,14.673586058265077
muratpasa_sinan,SİNAN,Muratpaşa,69.97192328898134,50.33112582748125,A - En Iyi,0,Sehir Merkezi,95,90.57017543849717,7614.0,697.2178561162518,43.03967651826053,36.88388247,30.71157735,1.1561852333240594,11.15535614166307,10.400989787003764,1.2359404921086392,1.025641302019697,-1.008505737601809
muratpasa_tahilpazari,TAHILPAZARI,Muratpaşa,57.131070640038864,30.198675496488754,A - En Iyi,0,Sehir Merkezi,95,83.33333333324195,1978.0,882.8369109028047,54.87298179878481,36.89242072,30.70482384,0.4976388132213056,10.155354115523895,9.16214328470171,1.03335406494462,0.8467375864140902,2.013303936301871
muratpasa_tarim,TARIM,Muratpaşa,52.81370722946478,23.27814569521008,A - En Iyi,0,Sehir Merkezi,95,81.03070175429711,1694.0,105.08293144949997,49.766824891598816,36.88417926,30.74564919,0.4148333439630804,11.357631830729424,6.3772491705853325,0.7298759415758788,0.994205413561463,4.83032971869943
muratpasa_topcular,TOPÇULAR,Muratpaşa,43.03649282553798,8.80794701980922,A - En Iyi,0,Sehir Merkezi,95,74.78070175430396,1580.0,56.43795186672676,53.3274750668937,36.89847405,30.75420856,0.3771080076639063,8.121558181494462,3.175084853230369,-0.0210569022733201,0.3475633425905172,0.1576860037883667
muratpasa_tuzcular,TUZCULAR,Muratpaşa,38.02159216330434,3.7748344370610942,A - En Iyi,0,Sehir Merkezi,95,69.5175438595729,90.0,1799.8915133882342,39.854155086159,36.88610922,30.70642417,-1.47779959086199,8.20266555915137,8.281597294763568,0.0814327970116262,0.6398176235583878,17.085451486032056
muratpasa_varlik,VARLIK,Muratpaşa,89.78446279533857,71.72185430416079,A - En Iyi,0,Sehir Merkezi,95,95.50438596480755,9570.0,530.7282830409315,52.33973773860647,36.88950947,30.68218091,1.2576587078176225,12.394999142927372,9.018315720890232,1.343865220437931,0.115215253631567,6.3729322993180535
muratpasa_yenigol,YENİGÖL,Muratpaşa,42.01193432664598,7.5496688741221885,A - En Iyi,0,Sehir Merkezi,95,73.90350877184879,1513.0,29.008650103187914,53.44418773624893,36.89872803,30.78102292,0.3534847418635549,8.476337303719912,5.129595959586904,0.4280873285771532,1.7745362355940977,-5.169778452043758
muratpasa_yenigun,YENİGÜN,Muratpaşa,94.58725113080922,92.48344370799681,A - En Iyi,0,Sehir Merkezi,95,99.56140350866276,24348.0,210.02679823062329,54.8612247176896,36.89863616,30.71954448,1.6419212779358134,12.441513307990856,10.511031073438346,2.07085658957994,0.2618477036268209,12.88085621026577
muratpasa_yesilbahce,YEŞİLBAHÇE,Muratpaşa,94.69253839734988,93.11258278084031,A - En Iyi,0,Sehir Merkezi,95,99.67105263146966,15980.0,431.7785950791168,40.197662675882775,36.87028985,30.72576301,1.47527290250218,13.16344758263604,10.237049861559347,2.381758801981116,6.6240597206105,9.555116435633908
muratpasa_yesildere,YEŞİLDERE,Muratpaşa,60.939500551720386,35.86092715208039,A - En Iyi,0,Sehir Merkezi,95,85.74561403499371,5484.0,95.25986892242037,54.91052068744881,36.90904531,30.73172581,1.0055698155190158,8.909818249736288,6.199166810683607,1.2099843284193454,0.0623051812814615,22.01432787876538
muratpasa_yesilova,YEŞİLOVA,Muratpaşa,45.658526489988006,11.324503311183282,A - En Iyi,0,Sehir Merkezi,95,77.6315789472833,2796.0,41.10269117855654,52.70694026873128,36.88933434,30.76387466,0.6770672778141296,9.511205320982132,2.3686141689577918,0.8156507644214773,-2.98181665631487,-3.0880772162906323
muratpasa_yildiz,YILDIZ,Muratpaşa,87.66637737020505,66.05960264856915,A - En Iyi,0,Sehir Merkezi,95,94.2982456139317,9056.0,742.6567915205771,55.96466408452708,36.89402255,30.68396161,1.2334139261163577,11.081826854961124,9.062537265989745,1.1011825057504052,0.5943774219378236,19.53049387119613
muratpasa_yuksekalan,YÜKSEKALAN,Muratpaşa,81.3324721256882,55.99337748307289,A - En Iyi,0,Sehir Merkezi,95,92.21491228060064,8927.0,338.34949892050395,53.90397837041668,36.89264527,30.71227769,1.22708658593421,11.410532280823542,8.358413755417674,1.2220704555932491,0.3223105708196053,1.5532431896401282
muratpasa_zerdalilik,ZERDALİLİK,Muratpaşa,83.99506093905416,59.13907284729047,A - En Iyi,0,Sehir Merkezi,95,92.98245614024893,8197.0,514.406950420178,38.53381101656963,36.8808455,30.71581222,1.1892353449799755,11.260671633375898,10.146820144496807,1.105430662184103,0.7046471204055059,5.997634785319503
muratpasa_zumrutova,ZÜMRÜTOVA,Muratpaşa,44.118342991096576,10.06622516549625,A - En Iyi,0,Sehir Merkezi,95,75.76754385956605,1462.0,45.499158265572085,48.65554598675229,36.86457236,30.74947872,0.3347034222646812,9.869041322161532,5.139151035711851,-0.7641141641963408,0.7921224010334941,4.436231795032759
muratpasa_caybasi,ÇAYBAŞI,Muratpaşa,88.2129327892339,67.31788079425618,A - En Iyi,0,Sehir Merkezi,95,94.62719298235238,8498.0,511.4119907353472,50.68636932750891,36.88661331,30.71952179,1.2052831300165825,12.318767122794926,9.636911330588882,1.196051681308708,0.1485932548881332,12.200415204188738
muratpasa_caglayan,ÇAĞLAYAN,Muratpaşa,94.99999999960441,94.99999999937087,A - En Iyi,0,Sehir Merkezi,95,99.99999999989035,27906.0,284.8076444199405,49.84381853960392,36.85491979,30.77238479,1.6419212779358134,13.821439881383489,10.253732277701266,2.625315579032196,6.7978510540088,12.706301248672544
muratpasa_ucgen,ÜÇGEN,Muratpaşa,90.20269957625713,72.98013244984782,A - En Iyi,0,Sehir Merkezi,95,95.83333333322825,9944.0,533.1176351637039,55.04517174335703,36.89597436,30.6949016,1.2744000956012935,11.12280322599411,9.793372545967603,1.2848077299574834,0.6275767993963763,16.558861415868403
muratpasa_sirinyali,ŞİRİNYALI,Muratpaşa,94.79640050384373,93.74172185368384,A - En Iyi,0,Sehir Merkezi,95,99.78070175427656,17355.0,372.3336008432853,41.538250265291886,36.86067306,30.73674389,1.5090660836845338,13.821276856900468,9.80779467134679,2.3254890308663225,7.307871797114987,8.232168261081483
serik_abdurrahmanlar,ABDURRAHMANLAR,Serik,45.33684210480513,47.99999999904001,D - Orta,3,Kucuk Kasaba,60,71.92982456132464,1699.0,3.657315621766514,20.82989980181637,36.99021095,30.93381349,0.4164223391888967,3.200466767835496,1.1433362896274182,0.2479811857856681,9.756645928987025,0.5571419339209472
serik_akbas,AKBAŞ,Serik,21.067828020676945,20.957746478725653,E - Dusuk,4,Kirsal / Ovacik,48,44.078947368372724,616.0,0.135693143645576,315.917230262548,37.07437594,31.12520141,-0.1651036655378502,-5.51173937778269,-1.2384158900236484,-0.0262089616299217,-0.2343087932984148,0.1827071321964589
serik_akcaalan,AKÇAALAN,Serik,43.6862861377072,46.64788732361516,E - Dusuk,4,Kirsal / Ovacik,48,85.96491228060749,10526.0,46.621690447646586,29.82135848606792,36.90579027,31.1160655,1.299096889857052,8.5358836856616,1.464726714055692,2.370893051529924,0.9705730234031588,-1.432775147957602
serik_akcapinar,AKÇAPINAR,Serik,16.542438843529006,15.211267605526682,E - Dusuk,4,Kirsal / Ovacik,48,36.732456140310596,445.0,0.1506664201764032,154.2231350286291,37.15760152,30.91411846,-0.3668814201437033,-3.700736528079029,-2.3698403898982177,0.0635197414289684,-1.5019385239242442,0.3016466808061335
serik_alacami,ALACAMİ,Serik,27.475908079950493,29.40845070401825,E - Dusuk,4,Kirsal / Ovacik,48,53.94736842099348,870.0,0.2576944502729918,131.34062061653594,37.01727418,31.06032941,0.0407567447552729,-2.2926707179381287,-1.5283190416743202,0.1286640102369811,-1.080497749022597,-0.2772353544264543
serik_asagikocayatak,AŞAĞIKOCAYATAK,Serik,31.719199406838378,35.492957746228925,E - Dusuk,4,Kirsal / Ovacik,48,59.649122806952136,1451.0,1.7307988956637643,6.442504521589061,36.9107079,30.95436033,0.3305563187902657,2.9616471382281664,-3.1598826126879405,-0.3304015182777226,-0.435606273870837,-1.4774089989358563
serik_asagioba,AŞAĞIOBA,Serik,20.148332097774805,19.94366197169054,E - Dusuk,4,Kirsal / Ovacik,48,42.32456140346236,672.0,0.5773867201676163,35.41643485235389,37.06826605,30.92026422,-0.1124200093783069,-0.8482034390963897,-5.725778026442799,-0.6175893015390754,6.846584732388808,0.203913200111527
serik_asagicatma,AŞAĞIÇATMA,Serik,4.747924388427055,1.3521126760468163,E - Dusuk,4,Kirsal / Ovacik,48,15.679824561386315,209.0,0.0,10.154848016335691,36.90998035,31.04605924,-0.866799409339609,1.2142201185712014,-4.419546055332049,-0.2172208466912729,0.8304048307179482,-3.1419866390233246
serik_belek,BELEK,Serik,58.77452152992547,55.63636363383471,D - Orta,3,Turistik Sahil Kasabasi,72,85.19736842095922,10316.0,30.90839433143426,6.320614927073818,36.85330322,31.07788744,1.290366174943475,10.090149796517066,0.8025921766677728,2.989839427642817,10.66485900262646,-16.633830592470996
serik_belkis,BELKIS,Serik,33.78295033344028,38.53521126733426,E - Dusuk,4,Kirsal / Ovacik,48,62.28070175431768,1623.0,2.8971044749143,23.60708200465169,36.93169159,31.15702839,0.3916855563893326,1.4366442927244087,-3.6262524190456498,0.7745123991723221,7.1253442698049545,-1.1094841763730712
serik_belpinar,BELPINAR,Serik,25.65111193466692,26.70422535192462,E - Dusuk,4,Kirsal / Ovacik,48,51.64473684204863,947.0,1.1204368807485414,33.31182686465077,36.93558294,31.1189063,0.0900392664454056,2.5980457074854058,-5.494328889905898,0.4196431592068509,0.5388722359477633,-3.6782268919629137
serik_berendi,BERENDİ,Serik,10.134358784255454,6.76056338023408,E - Dusuk,4,Kirsal / Ovacik,48,26.864035087689842,236.0,0.2016547791174377,31.599494962391745,36.991271,31.0233138,-0.7834246560087115,-0.7092606904545931,-2.406758549118199,-1.2418989723489773,0.4334344359890124,-1.9031198732088528
serik_bozdogan,BOZDOĞAN,Serik,4.279119189718081,6.185567010293337,F - En Dusuk,5,Daglık / Yukari Yerlesim,40,6.798245614027633,139.0,0.1043071771265208,740.0325628551695,37.29085607,30.92065189,-1.155348440465683,-7.642474213875504,-2.0635057373260115,-1.6069027736328303,-2.9102788340948025,0.4379916847640307
serik_bogazkent,BOĞAZKENT,Serik,38.359090908591554,22.909090908049585,D - Orta,3,Turistik Sahil Kasabasi,72,70.83333333325567,4102.0,8.354591263171443,3.351757414449292,36.85174609,31.15304679,0.8672392480281252,4.760497704487729,-2.9407232256105105,2.5502351400798378,10.491849929117356,-5.941177581339732
serik_burmahanci,BURMAHANCI,Serik,26.223239436516806,27.71830985895973,E - Dusuk,4,Kirsal / Ovacik,48,52.08333333327623,1199.0,0.4671677611888236,18.8453022481543,36.94086051,31.06803128,0.2245491495407473,1.585993471099602,-4.240301727946541,0.1853245345191158,1.2911542918102423,-1.76112873269518
serik_bugus,BÜĞÜŞ,Serik,13.385507783498845,11.154929577386234,E - Dusuk,4,Kirsal / Ovacik,48,31.688596491193323,415.0,0.1830915167383638,100.3976776549194,37.04465306,31.00322575,-0.4112140416605434,-3.1487912134283778,-2.753026881723338,-0.9147639532373248,-1.0285869103315712,0.0627800413276205
serik_bilginler,BİLGİNLER,Serik,14.037101556661629,11.830985915409642,E - Dusuk,4,Kirsal / Ovacik,48,33.00438596487609,469.0,0.0597114491986634,166.83369943534407,37.01251606,31.1084522,-0.3337570629798911,-1.775886408147432,-3.168303044518633,0.0729372384718961,-1.434692411354055,0.0923246150067585
serik_cumali,CUMALI,Serik,38.94518161585068,44.28169014053323,E - Dusuk,4,Kirsal / Ovacik,48,72.03947368413154,1942.0,5.9651906562657135,14.524813005300894,36.91191494,31.06378559,0.4879061456019788,5.42844914559485,0.7590587331763996,0.5617414653872866,0.767901048861506,-3.401790944217207
serik_cumhuriyet,CUMHURİYET,Serik,42.49206819849519,46.30985915460346,E - Dusuk,4,Kirsal / Ovacik,48,82.0175438595592,5084.0,57.92171108457438,41.83921083403585,36.92405495,31.11385787,0.9699536852341504,7.9812288500875646,2.013054371427499,1.3493421899522478,0.5928992603713757,1.205494100019901
serik_demirciler,DEMİRCİLER,Serik,6.183012298775452,8.969072164925338,F - En Dusuk,5,Daglık / Yukari Yerlesim,40,9.75877192981386,166.0,0.0788170444380742,908.3816284314084,37.20185279,31.05057493,-1.0281097493733349,-7.962252489352701,-1.7311396271341897,-2.195003653978996,-5.52640532547366,0.4140077496721014
serik_deniztepesi,DENİZTEPESİ,Serik,29.53228317260223,32.11267605611188,E - Dusuk,4,Kirsal / Ovacik,48,57.1271929823935,956.0,0.2134581887278621,151.87084491057263,36.99378058,31.13909945,0.0955050753311879,-0.8032499482028508,-1.700190733683393,0.7081735026064506,-1.1546159941772205,-0.1183226102035619
serik_dorumlar,DORUMLAR,Serik,14.218161601137917,12.169014084421345,E - Dusuk,4,Kirsal / Ovacik,48,33.11403508768299,350.0,0.3676836244192666,59.24924883364911,37.13438124,30.88945341,-0.5209588268536437,-2.8100848995229866,-2.5624220510827262,-0.372524399151238,-0.7663960853937689,-0.5337742403882144
serik_dikmen,DİKMEN,Serik,29.77123795392056,32.45070422512359,E - Dusuk,4,Kirsal / Ovacik,48,57.45614035081419,773.0,2.133903284674648,11.117951969272656,36.91338163,31.00895057,-0.0287786229719441,3.218719126329757,-3.23859618682143,0.4329434096416309,1.228805085886022,1.358918572944411
serik_eminceler,EMİNCELER,Serik,22.943143068852393,23.32394366180758,E - Dusuk,4,Kirsal / Ovacik,48,47.14912280696585,613.0,1.2161127468551434,5.427040351627097,36.88670215,31.05141401,-0.1680758320078465,1.9465450045621857,-4.953810720348983,0.7428187677316058,4.454466509191649,-1.5377856926850977
serik_eskiyuruk,ESKİYÜRÜK,Serik,19.040400296446222,18.253521126632016,E - Dusuk,4,Kirsal / Ovacik,48,41.0087719297796,662.0,0.4412393471952106,29.257551632457545,36.96863941,30.98312924,-0.121458965395819,-0.1207239966761539,-3.878264511823838,-0.9820765042170108,-3.4901461980785258,-0.1368561957167774
serik_gebiz,GEBİZ,Serik,34.61560415107936,39.54929577436938,E - Dusuk,4,Kirsal / Ovacik,48,63.70614035080734,2163.0,1.4932831256818964,91.5207215732437,37.10551994,30.9389911,0.5447091173381974,-0.5934719451599808,-3.136332319528784,0.8877874831194429,0.8338106771864797,0.4542820933568079
serik_gedik,GEDİK,Serik,18.80144551512789,17.915492957620316,E - Dusuk,4,Kirsal / Ovacik,48,40.6798245613589,1647.0,0.0,23.46863198124514,36.89897844,31.09061083,0.3996349683009178,-1.211293871938688,-6.3402537609687855,-2.8469033301767186,0.3989849026338755,-0.3542130559284357
serik_gokcepinar,GÖKÇEPINAR,Serik,11.336136733563329,16.18556701026756,F - En Dusuk,5,Daglık / Yukari Yerlesim,40,18.421052631558748,224.0,0.119962580072398,436.7866991849309,37.05893707,31.06304184,-0.8190922266892611,-4.499586986567079,-3.33683507338374,-0.1763935009421086,-2.2388570027345263,-0.063879194610589
serik_haciosmanlar,HACIOSMANLAR,Serik,7.252705707914805,3.38028169011704,E - Dusuk,4,Kirsal / Ovacik,48,21.71052631576567,277.0,0.0967048686356229,167.95854824917873,37.15455145,30.94247985,-0.6752834195460737,-4.909230492722828,-3.882763775638334,-0.085111369371472,-1.1720970171773382,0.3852757178084208
serik_hasdumen,HASDÜMEN,Serik,11.759224091131633,16.804123711296896,F - En Dusuk,5,Daglık / Yukari Yerlesim,40,19.078947368400133,277.0,0.0548769720708726,1025.1398190619427,37.2662735,31.01978575,-0.6752834195460737,-7.91231696672129,-2.0389273454384247,-0.4645591643941811,-4.659415755764683,0.6357009208209488
serik_haskiziloren,HASKIZILÖREN,Serik,16.635851871914145,23.2989690721049,F - En Dusuk,5,Daglık / Yukari Yerlesim,40,27.960526315758816,381.0,0.1693450435556392,1112.9826057143575,37.30579703,30.98089665,-0.4660084753758037,-6.1599558328743536,-2.454044567537806,-0.0058341140140508,-3.045997407446058,0.4066583500390396
serik_haspinar,HASPINAR,Serik,1.8310600444744787,0.33802816901170407,E - Dusuk,4,Kirsal / Ovacik,48,6.359649122800044,186.0,0.0277188767047178,381.259306995897,37.2062521,30.95764373,-0.9479119248744172,-7.383648542440808,-2.722338071789961,-0.6939884356543999,-2.3618121196792754,0.3358496147896243
serik_kadriye,KADRİYE,Serik,60.507775118374994,58.909090906413226,D - Orta,3,Turistik Sahil Kasabasi,72,85.8552631578006,11277.0,23.287408781665487,8.749520929785795,36.87321557,31.00045715,1.328794242179029,9.368968197671071,1.6925586452764048,2.7387649003930488,10.66346736836151,-6.913316292819893
serik_karadayi,KARADAYI,Serik,33.36293550764567,37.859154929310854,E - Dusuk,4,Kirsal / Ovacik,48,61.84210526309008,2373.0,0.8461424810862477,10.462694627411208,36.8763968,31.1155621,0.5929586746229157,1.9743078942584469,-5.011648555076896,1.0197586149080593,4.303500878185507,-1.577406970229192
serik_karincali,KARINCALI,Serik,15.202928094832256,13.52112676046816,E - Dusuk,4,Kirsal / Ovacik,48,34.539473684172656,368.0,0.3847997925159519,12.2935270239087,36.94979053,31.01825402,-0.488420812199683,-0.345065052019751,-2.850025211151784,-0.7116071749209474,1.073274934048089,-1.2973362059419062
serik_kayaburnu,KAYABURNU,Serik,29.025426241544555,31.436619718088473,E - Dusuk,4,Kirsal / Ovacik,48,56.359649122745225,957.0,1.5667607435276758,27.64186154514361,36.93542716,31.00570229,0.0961088288767197,4.066080418818748,-3.8386598225058153,0.5318247657887748,0.3270447129569948,-1.8964251119504063
serik_kirbas,KIRBAŞ,Serik,8.874314306871604,4.732394366163857,E - Dusuk,4,Kirsal / Ovacik,48,25.548245614007076,186.0,0.1785667624518621,84.99202764551806,37.16316443,30.83580571,-0.9479119248744172,-4.106792667864463,-1.9544913977288827,-0.6404785820862141,4.762741080660803,0.0113096483257954
serik_kozan,KOZAN,Serik,12.487583395067567,9.802816901339417,E - Dusuk,4,Kirsal / Ovacik,48,30.592105263124353,358.0,0.0456938984023585,340.2024636937798,37.22748235,30.8817227,-0.5062719096451633,-5.5791902292086,-1.5802564185212478,-0.2272717757185807,-4.070100194435941,0.3206165503122518
serik_kozagaci,KOZAĞACI,Serik,34.40559673818205,39.21126760535767,E - Dusuk,4,Kirsal / Ovacik,48,63.48684210519354,989.0,3.083857193689954,7.517672264915952,36.92482564,30.93288283,0.1150645197491243,3.2635999727120417,-1.0808089518764423,-0.5798870027657194,1.505099245296879,-2.8264623250967347
serik_kuslar,KUŞLAR,Serik,8.374833209764086,4.394366197152153,E - Dusuk,4,Kirsal / Ovacik,48,24.232456140324306,256.0,0.0,49.33984114658716,36.99589414,31.07915052,-0.7282562672162748,-0.8260498338716276,-2.405811747462189,-0.4205183761051367,0.2485514950748993,-1.2996715678741473
serik_kokez,KÖKEZ,Serik,44.21471460323574,46.985915492626866,E - Dusuk,4,Kirsal / Ovacik,48,87.39035087709716,15307.0,44.661014921564096,39.79601960997462,36.93099599,31.10105546,1.457523291035682,8.584654621829317,0.8978472220752147,2.4477032982678955,0.9176988494500276,-2.0656323436726343
serik_kurus,KÜRÜŞ,Serik,38.235693105845854,43.60563380250983,E - Dusuk,4,Kirsal / Ovacik,48,70.50438596483497,1617.0,4.244759932296079,16.66921742584439,36.90576201,31.13600293,0.3896776206370753,3.750447046898364,-0.8899519036095813,0.8941825396416633,5.060143578894284,0.1540595172768777
serik_merkez,MERKEZ,Serik,45.50315048166099,47.66197183065027,E - Dusuk,4,Kirsal / Ovacik,48,91.11842105253167,18419.0,55.83555443884447,23.256683508885533,36.92232982,31.07950803,1.5332183604355452,9.744698465623836,3.764020517239219,2.3428597747884496,1.1269587115644788,-0.3869749685640771
serik_nebiler,NEBİLER,Serik,13.117605633759492,10.81690140837453,E - Dusuk,4,Kirsal / Ovacik,48,31.249999999965734,404.0,0.4260641778340751,33.171830181550284,37.02353683,30.9330503,-0.4283748484754903,-0.2615805942195812,-6.134527752609214,-1.3781117225497774,8.54107372570912,-0.935948103818638
serik_orta,ORTA,Serik,46.43684210508382,47.99999999966198,E - Dusuk,4,Kirsal / Ovacik,48,94.0789473683179,16428.0,77.6240990287171,28.31159018414085,36.90599857,31.09410948,1.4866301003095923,11.611402294338331,2.319000354767376,2.5788288816413174,1.501944820564567,1.562831335562053
serik_pinarcik,PINARCIK,Serik,21.755744996210908,21.971830985760764,E - Dusuk,4,Kirsal / Ovacik,48,44.9561403508279,713.0,0.2657145229593954,36.87289385244321,36.99857275,31.03921623,-0.0768726237597882,0.1167950903787808,-2.810225298292385,-0.6262786710202987,0.4249446078489868,-1.841628287512452
serik_sariabali,SARIABALI,Serik,26.520088954677178,28.05633802797144,E - Dusuk,4,Kirsal / Ovacik,48,52.63157894731071,1102.0,0.7552961365092025,80.28208391595007,36.96372353,31.159104,0.1768913994304387,-0.1057405955108654,-5.63637643521596,0.6866789476959433,7.299418698332004,-0.7804311619865127
serik_tekke,TEKKE,Serik,23.50789473675212,23.99999999983099,E - Dusuk,4,Kirsal / Ovacik,48,48.13596491222793,991.0,0.3360662012777102,70.48260425001968,37.02672778,30.97171946,0.1162263722453195,0.0994820849425985,-4.079087847196427,-0.6716396972879745,0.2113897451928878,0.0679359475997709
serik_tonguslu,TÖNGÜŞLÜ,Serik,24.521608598867473,25.3521126758778,E - Dusuk,4,Kirsal / Ovacik,48,49.67105263152448,826.0,0.4881531444695444,109.3138562807682,37.07182869,30.97819522,0.01035014494123,-1.5189423668732125,-2.2006423653443044,-1.1405373041681894,-0.7766053366645836,-0.0398590948056928
serik_yankoy,YANKÖY,Serik,25.288991845714342,26.028169013901213,E - Dusuk,4,Kirsal / Ovacik,48,51.42543859643484,701.0,0.2608489354689731,43.23294529728387,36.99959106,30.99516919,-0.0870349873164046,-1.000156859637207,-1.5377880314713788,-0.2843214307318789,0.2100581884969128,-0.6792445431217582
serik_yeni,YENİ,Serik,45.03261675297449,47.323943661638566,E - Dusuk,4,Kirsal / Ovacik,48,89.9122807016558,7885.0,111.21769473523236,37.02811313946358,36.91739977,31.11567592,1.171888578436294,10.648060857297711,6.619963260013202,1.8260099757289057,1.025172540802983,9.16024796458405
serik_yesilyurt,YEŞİLYURT,Serik,24.195811712286087,25.014084506866098,E - Dusuk,4,Kirsal / Ovacik,48,49.013157894683104,583.0,0.7283691479727082,39.24230213574018,36.97244433,31.08812905,-0.1987241545550546,0.393340979111617,-2.2663936241283995,0.4261102763865195,0.5283624138634012,-1.4031772535852125
serik_yukarikocayatak,YUKARIKOCAYATAK,Serik,36.72249814662298,41.915492957451306,E - Dusuk,4,Kirsal / Ovacik,48,67.65350877185564,4325.0,2.425899332545246,15.79094346448884,36.93786414,30.96117738,0.8928214407030387,5.014038929168215,-4.2210514938751285,1.5293910984474135,2.200116408892732,-2.632105398053194
serik_yukaricatma,YUKARIÇATMA,Serik,6.485322461067938,2.7042253520936326,E - Dusuk,4,Kirsal / Ovacik,48,19.95614035085531,290.0,0.0,56.95450532377463,37.03715959,30.94671486,-0.6446911740181002,0.613625856652579,-3.348038100514952,-1.9510599247821867,-0.1697965006473138,-1.2712331753925965
serik_yumaklar,YUMAKLAR,Serik,23.292028395685108,31.443298968991126,F - En Dusuk,5,Daglık / Yukari Yerlesim,40,41.557017543814084,778.0,0.0471551548535792,528.8630350779466,37.1319745,31.00765141,-0.0249607618432295,-5.29053428562417,-1.7758144003427154,-0.8168324000672739,-5.412061770481274,0.2968597985647675
serik_zirlankaya,ZIRLANKAYA,Serik,19.96727205329852,19.605633802678835,E - Dusuk,4,Kirsal / Ovacik,48,42.21491228065546,510.0,0.1731726475881206,56.932401603374274,37.02522967,31.02392411,-0.2813327347111,-0.4170227279169215,-2.0720694555403187,-0.978668564937462,0.092997882371136,0.242424297774032
serik_cakallik,ÇAKALLIK,Serik,31.509191993941073,35.154929577217224,E - Dusuk,4,Kirsal / Ovacik,48,59.42982456133834,1692.0,0.9603058638196657,6.683775549620262,36.89993634,30.97975139,0.4141962743085762,3.209067725880556,-4.421038674875834,0.2781691138118716,-1.8002780231671267,-1.4550486982366897
serik_canakci,ÇANAKÇI,Serik,19.518309859082883,18.929577464655427,E - Dusuk,4,Kirsal / Ovacik,48,41.666666666620976,382.0,1.0488811846623505,18.423828567042666,36.97239884,31.01099609,-0.4643199712579481,-0.5772520356920277,-2.199636627497855,-1.862132867696207,2.457963733138367,1.1261323216973649
serik_candir,ÇANDIR,Serik,36.2809117863575,41.5774647884396,E - Dusuk,4,Kirsal / Ovacik,48,66.55701754378667,1814.0,2.7491232112414865,16.821794374395218,36.95448405,31.04586603,0.4515886331916494,2.325496076127389,-2.15110660931088,0.7978404062236435,1.581098864532998,-1.8760711945485224
serik_catallar,ÇATALLAR,Serik,9.084321719768912,5.0704225351755605,E - Dusuk,4,Kirsal / Ovacik,48,25.76754385962087,308.0,0.1789873023722887,47.91095422529459,37.12465319,30.86721711,-0.6047717952953331,-3.5772512738783537,-4.301779427970683,-0.6452653884228287,4.780910373515171,-0.9069419143575224
serik_urundu,ÜRÜNDÜ,Serik,27.265900667053184,29.07042253500655,E - Dusuk,4,Kirsal / Ovacik,48,53.728070175379685,857.0,0.3114258727009374,41.63959888543573,36.95756684,31.10805066,0.0319554548858254,2.081579174499724,-2.292782886220502,0.4686391030743956,0.279083673966966,-0.5798557295184299
serik_satirli,ŞATIRLI,Serik,28.60541141574994,30.760563380065072,E - Dusuk,4,Kirsal / Ovacik,48,55.92105263151763,1373.0,0.3306976182000095,25.76419135021808,36.97477425,30.9552162,0.3001006296335712,1.209728197061062,-4.040619047749664,0.1931877081334994,0.4714433460104419,0.7580854574427978
ibradi_aydinyayla,AYDINYAYLA,İbradı,4.561177428096951,6.597938144312892,F - En Dusuk,5,Daglık / Yukari Yerlesim,40,7.2368421052552225,101.0,0.0350840914800845,1459.1083944703855,37.16459802,31.5663456,-1.3907429227233528,-7.149566947690889,-0.6019958293305369,-3.046170415802263,-2.9223997885472697,0.56443994349694
ibradi_asagi,AŞAĞI,İbradı,27.394827274317898,35.3608247421769,F - En Dusuk,5,Daglık / Yukari Yerlesim,40,52.19298245608313,630.0,1.562288720652541,1066.3936568922777,37.09502768,31.59095616,-0.1514444885363519,-3.751906469811641,-1.715764197475577,-0.1234514770554042,-2.339666362638862,0.1116861919537054
ibradi_duzlen,DÜZLEN,İbradı,0.0,0.0,F - En Dusuk,5,Daglık / Yukari Yerlesim,40,0.0,77.0,0.0,612.6607302826869,37.06812905,31.64718084,-1.5973222533556863,-7.34985217828734,-2.802407869285831,-2.89980551177172,-2.9042588709354304,0.0830943986498367
akseki_kuyucak,KUYUCAK,Akseki,15.856483993456585,22.371134020560902,F - En Dusuk,5,Daglık / Yukari Yerlesim,40,26.315789473655354,356.0,0.0154907536595033,1577.739774689634,37.26172893,31.56964662,-0.5099089995765829,-5.916574424872193,-2.1206233982989597,-0.6915847137970057,-6.361337883865696,0.7670453593818329
ibradi_ormana,ORMANA,İbradı,27.30018990770566,35.25773195867202,F - En Dusuk,5,Daglık / Yukari Yerlesim,40,51.97368421046933,761.0,0.2269131959200805,1196.181525143982,37.05487156,31.54368049,-0.0380554128926255,-5.657833865920431,0.5932852707118841,0.3180048370899441,-5.781898746938002,0.380257527858217
manavgat_sirtkoy,SIRTKÖY,Manavgat,8.417209260246727,12.164948453576894,F - En Dusuk,5,Daglık / Yukari Yerlesim,40,13.377192982441471,232.0,0.0432581783046739,862.9693888527547,37.01737988,31.45391523,-0.795084484641004,-7.353901835079606,-2.312047326871584,-0.3759556110708258,-2.821576453003643,0.2937933078917036
ibradi_yukari,YUKARI,İbradı,25.20889853494732,33.50515463908891,F - En Dusuk,5,Daglık / Yukari Yerlesim,40,46.05263157889687,744.0,0.2826555774153751,1312.8165539342574,37.12220251,31.63061114,-0.0514816598657702,-5.730761038812964,-1.7753980172703674,-0.7311852262289321,-3.482512680008957,0.5083415049450862
ibradi_cukurviran,ÇUKURVİRAN,İbradı,4.349633749312799,6.288659793798226,F - En Dusuk,5,Daglık / Yukari Yerlesim,40,6.907894736834532,148.0,0.025483392562259,1210.7401518943427,37.14313182,31.52485401,-1.11008583392757,-7.04085347310444,-2.075546543960308,-0.8745988516312879,-5.0260229635465095,0.3775585318839554
ibradi_uzumdere,ÜZÜMDERE,İbradı,9.593687827797241,13.814432989655119,F - En Dusuk,5,Daglık / Yukari Yerlesim,40,15.350877192965623,119.0,0.3454618263242487,785.3962133255648,37.11786784,31.68365211,-1.2688109717226026,-7.313888409955744,0.6560144193030089,-2.2619738038302564,-3.293023599877118,0.4217561161682857
kemer_goynuk,GÖYNÜK,Kemer,53.15411147891096,23.907284768053593,A - En Iyi,0,Sehir Merkezi,95,81.14035087710401,8450.0,21.263287339661524,95.97098651242116,36.66181309,30.54378039,1.202767103884439,5.554149261327373,0.168260254555326,2.909532241434132,6.802880741242076,-12.146761073145592
kemer_arslanbucak,ARSLANBUCAK,Kemer,36.9605263157223,39.99999999989691,F - En Dusuk,5,Daglık / Yukari Yerlesim,40,86.18421052622129,11961.0,15.104790361317123,348.02942632090486,36.60325215,30.52327751,1.3539742203221707,5.136653549088646,2.522639064058876,2.229068651037105,-0.658262817288019,1.057612538784002
konyaalti_hisarcandir,HİSARÇANDIR,Konyaaltı,28.786557243568232,37.11340206176002,F - En Dusuk,5,Daglık / Yukari Yerlesim,40,54.934210526255555,901.0,0.3451132566802278,834.6565204040397,36.77643554,30.48908382,0.061163575100251,-5.19268982116726,-0.7390431653583546,1.2943327534454143,-3.962460015934732,-0.1243193495506375
gundogmus_balkaya,BALKAYA,Gündoğmuş,11.688709531536915,16.701030927792008,F - En Dusuk,5,Daglık / Yukari Yerlesim,40,18.969298245593237,322.0,0.0543258388846644,1223.9128341703436,36.73785097,32.09617841,-0.5754846301321551,-7.249138972646183,-2.2670645023697955,-1.217389210533827,-5.028062800046527,0.5938829454590957
gundogmus_calti,ÇALTI,Gündoğmuş,9.35802134199557,13.50515463914045,F - En Dusuk,5,Daglık / Yukari Yerlesim,40,14.912280701738034,217.0,0.0860341187799088,1411.3076864610507,36.69969932,32.17970424,-0.8408973419653382,-7.192388363933402,-1.9539815395556976,-1.529566421141586,-3.1644139119463808,0.6497857601671269
alanya_dere,DERE,Alanya,22.065450352641722,29.89690721641779,F - En Dusuk,5,Daglık / Yukari Yerlesim,40,39.14473684206234,899.0,0.2735661993190454,1186.848136071702,36.67529969,32.0824176,0.0598708852603948,-5.587493501591189,-5.252904111734991,-0.0699619418585743,-3.5496330148221835,0.3869334984549611
alanya_ugurlu,UĞURLU,Alanya,6.041983179586017,8.76288659791556,F - En Dusuk,5,Daglık / Yukari Yerlesim,40,9.539473684200066,214.0,0.0222741214201115,1633.852847407415,36.63205831,32.21316375,-0.8504838499786904,-6.663179971091914,-2.4645945583816022,-1.5889741774795318,-6.644627977220055,0.7039024570126208
kas_yaylakilincli,YAYLAKILINÇLI,Kaş,22.13596491223644,29.99999999992268,F - En Dusuk,5,Daglık / Yukari Yerlesim,40,39.254385964869236,326.0,0.3784767286250418,1210.7819551643563,36.56065532,29.71099964,-0.5673775974671798,-3.285742768233296,-1.7424527438334374,-0.4352474068216159,0.1014109132778275,1.16792221953097
kas_gombe,GÖMBE,Kaş,32.126672996863974,39.1752577318578,F - En Dusuk,5,Daglık / Yukari Yerlesim,40,65.89912280694529,1207.0,2.3840205173140303,1276.3389979979231,36.53787657,29.68507469,0.228285494143938,-0.5654599563073552,-0.7220119805941079,-0.4292603366520083,9.43781760173655,2.4361846773284817
kas_cesme,ÇEŞME,Kaş,3.4088216675639544,4.9484536082346695,F - En Dusuk,5,Daglık / Yukari Yerlesim,40,5.372807017537968,153.0,0.0,1367.6742180538845,36.43725616,29.7146615,-1.086245044271026,-6.292170669809551,-2.636275046317472,-1.946079151803898,-0.8924199838791935,0.6709717004386445
elmali_afsar,AFŞAR,Elmalı,15.644940314672432,22.061855670046235,F - En Dusuk,5,Daglık / Yukari Yerlesim,40,25.986842105234665,279.0,0.0964742333723282,1525.5677690076036,36.54006251,29.75999482,-0.6704737803780492,-5.140413658748374,-2.13379307903654,-1.5670525244022768,-2.1100079247395187,0.6609521618218757
kas_ortabag,ORTABAĞ,Kaş,12.86518809908743,18.35051546387023,F - En Dusuk,5,Daglık / Yukari Yerlesim,40,20.942982456117388,234.0,0.0135565614584409,1215.4556164775177,36.45737518,29.76985811,-0.7892267653436076,-6.483782601058048,-0.5188548535086245,-1.9844419822625197,-2.9962082696413432,0.6612533886575918
ibradi_baslar,BAŞLAR,İbradı,14.32557876647465,20.309278350463124,F - En Dusuk,5,Daglık / Yukari Yerlesim,40,23.574561403482925,345.0,0.0283082167500709,1337.4862058962487,37.16719426,31.43864313,-0.5303299713727623,-6.465781365956513,-2.243174460786904,-0.6965181726351092,-7.34778854672089,0.5936444443877202
serik_etler,ETLER,Serik,21.145053354994726,28.76288659786401,F - En Dusuk,5,Daglık / Yukari Yerlesim,40,37.28070175434509,674.0,0.1448744540919294,979.4316051880636,37.14151363,31.06828182,-0.1106302835629976,-7.706075675464805,-0.9195315144693552,-2.1416040719248306,-2.781702866005058,0.342838584831203
akseki_bogaz,BOĞAZ,Akseki,24.804372400023027,33.19587628857424,F - En Dusuk,5,Daglık / Yukari Yerlesim,40,44.846491228021,405.0,0.2625144530613563,1435.776530260464,37.08329221,31.79622451,-0.4267933107230631,-5.778977200675742,4.743912577547077,-0.3118376314309187,-8.199241674178168,0.8334295911817151
konyaalti_liman,LİMAN,Konyaaltı,65.82643487840707,43.41059602620258,A - En Iyi,0,Sehir Merkezi,95,88.59649122797303,17395.0,12.51777330504804,346.9479174186947,36.78191959,30.55827977,1.510003774756901,6.697979809240128,1.2553296037733466,2.746087605143962,6.657550872127472,0.8507985436145178
kemer_beldibi,BELDİBİ,Kemer,40.50889547796543,45.633802816580044,E - Dusuk,4,Kirsal / Ovacik,48,75.65789473675915,4248.0,8.204105061837506,391.59276048652015,36.70528296,30.54184191,0.8841586440430946,1.637351234504927,0.6224214068482359,2.150357826488312,4.777591746214158,-3.8545598595541226
kepez_duraliler,DURALİLER,Kepez,44.76635526295992,27.039999999639466,B - Iyi,1,Sehir Siniri,78,75.98684210517985,3759.0,11.836932595497869,50.98263744730666,36.90928272,30.61262226,0.8246825108172252,3.25315986630312,2.775560077321699,1.011049048068546,-2.0348308691135184,-3.6088524219465294
gazipasa_sahinler,ŞAHİNLER,Gazipaşa,10.488108156968885,15.051546391713785,F - En Dusuk,5,Daglık / Yukari Yerlesim,40,16.885964912262185,155.0,0.1252140220672184,1713.5975995379292,36.47810388,32.50376252,-1.0769505927728558,-6.310979836368422,-1.9803059357421429,0.386221714823576,-5.812330273104445,0.507097247846537
dosemealti_yenikoy,YENİKÖY,Döşemealtı,66.60293421010395,63.439999999154125,B - Iyi,1,Sehir Siniri,78,88.70614035077993,24589.0,29.04256565718289,302.4374913431634,37.04882361,30.59772442,1.6419212779358134,8.605954636522139,2.3093816643046834,3.4223583216789697,-2.748743520278756,-10.279288469110083
dosemealti_komurculer,KÖMÜRCÜLER,Döşemealtı,52.03113157867844,38.479999999486935,B - Iyi,1,Sehir Siniri,78,80.92105263149023,7815.0,26.70543442348153,304.1075961737129,37.08590929,30.60391607,1.167890966303056,7.175839269347534,0.3005326921415934,2.1002575233039864,1.4767447136685443,-13.20900901347891
dosemealti_ciplakli,ÇIPLAKLI,Döşemealtı,52.640249999724674,39.519999999473065,B - Iyi,1,Sehir Siniri,78,81.24999999991091,7945.0,19.96502193615873,303.32524901887354,37.04876715,30.62788187,1.1752835769651742,6.913207291467829,0.9636714835377348,2.947260131204545,-3.757291974418622,-10.040546625637097
kepez_baskoy,BAŞKÖY,Kepez,23.746849518070448,24.33802816884269,E - Dusuk,4,Kirsal / Ovacik,48,48.46491228064861,863.0,0.9074640734973304,304.6670784397754,37.06733822,30.66048827,0.0360360287222435,-1.50138593409307,-3.861618131468724,0.5663846160592189,-0.7639965128512831,-1.787584721205695
korkuteli_kucuklu,KÜÇÜKLÜ,Korkuteli,19.825691806796943,27.0103092782809,F - En Dusuk,5,Daglık / Yukari Yerlesim,40,34.86842105259335,427.0,0.2194026864249999,1498.713820599662,36.9749058,29.77183282,-0.393063838067334,-4.615188395147841,-1.857787598322433,-2.57010026966556,-1.8067004302862009,0.2086456876467573
kemer_yeni,YENİ,Kemer,46.67973923832656,13.21192052971383,A - En Iyi,0,Sehir Merkezi,95,77.96052631570399,3366.0,20.80566438961188,340.09264592849564,36.62291554,30.53399578,0.7702197228415232,4.360177976549725,4.087309573421444,2.1160389707985563,-1.1845000117179978,-4.9105102161363785
kemer_merkez,MERKEZ,Kemer,54.289907560582726,25.79470198658414,A - En Iyi,0,Sehir Merkezi,95,81.6885964911385,4702.0,50.49639468540571,70.04401154163668,36.61428718,30.55977547,0.9328788835348116,7.113447669499926,4.336479074869775,2.354538944999648,7.826506397972513,-14.538215745789238
